"dataset_version","run_id","case_id","provider","player_source","native_track_id","isrc","source_title","source_artist","source_album","source_duration_seconds","source_version_hints","top_candidate_id","top_title","top_artist","top_album","top_duration_seconds","top_version_hints","top_score","second_candidate_id","second_title","second_artist","second_album","second_duration_seconds","second_version_hints","second_score","old_decision","human_label"
"v1","32","32:1:Kugou","Kugou","apple_music_catalog","1844932150","","Choosin' Texas","Ella Langley","Choosin' Texas - Single","232.0","","b1f175ae80de3ef4f518","Choosin' Texas","Ella Langley","","232.0","","95","1855157561f84eda8b44","Choosin' Texas","Ella Langley","","231.0","","95","ambiguous_gap","uncertain"
"v1","32","32:1:LRCLIB","LRCLIB","apple_music_catalog","1844932150","","Choosin' Texas","Ella Langley","Choosin' Texas - Single","232.0","","5e170cfe9329946c910f","Choosin' Texas","Ella Langley","","194.0","","0","","","","","","","","below_threshold","uncertain"
"v1","32","32:1:QQ","QQ","apple_music_catalog","1844932150","","Choosin' Texas","Ella Langley","Choosin' Texas - Single","232.0","","","","","","","","","","","","","","","","no_candidates","uncertain"
"v1","32","32:2:QQ","QQ","apple_music_catalog","6769568596","","Janice STFU","Drake","ICEMAN","237.0","","","","","","","","","","","","","","","","no_candidates","uncertain"
"v1","32","32:3:Kugou","Kugou","apple_music_catalog","6784327277","","California Girls","Future","The Real Me","150.0","","","","","","","","","","","","","","","","no_candidates","uncertain"
"v1","32","32:3:QQ","QQ","apple_music_catalog","6784327277","","California Girls","Future","The Real Me","150.0","","","","","","","","","","","","","","","","no_candidates","uncertain"
"v1","32","32:4:QQ","QQ","apple_music_catalog","6784327292","","Konnichiwa","Future","The Real Me","154.0","","","","","","","","","","","","","","","","no_candidates","uncertain"
"v1","32","32:5:LRCLIB","LRCLIB","apple_music_catalog","1869436845","","Be Her","Ella Langley","Dandelion","217.0","","d171fb687ed1c62dce35","be her","ella langley","","297.0","","0","","","","","","","","below_threshold","uncertain"
"v1","32","32:5:QQ","QQ","apple_music_catalog","1869436845","","Be Her","Ella Langley","Dandelion","217.0","","","","","","","","","","","","","","","","no_candidates","uncertain"
"v1","32","32:6:LRCLIB","LRCLIB","apple_music_catalog","6769568598","","Shabang","Drake","ICEMAN","189.0","","cc09504601f4b3285ff5","Shabang","Drake","","3419.0","","0","","","","","","","","below_threshold","uncertain"
"v1","32","32:6:QQ","QQ","apple_music_catalog","6769568598","","Shabang","Drake","ICEMAN","189.0","","","","","","","","","","","","","","","","no_candidates","uncertain"
"v1","32","32:7:QQ","QQ","apple_music_catalog","6763091996","","I Can't Love You Anymore","Ella Langley & Morgan Wallen","I Can't Love You Anymore - Single","229.0","","","","","","","","","","","","","","","","no_candidates","uncertain"
"v1","32","32:8:Kugou","Kugou","apple_music_catalog","6784327272","","F**k A Interview","Future","The Real Me","158.0","","","","","","","","","","","","","","","","no_candidates","uncertain"
"v1","32","32:8:NetEase","NetEase","apple_music_catalog","6784327272","","F**k A Interview","Future","The Real Me","158.0","","e2af019d85c1e3d4ff3a","F A INTERVIEW - 永玄 MULA SAKEE x Future Type Beat","9Red","","149.568","","0","","","","","","","","below_threshold","uncertain"
"v1","32","32:8:QQ","QQ","apple_music_catalog","6784327272","","F**k A Interview","Future","The Real Me","158.0","","","","","","","","","","","","","","","","no_candidates","uncertain"
"v1","32","32:9:Kugou","Kugou","apple_music_catalog","1889992115","","stupid song","Olivia Rodrigo","you seem pretty sad for a girl so in love","210.0","","d3d3d1d1771f38b6bb65","stupid song","Olivia Rodrigo","","209.0","","95","62960492bb371d317f86","stupid song","Olivia Rodrigo","","210.0","","95","ambiguous_gap","uncertain"
"v1","32","32:9:QQ","QQ","apple_music_catalog","1889992115","","stupid song","Olivia Rodrigo","you seem pretty sad for a girl so in love","210.0","","","","","","","","","","","","","","","","no_candidates","uncertain"
"v1","32","32:10:Kugou","Kugou","apple_music_catalog","6784327294","","Snow in Skyami","Future","The Real Me","162.0","","","","","","","","","","","","","","","","no_candidates","uncertain"
"v1","32","32:10:QQ","QQ","apple_music_catalog","6784327294","","Snow in Skyami","Future","The Real Me","162.0","","","","","","","","","","","","","","","","no_candidates","uncertain"
"v1","32","32:11:Kugou","Kugou","apple_music_catalog","6787303156","","MORNING DEW (DONK)","Beyoncé","MORNING DEW (DONK) - Single","244.0","","bc81ae04e3d72652251c","Telephone","Lady Gaga、Beyoncé","","220.0","","0","b701921142fba48518ed","Telephone","Lady Gaga、Beyoncé","","221.0","","0","below_threshold","uncertain"
"v1","32","32:11:QQ","QQ","apple_music_catalog","6787303156","","MORNING DEW (DONK)","Beyoncé","MORNING DEW (DONK) - Single","244.0","","","","","","","","","","","","","","","","no_candidates","uncertain"
"v1","32","32:12:Kugou","Kugou","apple_music_catalog","6784327274","","One Two","Future","The Real Me","120.0","","","","","","","","","","","","","","","","no_candidates","uncertain"
"v1","32","32:12:LRCLIB","LRCLIB","apple_music_catalog","6784327274","","One Two","Future","The Real Me","120.0","","2f0a870bed8ca1372106","One Two","Future","","134.0","","0","","","","","","","","below_threshold","uncertain"
"v1","32","32:12:QQ","QQ","apple_music_catalog","6784327274","","One Two","Future","The Real Me","120.0","","","","","","","","","","","","","","","","no_candidates","uncertain"
"v1","32","32:13:Kugou","Kugou","apple_music_catalog","1892189612","","Spend Dat","Yung Miami","Spend Dat - Single","181.0","","fd10a4ec973c223c6691","SPEND DAT-YUNG MIAMI (Explicit)","Foolishmadedis","","165.0","","0","","","","","","","","below_threshold","uncertain"
"v1","32","32:13:LRCLIB","LRCLIB","apple_music_catalog","1892189612","","Spend Dat","Yung Miami","Spend Dat - Single","181.0","","958759025dd79ada891a","Spend Dat","Yung Miami","","163.0","","0","","","","","","","","below_threshold","uncertain"
"v1","32","32:13:NetEase","NetEase","apple_music_catalog","1892189612","","Spend Dat","Yung Miami","Spend Dat - Single","181.0","","09874905d23a2bf0267e","Spend Dat","Yung Miami","","181.391","","95","55ec01d5bd3342317275","Spend Dat","Yung Miami","","181.697","","95","ambiguous_gap","uncertain"
"v1","32","32:13:QQ","QQ","apple_music_catalog","1892189612","","Spend Dat","Yung Miami","Spend Dat - Single","181.0","","","","","","","","","","","","","","","","no_candidates","uncertain"
"v1","32","32:14:Kugou","Kugou","apple_music_catalog","6784327509","","Radio","Future","The Real Me","160.0","","656f124637aefd62ebfe","radio future","Photography、Brojenheim","","130.0","","0","1b5f242147ee26070cf4","Radio Future (Introduction)(feat. Namo)","MCOCHET、Namo","","88.0","feat","0","below_threshold","uncertain"
"v1","32","32:14:LRCLIB","LRCLIB","apple_music_catalog","6784327509","","Radio","Future","The Real Me","160.0","","961d5078110697cda445","Radio (Paused)","Future","","160.0","","0","dc1049a3e234ca5433bb","Tony Montana (radio edit)","Future","","247.902","","0","below_threshold","uncertain"
"v1","32","32:14:QQ","QQ","apple_music_catalog","6784327509","","Radio","Future","The Real Me","160.0","","","","","","","","","","","","","","","","no_candidates","uncertain"
"v1","32","32:15:Kugou","Kugou","apple_music_catalog","1802104202","","20 Cigarettes","Morgan Wallen","I’m The Problem","161.0","","93c29d0a06100818c078","Last Night","Morgan Wallen","","163.0","","0","5ff517c6667a9b316b43","Last Night (Explicit)","Morgan Wallen","","163.0","","0","below_threshold","uncertain"
"v1","32","32:15:QQ","QQ","apple_music_catalog","1802104202","","20 Cigarettes","Morgan Wallen","I’m The Problem","161.0","","","","","","","","","","","","","","","","no_candidates","uncertain"
"v1","32","32:16:Kugou","Kugou","apple_music_catalog","6769568597","","Ran To Atlanta","Drake, Future & Molly Santana","ICEMAN","247.0","","","","","","","","","","","","","","","","no_candidates","uncertain"
"v1","32","32:16:LRCMux","LRCMux","apple_music_catalog","6769568597","","Ran To Atlanta","Drake, Future & Molly Santana","ICEMAN","247.0","","a3e08c504c9d56d4f92c","Ran To Atlanta","Drake","","247.0","","0","","","","","","","","below_threshold","uncertain"
"v1","32","32:16:QQ","QQ","apple_music_catalog","6769568597","","Ran To Atlanta","Drake, Future & Molly Santana","ICEMAN","247.0","","","","","","","","","","","","","","","","no_candidates","uncertain"
"v1","32","32:17:Kugou","Kugou","apple_music_catalog","6763656876","","hate that i made you love me","Ariana Grande","petal","198.0","","b1f4f479f80ea890f579","hate that i made you love me","Ariana Grande","","197.0","","95","23c7731cec833698e906","hate that i made you love me (live from rehearsal)","Ariana Grande","","197.0","live","95","ambiguous_gap","uncertain"
"v1","32","32:17:NetEase","NetEase","apple_music_catalog","6763656876","","hate that i made you love me","Ariana Grande","petal","198.0","","6a2c1ea6a8ba547b65c7","hate that i made you love me","Ariana Grande","","197.949","","95","d5d18da08cba112db281","hate that i made you love me (live from rehearsal)","Ariana Grande","","197.743","live","95","ambiguous_gap","uncertain"
"v1","32","32:17:QQ","QQ","apple_music_catalog","6763656876","","hate that i made you love me","Ariana Grande","petal","198.0","","","","","","","","","","","","","","","","no_candidates","uncertain"
"v1","32","32:18:Kugou","Kugou","apple_music_catalog","1525933490","","Wonderwall (Remastered)","Oasis","(What's The Story) Morning Glory? [Deluxe Remastered Edition]","259.0","remaster|deluxe","199edca7a86c02857ecd","Wonderwall","Oasis","","259.0","","95","faa778d419b8cf6c5262","Wonderwall","Oasis","","258.0","","95","ambiguous_gap","uncertain"
"v1","32","32:18:NetEase","NetEase","apple_music_catalog","1525933490","","Wonderwall (Remastered)","Oasis","(What's The Story) Morning Glory? [Deluxe Remastered Edition]","259.0","remaster|deluxe","d1d553422b94784b87cf","Wonderwall (Remastered)","Oasis","","258.773","remaster","95","3a294c003c4e17e79e9f","Wonderwall","Oasis","","258.84","","95","ambiguous_gap","uncertain"
"v1","32","32:18:QQ","QQ","apple_music_catalog","1525933490","","Wonderwall (Remastered)","Oasis","(What's The Story) Morning Glory? [Deluxe Remastered Edition]","259.0","remaster|deluxe","","","","","","","","","","","","","","","no_candidates","uncertain"
"v1","32","32:19:LRCLIB","LRCLIB","apple_music_catalog","1889992123","","the cure","Olivia Rodrigo","you seem pretty sad for a girl so in love","297.0","","89e73b603404c45118f2","the cure","Olivia Rodrigo","","315.0","","0","","","","","","","","below_threshold","uncertain"
"v1","32","32:19:QQ","QQ","apple_music_catalog","1889992123","","the cure","Olivia Rodrigo","you seem pretty sad for a girl so in love","297.0","","","","","","","","","","","","","","","","no_candidates","uncertain"
"v1","32","32:20:Kugou","Kugou","apple_music_catalog","6784327286","","Tank Top Pluto","Future","The Real Me","111.0","","","","","","","","","","","","","","","","no_candidates","uncertain"
"v1","32","32:20:QQ","QQ","apple_music_catalog","6784327286","","Tank Top Pluto","Future","The Real Me","111.0","","","","","","","","","","","","","","","","no_candidates","uncertain"
"v1","32","32:21:Kugou","Kugou","apple_music_catalog","6784327291","","Weight Up","Future","The Real Me","174.0","","","","","","","","","","","","","","","","no_candidates","uncertain"
"v1","32","32:21:QQ","QQ","apple_music_catalog","6784327291","","Weight Up","Future","The Real Me","174.0","","","","","","","","","","","","","","","","no_candidates","uncertain"
"v1","32","32:22:QQ","QQ","apple_music_catalog","1802103970","","I'm The Problem","Morgan Wallen","I’m The Problem","178.0","","","","","","","","","","","","","","","","no_candidates","uncertain"
"v1","32","32:23:QQ","QQ","apple_music_catalog","1137966332","","Cinderella (feat. Ty Dolla $ign)","Mac Miller","The Divine Feminine","480.0","feat","","","","","","","","","","","","","","","no_candidates","uncertain"
"v1","32","32:24:Kugou","Kugou","apple_music_catalog","6784327295","","Build a Bitch","Future","The Real Me","163.0","","","","","","","","","","","","","","","","no_candidates","uncertain"
"v1","32","32:24:QQ","QQ","apple_music_catalog","6784327295","","Build a Bitch","Future","The Real Me","163.0","","","","","","","","","","","","","","","","no_candidates","uncertain"
"v1","32","32:25:QQ","QQ","apple_music_catalog","1884403093","","Boston","STELLA LEFTY","Boston - Single","171.0","","","","","","","","","","","","","","","","no_candidates","uncertain"
"v1","32","32:26:Kugou","Kugou","apple_music_catalog","6784327293","","Trench Coat","Future","The Real Me","106.0","","","","","","","","","","","","","","","","no_candidates","uncertain"
"v1","32","32:26:QQ","QQ","apple_music_catalog","6784327293","","Trench Coat","Future","The Real Me","106.0","","","","","","","","","","","","","","","","no_candidates","uncertain"
"v1","32","32:27:LRCLIB","LRCLIB","apple_music_catalog","6769568595","","Whisper My Name","Drake","ICEMAN","223.0","","f644e3538496262f7f62","Whisper My Name","Drake","","180.0","","0","","","","","","","","below_threshold","uncertain"
"v1","32","32:27:QQ","QQ","apple_music_catalog","6769568595","","Whisper My Name","Drake","ICEMAN","223.0","","","","","","","","","","","","","","","","no_candidates","uncertain"
"v1","32","32:28:Kugou","Kugou","apple_music_catalog","6784327512","","Money Over Everything","Future","The Real Me","134.0","","","","","","","","","","","","","","","","no_candidates","uncertain"
"v1","32","32:28:QQ","QQ","apple_music_catalog","6784327512","","Money Over Everything","Future","The Real Me","134.0","","","","","","","","","","","","","","","","no_candidates","uncertain"
"v1","32","32:29:QQ","QQ","apple_music_catalog","1817609509","","Man I Need","Olivia Dean","The Art of Loving","184.0","","","","","","","","","","","","","","","","no_candidates","uncertain"
"v1","32","32:30:Kugou","Kugou","apple_music_catalog","6784327513","","Off the Hinge","Future","The Real Me","172.0","","","","","","","","","","","","","","","","no_candidates","uncertain"
"v1","32","32:30:QQ","QQ","apple_music_catalog","6784327513","","Off the Hinge","Future","The Real Me","172.0","","","","","","","","","","","","","","","","no_candidates","uncertain"
"v1","32","32:31:Kugou","Kugou","apple_music_catalog","1440929293","","Freestyle","Lil Baby","Too Hard","162.0","","362685fcddd40555cdf5","Freestyle Lil Baby (Explicit)","Enjoyurday","","120.0","","0","bfc601e5cb19729c63a9","Freestyle (Explicit)","Lil Baby","","162.0","","0","below_threshold","uncertain"
"v1","32","32:31:LRCLIB","LRCLIB","apple_music_catalog","1440929293","","Freestyle","Lil Baby","Too Hard","162.0","","e5a7330d44f8240f0fe0","Freestyle","Lil Baby","","115.0","","0","","","","","","","","below_threshold","uncertain"
"v1","32","32:31:NetEase","NetEase","apple_music_catalog","1440929293","","Freestyle","Lil Baby","Too Hard","162.0","","6b1a466fd0a408ba69c9","Freestyle","Lil Baby","","162.053","","95","8904a39d48220b0f8804","Freestyle","Lil Baby","","158.981","","91","ambiguous_gap","uncertain"
"v1","32","32:31:QQ","QQ","apple_music_catalog","1440929293","","Freestyle","Lil Baby","Too Hard","162.0","","","","","","","","","","","","","","","","no_candidates","uncertain"
"v1","32","32:32:Kugou","Kugou","apple_music_catalog","1621119447","","WAIT FOR U (feat. Drake & Tems)","Future","I NEVER LIKED YOU","190.0","feat","","","","","","","","","","","","","","","no_candidates","uncertain"
"v1","32","32:32:NetEase","NetEase","apple_music_catalog","1621119447","","WAIT FOR U (feat. Drake & Tems)","Future","I NEVER LIKED YOU","190.0","feat","276bac7b16950e14c441","Wait For U (feat. Dc Baby Draco)","Lil Slugg / DC Baby Draco","","166.127","feat","0","802fa7a466023509c7a4","Wait For U (feat. Sergi Yaro)","Terror Bite / Sergi Yaro","","287.307","feat","0","below_threshold","uncertain"
"v1","32","32:32:QQ","QQ","apple_music_catalog","1621119447","","WAIT FOR U (feat. Drake & Tems)","Future","I NEVER LIKED YOU","190.0","feat","","","","","","","","","","","","","","","no_candidates","uncertain"
"v1","32","32:33:Kugou","Kugou","apple_music_catalog","1648587330","","In A Minute","Lil Baby","It's Only Me","200.0","","","","","","","","","","","","","","","","no_candidates","uncertain"
"v1","32","32:33:QQ","QQ","apple_music_catalog","1648587330","","In A Minute","Lil Baby","It's Only Me","200.0","","","","","","","","","","","","","","","","no_candidates","uncertain"
"v1","32","32:34:Kugou","Kugou","apple_music_catalog","6775527443","","I Knew It, I Knew You (From ""Toy Story 5"")","Taylor Swift","I Knew It, I Knew You (From ""Toy Story 5"") - Single","178.0","","6ab913f70d7c61b8c9c4","Love Story","Taylor Swift","","236.0","","0","03deec317bf5135b39fa","Love Story","Taylor Swift","","233.0","","0","below_threshold","uncertain"
"v1","32","32:34:LRCLIB","LRCLIB","apple_music_catalog","6775527443","","I Knew It, I Knew You (From ""Toy Story 5"")","Taylor Swift","I Knew It, I Knew You (From ""Toy Story 5"") - Single","178.0","","9e974abc9d6f1997812b","I Knew It, I Knew You (From ""Toy Story 5"")","Taylor Swift","","178.0","","95","c808d3ed336f86741e53","I Knew It, I Knew You (From ""Toy Story 5""/Lyric Video)","Taylor Swift","","179.0","","95","ambiguous_gap","uncertain"
"v1","32","32:34:QQ","QQ","apple_music_catalog","6775527443","","I Knew It, I Knew You (From ""Toy Story 5"")","Taylor Swift","I Knew It, I Knew You (From ""Toy Story 5"") - Single","178.0","","","","","","","","","","","","","","","","no_candidates","uncertain"
"v1","32","32:35:Kugou","Kugou","apple_music_catalog","6784327275","","No Misery","Future","The Real Me","168.0","","","","","","","","","","","","","","","","no_candidates","uncertain"
"v1","32","32:35:QQ","QQ","apple_music_catalog","6784327275","","No Misery","Future","The Real Me","168.0","","","","","","","","","","","","","","","","no_candidates","uncertain"
"v1","32","32:36:LRCLIB","LRCLIB","apple_music_catalog","1818424212","","Last Night","Morgan Wallen","One Thing At A Time","164.0","","61c6121823e9c7393f54","Last Night","Morgan Wallen","","197.0","","0","","","","","","","","below_threshold","uncertain"
"v1","32","32:36:QQ","QQ","apple_music_catalog","1818424212","","Last Night","Morgan Wallen","One Thing At A Time","164.0","","","","","","","","","","","","","","","","no_candidates","uncertain"
"v1","32","32:37:LRCLIB","LRCLIB","apple_music_catalog","1744439049","","I Had Some Help (feat. Morgan Wallen)","Post Malone","I Had Some Help (feat. Morgan Wallen) - Single","178.0","feat","a6decedbb854ce9d18af","I Had Some Help (Feat. Morgan Wallen)","Post Malone","","164.0","feat","0","","","","","","","","below_threshold","uncertain"
"v1","32","32:37:QQ","QQ","apple_music_catalog","1744439049","","I Had Some Help (feat. Morgan Wallen)","Post Malone","I Had Some Help (feat. Morgan Wallen) - Single","178.0","feat","","","","","","","","","","","","","","","no_candidates","uncertain"
"v1","32","32:38:Kugou","Kugou","apple_music_catalog","1727612051","","Spin You Around (1/24)","Morgan Wallen","Spin You Around (1/24) - Single","209.0","","9326ff7cc0222bd2e7cc","Spin You Around (1/24)","Morgan Wallen","","209.475","","95","b01e086894326d702935","Spin You Around (1/24)","Morgan Wallen","","209.567","","95","ambiguous_gap","uncertain"
"v1","32","32:38:LRCLIB","LRCLIB","apple_music_catalog","1727612051","","Spin You Around (1/24)","Morgan Wallen","Spin You Around (1/24) - Single","209.0","","c107fc1a828352ff10ba","Spin You Around (1/24)","Morgan Wallen","","170.0","","0","df5ab1bbd8ebbcf53569","Spin You Around (1/24) (Paused)","Morgan Wallen","","209.427","","0","below_threshold","uncertain"
"v1","32","32:38:QQ","QQ","apple_music_catalog","1727612051","","Spin You Around (1/24)","Morgan Wallen","Spin You Around (1/24) - Single","209.0","","","","","","","","","","","","","","","","no_candidates","uncertain"
"v1","32","32:39:QQ","QQ","apple_music_catalog","1802103977","","Just In Case","Morgan Wallen","I’m The Problem","166.0","","","","","","","","","","","","","","","","no_candidates","uncertain"
"v1","32","32:40:Kugou","Kugou","apple_music_catalog","1889992113","","drop dead","Olivia Rodrigo","you seem pretty sad for a girl so in love","225.0","","c5f3edceeb9894bfd425","Drop Dead-Olivia Rodrigo (Punk Rock Cover)","Beestudio","","225.0","cover","0","","","","","","","","below_threshold","uncertain"
"v1","32","32:40:LRCLIB","LRCLIB","apple_music_catalog","1889992113","","drop dead","Olivia Rodrigo","you seem pretty sad for a girl so in love","225.0","","33bf1a55088108c36d39","drop dead","Olivia Rodrigo","","251.0","","0","","","","","","","","below_threshold","uncertain"
"v1","32","32:40:QQ","QQ","apple_music_catalog","1889992113","","drop dead","Olivia Rodrigo","you seem pretty sad for a girl so in love","225.0","","","","","","","","","","","","","","","","no_candidates","uncertain"
"v1","32","32:41:Kugou","Kugou","apple_music_catalog","6784327514","","If I Could","Future","The Real Me","191.0","","","","","","","","","","","","","","","","no_candidates","uncertain"
"v1","32","32:41:QQ","QQ","apple_music_catalog","6784327514","","If I Could","Future","The Real Me","191.0","","","","","","","","","","","","","","","","no_candidates","uncertain"
"v1","32","32:42:Kugou","Kugou","apple_music_catalog","1452017954","","Best I Ever Had","Drake","So Far Gone","258.0","","816d5769cfd3f190cb2c","Best I Ever Had","Drake","","258.0","","95","ee8940de103899773138","Best I Ever Had","Drake","","257.0","","95","ambiguous_gap","uncertain"
"v1","32","32:42:NetEase","NetEase","apple_music_catalog","1452017954","","Best I Ever Had","Drake","So Far Gone","258.0","","fc055f7367cf823c6eb1","Best I Ever Had","Drake","","257.741","","95","dce83f932b94d493a5a9","Best I Ever Had","Drake","","258.856","","95","ambiguous_gap","uncertain"
"v1","32","32:42:QQ","QQ","apple_music_catalog","1452017954","","Best I Ever Had","Drake","So Far Gone","258.0","","","","","","","","","","","","","","","","no_candidates","uncertain"
"v1","32","32:43:Kugou","Kugou","apple_music_catalog","6776325365","","Ghetto Love Story","BabyChiefDoit","Rise Against My Broken Odds","178.0","","","","","","","","","","","","","","","","no_candidates","uncertain"
"v1","32","32:43:QQ","QQ","apple_music_catalog","6776325365","","Ghetto Love Story","BabyChiefDoit","Rise Against My Broken Odds","178.0","","","","","","","","","","","","","","","","no_candidates","uncertain"
"v1","32","32:44:Kugou","Kugou","apple_music_catalog","1621803969","","LIKE ME (feat. 42 Dugg & Lil Baby)","Future","I NEVER LIKED YOU","133.0","feat","f5096104480093b0a92f","Love Me","Lil Wayne、Drake、Future","","255.0","","0","995a2aed8eccdfa8b282","Loveeeeeee Song (Album Version)(Edited)","Rihanna、Future","","256.0","","0","below_threshold","uncertain"
"v1","32","32:44:LRCLIB","LRCLIB","apple_music_catalog","1621803969","","LIKE ME (feat. 42 Dugg & Lil Baby)","Future","I NEVER LIKED YOU","133.0","feat","e5cfb8ca7d36cd1b0f2c","LIKE ME (feat. 42 Dugg & Lil Baby)","Future","","189.0","feat","0","37b6d56386dae0f42891","LIKE ME (feat. 42 Dugg & Lil Baby) (Paused)","Future","","132.986","feat","0","below_threshold","uncertain"
"v1","32","32:44:NetEase","NetEase","apple_music_catalog","1621803969","","LIKE ME (feat. 42 Dugg & Lil Baby)","Future","I NEVER LIKED YOU","133.0","feat","ada1d1f06844d4379daf","LIKE ME","Future / 42 Dugg / Lil Baby","","133.05","","0","11396c579171bc0017c1","LIKE ME (Instrumental)","Future / 42 Dugg / Lil Baby","","133.05","","0","below_threshold","uncertain"
"v1","32","32:44:QQ","QQ","apple_music_catalog","1621803969","","LIKE ME (feat. 42 Dugg & Lil Baby)","Future","I NEVER LIKED YOU","133.0","feat","","","","","","","","","","","","","","","no_candidates","uncertain"
"v1","32","32:45:QQ","QQ","apple_music_catalog","1862634805","","Be By You","Luke Combs","The Way I Am","198.0","","","","","","","","","","","","","","","","no_candidates","uncertain"
"v1","32","32:46:QQ","QQ","apple_music_catalog","6769568603","","National Treasures","Drake","ICEMAN","201.0","","","","","","","","","","","","","","","","no_candidates","uncertain"
"v1","32","32:47:Kugou","Kugou","apple_music_catalog","1802103975","","What I Want","Morgan Wallen & Tate McRae","I’m The Problem","185.0","","81920906d99e560bfd9e","PLUG BOYZ (feat. McRae)(Explicit)","Fatti Ftz、McRae","","180.0","feat","0","40f2be425509d779a11d","Versace (feat. Scottie Pimpen)(Explicit)","MC Rae、Scottie Pimpen","","203.0","feat","0","below_threshold","uncertain"
"v1","32","32:47:LRCLIB","LRCLIB","apple_music_catalog","1802103975","","What I Want","Morgan Wallen & Tate McRae","I’m The Problem","185.0","","0f1e24b7715e96ab1016","What I Want","Morgan Wallen & Tate Mcrae","","185.0","","95","c682e40a0f9c0339c46b","What I Want","Morgan Wallen Tate McRae","","185.0","","95","ambiguous_gap","uncertain"
"v1","32","32:47:QQ","QQ","apple_music_catalog","1802103975","","What I Want","Morgan Wallen & Tate McRae","I’m The Problem","185.0","","","","","","","","","","","","","","","","no_candidates","uncertain"
"v1","32","32:48:Kugou","Kugou","apple_music_catalog","1770160814","","weren't for the wind","Ella Langley","still hungover","194.0","","","","","","","","","","","","","","","","no_candidates","uncertain"
"v1","32","32:48:LRCLIB","LRCLIB","apple_music_catalog","1770160814","","weren't for the wind","Ella Langley","still hungover","194.0","","9edfdd61f4ac431ebeed","weren't for the wind","Ella Langley","","225.0","","0","","","","","","","","below_threshold","uncertain"
"v1","32","32:48:QQ","QQ","apple_music_catalog","1770160814","","weren't for the wind","Ella Langley","still hungover","194.0","","","","","","","","","","","","","","","","no_candidates","uncertain"
"v1","32","32:49:Kugou","Kugou","apple_music_catalog","6769551476","","I’m Spent","Drake & Loe Shimmy","HABIBTI","145.0","","","","","","","","","","","","","","","","no_candidates","uncertain"
"v1","32","32:49:QQ","QQ","apple_music_catalog","6769551476","","I’m Spent","Drake & Loe Shimmy","HABIBTI","145.0","","","","","","","","","","","","","","","","no_candidates","uncertain"
"v1","32","32:50:Kugou","Kugou","apple_music_catalog","6784327511","","2018","Future","The Real Me","224.0","","c01d5673d581feeba2f5","Future","Diljit Dosanjh","","173.0","","0","c298a9c208d237eb24e7","future","Vullture","","137.0","","0","below_threshold","uncertain"
"v1","32","32:50:QQ","QQ","apple_music_catalog","6784327511","","2018","Future","The Real Me","224.0","","","","","","","","","","","","","","","","no_candidates","uncertain"
"v1","32","32:51:LRCLIB","LRCLIB","apple_music_catalog","1818426110","","Cowgirls (feat. ERNEST)","Morgan Wallen","One Thing At A Time","182.0","feat","f096c20a70297760f9a7","Cowgirls (feat. ERNEST)","Morgan Wallen, ERNEST","","182.0","feat","80","d8b6f6ac52d3d358a097","Cowgirls [feat. ERNEST]","Morgan Wallen feat. ERNEST","","181.656","feat","80","ambiguous_gap","uncertain"
"v1","32","32:51:NetEase","NetEase","apple_music_catalog","1818426110","","Cowgirls (feat. ERNEST)","Morgan Wallen","One Thing At A Time","182.0","feat","331a1dc106f1f27ced23","Cowgirls (feat. Chauncey Jones)","Big Caz / Chauncey Jones","","147.33","feat","0","89f75ea0b9c4f757d1f0","Cowgirls (feat. David Mann)","Rich Shemaria / David Mann","","480.208","feat","0","below_threshold","uncertain"
"v1","32","32:51:QQ","QQ","apple_music_catalog","1818426110","","Cowgirls (feat. ERNEST)","Morgan Wallen","One Thing At A Time","182.0","feat","","","","","","","","","","","","","","","no_candidates","uncertain"
"v1","32","32:52:LRCLIB","LRCLIB","apple_music_catalog","6762757958","","Orbiter","Noah Kahan","The Great Divide: The Last Of The Bugs","287.0","","fc394cee3fd358100e7d","Orbiter","Noah Kahan","","268.0","","0","e65e8db1abe5290f2db4","Noah Kahan - Orbiter (Official Lyric Video)","Noah Kahan","","288.0","","0","below_threshold","uncertain"
"v1","32","32:52:QQ","QQ","apple_music_catalog","6762757958","","Orbiter","Noah Kahan","The Great Divide: The Last Of The Bugs","287.0","","","","","","","","","","","","","","","","no_candidates","uncertain"
"v1","32","32:53:Kugou","Kugou","apple_music_catalog","269573364","","Billie Jean","Michael Jackson","Thriller","294.0","","5749e7f4b447aff3bfb1","Billie Jean - Michael Jackson (节目)","十个小张","","139.0","","0","e5f1a636e0073ece29cc","Billie Jean - Michael Jackson","Fita Perdia","","289.0","","0","below_threshold","uncertain"
"v1","32","32:53:NetEase","NetEase","apple_music_catalog","269573364","","Billie Jean","Michael Jackson","Thriller","294.0","","106928d3bbe38961155f","Billie Jean","Michael Jackson","","293.506","","95","e3d105b1a7c223fb8fa3","Billie Jean (Single Version)","Michael Jackson","","294.053","","95","ambiguous_gap","uncertain"
"v1","32","32:53:QQ","QQ","apple_music_catalog","269573364","","Billie Jean","Michael Jackson","Thriller","294.0","","","","","","","","","","","","","","","","no_candidates","uncertain"
"v1","32","32:54:Kugou","Kugou","apple_music_catalog","6775960750","","RUBBERZ","Fenix Flexin & Purps On The Beat","RUBBERZ - Single","174.0","","","","","","","","","","","","","","","","no_candidates","uncertain"
"v1","32","32:54:QQ","QQ","apple_music_catalog","6775960750","","RUBBERZ","Fenix Flexin & Purps On The Beat","RUBBERZ - Single","174.0","","","","","","","","","","","","","","","","no_candidates","uncertain"
"v1","32","32:55:Kugou","Kugou","apple_music_catalog","6784327526","","Eye To Eye","Future","The Real Me","145.0","","","","","","","","","","","","","","","","no_candidates","uncertain"
"v1","32","32:55:QQ","QQ","apple_music_catalog","6784327526","","Eye To Eye","Future","The Real Me","145.0","","","","","","","","","","","","","","","","no_candidates","uncertain"
"v1","32","32:56:Kugou","Kugou","apple_music_catalog","1818425528","","Thinkin’ Bout Me","Morgan Wallen","One Thing At A Time","177.0","","","","","","","","","","","","","","","","no_candidates","uncertain"
"v1","32","32:56:QQ","QQ","apple_music_catalog","1818425528","","Thinkin’ Bout Me","Morgan Wallen","One Thing At A Time","177.0","","","","","","","","","","","","","","","","no_candidates","uncertain"
"v1","32","32:57:QQ","QQ","apple_music_catalog","1889992116","","honeybee","Olivia Rodrigo","you seem pretty sad for a girl so in love","223.0","","","","","","","","","","","","","","","","no_candidates","uncertain"
"v1","32","32:58:LRCLIB","LRCLIB","apple_music_catalog","1871258330","","E85","Don Toliver","OCTANE","153.0","","737ea0c2ef46e6bc6c27","E85","Don Toliver","","1682.0","","0","","","","","","","","below_threshold","uncertain"
"v1","32","32:58:QQ","QQ","apple_music_catalog","1871258330","","E85","Don Toliver","OCTANE","153.0","","8e56161ce0df0fd16027","E85 (Explicit)","Don Toliver","","153.0","","0","2b0a8108998cb7ae2c2e","E85 - CHOPNOTSLOP REMIX (Explicit)","Don Toliver / DJ Candlestick","","212.0","remix","0","below_threshold","uncertain"
"v1","32","32:59:LRCLIB","LRCLIB","apple_music_catalog","1802104400","","Don't We","Morgan Wallen","I’m The Problem","191.0","","43f8876f7d37bd099947","Don't We","Morgan Wallen","","191.0","","95","3ecbb32522f60c392c12","Don’t We (Feat. HARDY)","Morgan Wallen","","191.477","feat","95","ambiguous_gap","uncertain"
"v1","32","32:60:Kugou","Kugou","apple_music_catalog","1556670532","","Wants and Needs (feat. Lil Baby)","Drake","Scary Hours 2","193.0","feat","9c7499675126490c78a2","PIMMIE'S DILEMMA (Explicit)","Pim、PARTYNEXTDOOR、Drake","","118.0","","0","1da0ac91bd5a9a996951","Toosie Slide (Explicit)","Drake","","247.0","","0","below_threshold","uncertain"
"v1","32","32:60:NetEase","NetEase","apple_music_catalog","1556670532","","Wants and Needs (feat. Lil Baby)","Drake","Scary Hours 2","193.0","feat","e2246ce09440f5be6a13","Wants and Needs","Drake / Lil Baby","","192.956","","80","dae53fd1dfe803ca4f47","Wants and Needs","Drake / Lil Baby","","194.089","","80","ambiguous_gap","uncertain"
"v1","32","32:60:QQ","QQ","apple_music_catalog","1556670532","","Wants and Needs (feat. Lil Baby)","Drake","Scary Hours 2","193.0","feat","4d1850956873800682de","Wants and Needs (Explicit)","Drake / Lil Baby","","192.0","","0","46606e26521e070857b4","Wants And Needs (Explicit)","EJAY / Prada","","131.0","","0","below_threshold","uncertain"
"v1","32","32:61:Kugou","Kugou","apple_music_catalog","6784327515","","Big Moment","Future","The Real Me","195.0","","","","","","","","","","","","","","","","no_candidates","uncertain"
"v1","32","32:61:QQ","QQ","apple_music_catalog","6784327515","","Big Moment","Future","The Real Me","195.0","","ed7c61cc60fa02ce6f86","Big Moment (Explicit)","Future","","195.0","","0","56fc8fb59cecec6fb8f4","Loveeeeeee Song (Explicit)","Rihanna / Future","","256.0","","0","below_threshold","uncertain"
"v1","32","32:63:Kugou","Kugou","apple_music_catalog","6784327518","","Kick","Future","The Real Me","135.0","","","","","","","","","","","","","","","","no_candidates","uncertain"
"v1","32","32:63:QQ","QQ","apple_music_catalog","6784327518","","Kick","Future","The Real Me","135.0","","a04e9fd417dc430dc11a","Kick (Explicit)","Future","","135.0","","0","506a0318e4f350a6cf0e","Kick","Future Hearts","","198.0","","0","below_threshold","uncertain"
"v1","32","32:64:Kugou","Kugou","apple_music_catalog","1506297772","","March Madness","Future","56 Nights","244.0","","","","","","","","","","","","","","","","no_candidates","uncertain"
"v1","32","32:64:LRCLIB","LRCLIB","apple_music_catalog","1506297772","","March Madness","Future","56 Nights","244.0","","e44f38219d17432c0c41","March Madness","Future","","231.0","","0","","","","","","","","below_threshold","uncertain"
"v1","32","32:64:QQ","QQ","apple_music_catalog","1506297772","","March Madness","Future","56 Nights","244.0","","a105ce4ec202141e4ccf","March Madness (Explicit)","Future","","244.0","","0","9f06e667a40e12ebfa0b","Luna Park","ChronoDevil","","214.0","","0","below_threshold","uncertain"
"v1","32","32:65:Kugou","Kugou","apple_music_catalog","1621119426","","I'M DAT N***A","Future","I NEVER LIKED YOU","272.0","","","","","","","","","","","","","","","","no_candidates","uncertain"
"v1","32","32:65:NetEase","NetEase","apple_music_catalog","1621119426","","I'M DAT N***A","Future","I NEVER LIKED YOU","272.0","","b3753423b739ca57d82c","Say Less","nato / lind","","144.286","","0","34996474765a928f2408","American tterroristt","RxkNephew","","584.063","","0","below_threshold","uncertain"
"v1","32","32:65:QQ","QQ","apple_music_catalog","1621119426","","I'M DAT N***A","Future","I NEVER LIKED YOU","272.0","","aeee72d1dc696d389419","Barbie Dreams (Explicit)","Nicki Minaj","","279.0","","0","ad237c187e85dcbeda77","Lit (Explicit)","Snoop Dogg / DJ Drama / Daz Dillinger","","144.0","","0","below_threshold","uncertain"
"v1","32","32:66:Kugou","Kugou","apple_music_catalog","1621207921","","Frozen","Lil Baby","Frozen - Single","179.0","","","","","","","","","","","","","","","","no_candidates","uncertain"
"v1","32","32:66:QQ","QQ","apple_music_catalog","1621207921","","Frozen","Lil Baby","Frozen - Single","179.0","","eab2ef969f5cce2eeabb","Frozen (Explicit)","Lil Baby","","179.0","","0","89fd1e4b1a4b1867cc97","Girls Want Girls (Explicit)","Drake / Lil Baby","","221.0","","0","below_threshold","uncertain"
"v1","32","32:67:QQ","QQ","apple_music_catalog","1872239879","","Doors","Noah Kahan","The Great Divide","231.0","","","","","","","","","","","","","","","","no_candidates","uncertain"
"v1","32","32:68:QQ","QQ","apple_music_catalog","1802103972","","I Got Better","Morgan Wallen","I’m The Problem","205.0","","","","","","","","","","","","","","","","no_candidates","uncertain"
"v1","32","32:69:Kugou","Kugou","apple_music_catalog","6769568604","","B’s On The Table","Drake & 21 Savage","ICEMAN","138.0","","","","","","","","","","","","","","","","no_candidates","uncertain"
"v1","32","32:69:LRCLIB","LRCLIB","apple_music_catalog","6769568604","","B’s On The Table","Drake & 21 Savage","ICEMAN","138.0","","76f82e612cb12f0ca8b3","B’s On The Table","Drake & 21 Savage","","2036.0","","0","ace6f39ba08fedf8728e","Bs On The Table","Drake 21 Savage","","258.0","","0","below_threshold","uncertain"
"v1","32","32:69:QQ","QQ","apple_music_catalog","6769568604","","B’s On The Table","Drake & 21 Savage","ICEMAN","138.0","","","","","","","","","","","","","","","","no_candidates","uncertain"
"v1","32","32:70:Kugou","Kugou","apple_music_catalog","1017055092","","Stick Talk","Future","DS2 (Deluxe)","171.0","deluxe","e882c1a5e43a4192fac0","Stick Talk Future (1989)","Thunder Mist","","120.0","","0","","","","","","","","below_threshold","uncertain"
"v1","32","32:70:QQ","QQ","apple_music_catalog","1017055092","","Stick Talk","Future","DS2 (Deluxe)","171.0","deluxe","","","","","","","","","","","","","","","no_candidates","uncertain"
"v1","32","32:71:Kugou","Kugou","apple_music_catalog","1584281787","","Knife Talk (feat. 21 Savage & Project Pat)","Drake","Certified Lover Boy","243.0","feat","9c7499675126490c78a2","PIMMIE'S DILEMMA (Explicit)","Pim、PARTYNEXTDOOR、Drake","","118.0","","0","1da0ac91bd5a9a996951","Toosie Slide (Explicit)","Drake","","247.0","","0","below_threshold","uncertain"
"v1","32","32:71:NetEase","NetEase","apple_music_catalog","1584281787","","Knife Talk (feat. 21 Savage & Project Pat)","Drake","Certified Lover Boy","243.0","feat","07d6af4c8c864697f2b8","ball w/o you","21 Savage","","195.108","","0","1a0c0164d1ddc7ddffbc","a lot","21 Savage / J. Cole","","288.679","","0","below_threshold","uncertain"
"v1","32","32:71:QQ","QQ","apple_music_catalog","1584281787","","Knife Talk (feat. 21 Savage & Project Pat)","Drake","Certified Lover Boy","243.0","feat","","","","","","","","","","","","","","","no_candidates","uncertain"
"v1","32","32:72:QQ","QQ","apple_music_catalog","1818407111","","You Proof","Morgan Wallen","You Proof - Single","157.0","","","","","","","","","","","","","","","","no_candidates","uncertain"
"v1","32","32:73:Kugou","Kugou","apple_music_catalog","1666738581","","Where the Wild Things Are","Luke Combs","Gettin' Old","240.0","","","","","","","","","","","","","","","","no_candidates","uncertain"
"v1","32","32:73:QQ","QQ","apple_music_catalog","1666738581","","Where the Wild Things Are","Luke Combs","Gettin' Old","240.0","","","","","","","","","","","","","","","","no_candidates","uncertain"
"v1","32","32:74:Kugou","Kugou","apple_music_catalog","1534816484","","Sum 2 Prove","Lil Baby","My Turn (Deluxe)","206.0","deluxe","","","","","","","","","","","","","","","no_candidates","uncertain"
"v1","32","32:74:LRCLIB","LRCLIB","apple_music_catalog","1534816484","","Sum 2 Prove","Lil Baby","My Turn (Deluxe)","206.0","deluxe","aac38630ceea19501de9","Sum 2 Prove","Lil Baby","","3.0","","0","","","","","","","","below_threshold","uncertain"
"v1","32","32:74:NetEase","NetEase","apple_music_catalog","1534816484","","Sum 2 Prove","Lil Baby","My Turn (Deluxe)","206.0","deluxe","e025fc59db0dd97d5e26","Sum 2 Prove","Lil Baby","","205.76","","95","7e3231fc5f06cbd551e1","Sum 2 Prove","Lil Baby","","207.568","","95","ambiguous_gap","uncertain"
"v1","32","32:74:QQ","QQ","apple_music_catalog","1534816484","","Sum 2 Prove","Lil Baby","My Turn (Deluxe)","206.0","deluxe","","","","","","","","","","","","","","","no_candidates","uncertain"
"v1","32","32:75:Kugou","Kugou","apple_music_catalog","1813021660","","Broken Window Serenade","Whiskey Myers","Firewater","346.0","","","","","","","","","","","","","","","","no_candidates","uncertain"
"v1","32","32:75:QQ","QQ","apple_music_catalog","1813021660","","Broken Window Serenade","Whiskey Myers","Firewater","346.0","","","","","","","","","","","","","","","","no_candidates","uncertain"
"v1","32","32:76:Kugou","Kugou","apple_music_catalog","1440642743","","Marvins Room","Drake","Take Care (Deluxe Version)","347.0","deluxe","b8b2e3f6f55ef6644c11","Marvins Room","Drake","","347.25","","95","3b6942e31611d5531290","Marvins Room","Drake","","347.715","","95","ambiguous_gap","uncertain"
"v1","32","32:76:LRCLIB","LRCLIB","apple_music_catalog","1440642743","","Marvins Room","Drake","Take Care (Deluxe Version)","347.0","deluxe","c7923aefabe8a71dab01","Marvins Room","Drake","","3351.0","","0","","","","","","","","below_threshold","uncertain"
"v1","32","32:76:QQ","QQ","apple_music_catalog","1440642743","","Marvins Room","Drake","Take Care (Deluxe Version)","347.0","deluxe","","","","","","","","","","","","","","","no_candidates","uncertain"
"v1","32","32:77:LRCLIB","LRCLIB","apple_music_catalog","1738257931","","Earrings","Malcolm Todd","Sweet Boy","152.0","","21cca4fbb776d3a590ee","Earrings","Malcolm Todd","","97.0","","0","","","","","","","","below_threshold","uncertain"
"v1","32","32:77:QQ","QQ","apple_music_catalog","1738257931","","Earrings","Malcolm Todd","Sweet Boy","152.0","","","","","","","","","","","","","","","","no_candidates","uncertain"
"v1","32","32:78:Kugou","Kugou","apple_music_catalog","1530123009","","Kacey Talk","YoungBoy Never Broke Again","Top","151.0","","","","","","","","","","","","","","","","no_candidates","uncertain"
"v1","32","32:78:QQ","QQ","apple_music_catalog","1530123009","","Kacey Talk","YoungBoy Never Broke Again","Top","151.0","","","","","","","","","","","","","","","","no_candidates","uncertain"
"v1","32","32:79:Kugou","Kugou","apple_music_catalog","1657869492","","Snooze","SZA","SOS","202.0","","09ee13574a3bc3135060","Snooze","SZA","","201.848","","95","2662da576f1dd94d21ee","Snooze","SZA","","201.0","","95","ambiguous_gap","uncertain"
"v1","32","32:79:QQ","QQ","apple_music_catalog","1657869492","","Snooze","SZA","SOS","202.0","","","","","","","","","","","","","","","","no_candidates","uncertain"
"v1","32","32:80:Kugou","Kugou","apple_music_catalog","1853635937","","What You Need","Tems","Love Is A Kingdom","234.0","","","","","","","","","","","","","","","","no_candidates","uncertain"
"v1","32","32:80:QQ","QQ","apple_music_catalog","1853635937","","What You Need","Tems","Love Is A Kingdom","234.0","","","","","","","","","","","","","","","","no_candidates","uncertain"
"v1","32","32:81:Kugou","Kugou","apple_music_catalog","6769568610","","2 Hard 4 The Radio","Drake","ICEMAN","184.0","","9c7499675126490c78a2","PIMMIE'S DILEMMA (Explicit)","Pim、PARTYNEXTDOOR、Drake","","118.0","","0","1da0ac91bd5a9a996951","Toosie Slide (Explicit)","Drake","","247.0","","0","below_threshold","uncertain"
"v1","32","32:81:LRCLIB","LRCLIB","apple_music_catalog","6769568610","","2 Hard 4 The Radio","Drake","ICEMAN","184.0","","3aff737a82847d670977","2 Hard 4 The Radio","Drake","","254.0","","0","","","","","","","","below_threshold","uncertain"
"v1","32","32:81:QQ","QQ","apple_music_catalog","6769568610","","2 Hard 4 The Radio","Drake","ICEMAN","184.0","","","","","","","","","","","","","","","","no_candidates","uncertain"
"v1","32","32:82:Kugou","Kugou","apple_music_catalog","1440827492","","Tennessee Whiskey","Chris Stapleton","Traveller","293.0","","","","","","","","","","","","","","","","no_candidates","uncertain"
"v1","32","32:82:LRCLIB","LRCLIB","apple_music_catalog","1440827492","","Tennessee Whiskey","Chris Stapleton","Traveller","293.0","","ab257ff88312f4349dd6","Tennessee Whiskey","Chris Stapleton","","215.0","","0","","","","","","","","below_threshold","uncertain"
"v1","32","32:82:NetEase","NetEase","apple_music_catalog","1440827492","","Tennessee Whiskey","Chris Stapleton","Traveller","293.0","","9db9c8887829f015cc61","Tennessee Whiskey","Chris Stapleton","","293.291","","95","c19971a10e892f2da072","Tennessee Whiskey","Chris Stapleton","","294.093","","95","ambiguous_gap","uncertain"
"v1","32","32:82:QQ","QQ","apple_music_catalog","1440827492","","Tennessee Whiskey","Chris Stapleton","Traveller","293.0","","","","","","","","","","","","","","","","no_candidates","uncertain"
"v1","32","32:83:QQ","QQ","apple_music_catalog","1744776167","","Not Like Us","Kendrick Lamar","Not Like Us - Single","274.0","","","","","","","","","","","","","","","","no_candidates","uncertain"
"v1","32","32:84:Kugou","Kugou","apple_music_catalog","1618153473","","Right On","Lil Baby","Right On - Single","214.0","","","","","","","","","","","","","","","","no_candidates","uncertain"
"v1","32","32:84:QQ","QQ","apple_music_catalog","1618153473","","Right On","Lil Baby","Right On - Single","214.0","","","","","","","","","","","","","","","","no_candidates","uncertain"
"v1","32","32:85:QQ","QQ","apple_music_catalog","6769568609","","Plot Twist","Drake","ICEMAN","196.0","","","","","","","","","","","","","","","","no_candidates","uncertain"
"v1","32","32:86:Kugou","Kugou","apple_music_catalog","1666738585","","Fast Car","Luke Combs","Gettin' Old","265.0","","2974055aa607c939a1a9","fast car luke combs","Lee Sang Gul","","117.0","","0","3485cbe7afe02d42e880","Fast Car Luke Combs","Lee Sang Gul","","161.0","","0","below_threshold","uncertain"
"v1","32","32:86:QQ","QQ","apple_music_catalog","1666738585","","Fast Car","Luke Combs","Gettin' Old","265.0","","","","","","","","","","","","","","","","no_candidates","uncertain"
"v1","32","32:87:Kugou","Kugou","apple_music_catalog","1793663645","","Ordinary","Alex Warren","Ordinary - Single","187.0","","96ef32ae4d8ac9a6c854","Ordinary","Alex Warren","","186.0","","95","3296fceb6dbbb7cf5ddf","Ordinary (Wedding Version)","Alex Warren","","186.0","","95","ambiguous_gap","uncertain"
"v1","32","32:87:NetEase","NetEase","apple_music_catalog","1793663645","","Ordinary","Alex Warren","Ordinary - Single","187.0","","706e276ddc399cd217cb","Ordinary","Alex Warren","","186.964","","95","08ca3dd7c92e33160940","Ordinary (Wedding Version)","Alex Warren","","186.964","","95","ambiguous_gap","uncertain"
"v1","32","32:87:QQ","QQ","apple_music_catalog","1793663645","","Ordinary","Alex Warren","Ordinary - Single","187.0","","","","","","","","","","","","","","","","no_candidates","uncertain"
"v1","32","32:88:Kugou","Kugou","apple_music_catalog","1529510489","","Power Trip (feat. Miguel)","J. Cole","Born Sinner (Deluxe Version)","241.0","feat|deluxe","863ff91eb1833a7fe699","Power Trip","J. Cole、Miguel","","241.0","","80","a011c46b7d49bc402cb1","Power Trip (Clean Version)","J. Cole、Miguel","","241.0","","80","ambiguous_gap","uncertain"
"v1","32","32:88:QQ","QQ","apple_music_catalog","1529510489","","Power Trip (feat. Miguel)","J. Cole","Born Sinner (Deluxe Version)","241.0","feat|deluxe","","","","","","","","","","","","","","","no_candidates","uncertain"
"v1","32","32:89:Kugou","Kugou","apple_music_catalog","1376707066","","Beautiful Crazy","Luke Combs","This One’s for You Too (Deluxe Edition)","193.0","deluxe","e06e081ca470bd0a9437","Beautiful Crazy","Luke Combs","","193.0","","95","d369eb59b421ba3bc56b","Beautiful Crazy","Luke Combs","","191.0","","95","ambiguous_gap","uncertain"
"v1","32","32:89:QQ","QQ","apple_music_catalog","1376707066","","Beautiful Crazy","Luke Combs","This One’s for You Too (Deluxe Edition)","193.0","deluxe","","","","","","","","","","","","","","","no_candidates","uncertain"
"v1","32","32:90:Kugou","Kugou","apple_music_catalog","1468618077","","Money In The Grave (feat. Rick Ross)","Drake","The Best In The World Pack - Single","205.0","feat","9c7499675126490c78a2","PIMMIE'S DILEMMA (Explicit)","Pim、PARTYNEXTDOOR、Drake","","118.0","","0","1da0ac91bd5a9a996951","Toosie Slide (Explicit)","Drake","","247.0","","0","below_threshold","uncertain"
"v1","32","32:90:NetEase","NetEase","apple_music_catalog","1468618077","","Money In The Grave (feat. Rick Ross)","Drake","The Best In The World Pack - Single","205.0","feat","6fdfbc4ddaf3f7a0e777","Money In The Grave","Drake / Rick Ross","","205.426","","80","518bbe702d2095dd1a02","Money In The Grave","Drake / Rick Ross","","205.589","","80","ambiguous_gap","uncertain"
"v1","32","32:90:QQ","QQ","apple_music_catalog","1468618077","","Money In The Grave (feat. Rick Ross)","Drake","The Best In The World Pack - Single","205.0","feat","","","","","","","","","","","","","","","no_candidates","uncertain"
"v1","32","32:91:Kugou","Kugou","apple_music_catalog","1737150439","","Like That","Future, Metro Boomin & Kendrick Lamar","WE DON'T TRUST YOU","268.0","","5b925f5b8a62fca2303d","Without You (Explicit)","Lamar、Kay9ine、The Kid LAROI","","189.0","","0","fa6cb9a96daa0775f8d7","Talk About It","Lamar","","165.0","","0","below_threshold","uncertain"
"v1","32","32:91:LRCMux","LRCMux","apple_music_catalog","1737150439","","Like That","Future, Metro Boomin & Kendrick Lamar","WE DON'T TRUST YOU","268.0","","9b20bbbce13610c22ca7","Like That","Future","","267.0","","0","","","","","","","","below_threshold","uncertain"
"v1","32","32:91:QQ","QQ","apple_music_catalog","1737150439","","Like That","Future, Metro Boomin & Kendrick Lamar","WE DON'T TRUST YOU","268.0","","","","","","","","","","","","","","","","no_candidates","uncertain"
"v1","32","32:92:Kugou","Kugou","apple_music_catalog","1376707081","","She Got the Best of Me","Luke Combs","This One’s for You Too (Deluxe Edition)","183.0","deluxe","","","","","","","","","","","","","","","no_candidates","uncertain"
"v1","32","32:92:QQ","QQ","apple_music_catalog","1376707081","","She Got the Best of Me","Luke Combs","This One’s for You Too (Deluxe Edition)","183.0","deluxe","","","","","","","","","","","","","","","no_candidates","uncertain"
"v1","32","32:93:Kugou","Kugou","apple_music_catalog","1786643047","","30 For 30 (with Kendrick Lamar)","SZA","SOS Deluxe: LANA","278.0","deluxe","2e77597a11cba1204c1f","Kiss Me More (Explicit)","Doja Cat、SZA","","208.0","","0","a23866c8bd103b56f644","Snooze (Explicit)","SZA","","201.0","","0","below_threshold","uncertain"
"v1","32","32:93:NetEase","NetEase","apple_music_catalog","1786643047","","30 For 30 (with Kendrick Lamar)","SZA","SOS Deluxe: LANA","278.0","deluxe","ca5126bda9b9eadb1fc5","30 For 30 (Ft. Kendrick Lamar) (By SZA) (Instrumental Karaoke Version)","ZZang KARAOKE","","279.066","","0","581aab047772a0cb2905","30 For 30 (Originally Performed by SZA and Kendrick Lamar) (Instrumental Version)","Troy Tha Studio Rat","","281.956","","0","below_threshold","uncertain"
"v1","32","32:93:QQ","QQ","apple_music_catalog","1786643047","","30 For 30 (with Kendrick Lamar)","SZA","SOS Deluxe: LANA","278.0","deluxe","","","","","","","","","","","","","","","no_candidates","uncertain"
"v1","32","32:94:Kugou","Kugou","apple_music_catalog","1879596115","","Freakin’ Out","Dexter and The Moonrocks","Freakin’ Out - Single","218.0","","","","","","","","","","","","","","","","no_candidates","uncertain"
"v1","32","32:94:LRCLIB","LRCLIB","apple_music_catalog","1879596115","","Freakin’ Out","Dexter and The Moonrocks","Freakin’ Out - Single","218.0","","c70528b18b920b86ecb7","Freakin’ Out","Dexter and The Moonrocks","","323.0","","0","","","","","","","","below_threshold","uncertain"
"v1","32","32:94:QQ","QQ","apple_music_catalog","1879596115","","Freakin’ Out","Dexter and The Moonrocks","Freakin’ Out - Single","218.0","","","","","","","","","","","","","","","","no_candidates","uncertain"
"v1","32","32:95:Kugou","Kugou","apple_music_catalog","6784327517","","Cast a Spell","Future","The Real Me","208.0","","","","","","","","","","","","","","","","no_candidates","uncertain"
"v1","32","32:95:QQ","QQ","apple_music_catalog","6784327517","","Cast a Spell","Future","The Real Me","208.0","","","","","","","","","","","","","","","","no_candidates","uncertain"
"v1","32","32:96:Kugou","Kugou","apple_music_catalog","1869436838","","Dandelion","Ella Langley","Dandelion","241.0","","","","","","","","","","","","","","","","no_candidates","uncertain"
"v1","32","32:96:QQ","QQ","apple_music_catalog","1869436838","","Dandelion","Ella Langley","Dandelion","241.0","","","","","","","","","","","","","","","","no_candidates","uncertain"
"v1","32","32:97:Kugou","Kugou","apple_music_catalog","850697800","","Chicago","Michael Jackson","XSCAPE (Deluxe)","245.0","deluxe","f1fbca871906e8864b25","Chicago","Michael Jackson","","245.58","","95","56365156930e59030132","Chicago","Michael Jackson","","245.472","","95","ambiguous_gap","uncertain"
"v1","32","32:97:LRCLIB","LRCLIB","apple_music_catalog","850697800","","Chicago","Michael Jackson","XSCAPE (Deluxe)","245.0","deluxe","07c5456c103683ded14e","ChicagoChicago","Michael Jackson","","245.44","","0","62ac92d4f11a09bfcaf9","Chicago","Michael Jackson","","285.0","","0","below_threshold","uncertain"
"v1","32","32:97:QQ","QQ","apple_music_catalog","850697800","","Chicago","Michael Jackson","XSCAPE (Deluxe)","245.0","deluxe","","","","","","","","","","","","","","","no_candidates","uncertain"
"v1","32","32:98:Kugou","Kugou","apple_music_catalog","1244230126","","Wild Thoughts (feat. Rihanna & Bryson Tiller)","DJ Khaled","Grateful","205.0","feat","7b32296167b4666dac30","Wild Thoughts","DJ Khaled、Rihanna、Bryson Tiller","","204.0","","0","3f9e0a10335fcd3c3c8d","Wild Thoughts","Rihanna、DJ Khaled、Bryson Tiller","","204.0","","0","below_threshold","uncertain"
"v1","32","32:98:NetEase","NetEase","apple_music_catalog","1244230126","","Wild Thoughts (feat. Rihanna & Bryson Tiller)","DJ Khaled","Grateful","205.0","feat","dfe5d99212ada4e659cf","Wild Thoughts (DJ Khaled Feat. Rihanna & Bryson Tiller Tribute)","Anne-Caroline Joy","","208.159","feat","0","","","","","","","","below_threshold","uncertain"
"v1","32","32:98:QQ","QQ","apple_music_catalog","1244230126","","Wild Thoughts (feat. Rihanna & Bryson Tiller)","DJ Khaled","Grateful","205.0","feat","","","","","","","","","","","","","","","no_candidates","uncertain"
"v1","32","32:99:Kugou","Kugou","apple_music_catalog","1418213269","","God's Plan","Drake","Scorpion","199.0","","8817243ee68035449c45","God's Plan","Drake","","198.0","","95","4b9bd6a8361e2926cc60","God's Plan","Drake","","199.0","","95","ambiguous_gap","uncertain"
"v1","32","32:99:NetEase","NetEase","apple_music_catalog","1418213269","","God's Plan","Drake","Scorpion","199.0","","a907843afbe11bdd878e","Toosie Slide","Drake","","247.058","","0","c0806096d10d2cc1fc1b","God's Plan (Sevnth & Alo Remix)","Sevnth / Drake / Alo陶文初","","179.757","remix","0","below_threshold","uncertain"
"v1","32","32:99:QQ","QQ","apple_music_catalog","1418213269","","God's Plan","Drake","Scorpion","199.0","","","","","","","","","","","","","","","","no_candidates","uncertain"
"v1","32","32:100:QQ","QQ","apple_music_catalog","1620419734","","Something in the Orange","Zach Bryan","Something in the Orange - Single","228.0","","","","","","","","","","","","","","","","no_candidates","uncertain"
"v1","32","32:101:Kugou","Kugou","apple_music_catalog","269570034","","Three Lions","David Baddiel, Frank Skinner & The Lightning Seeds","Three Lions - Single","224.0","","","","","","","","","","","","","","","","no_candidates","uncertain"
"v1","32","32:101:LRCLIB","LRCLIB","apple_music_catalog","269570034","","Three Lions","David Baddiel, Frank Skinner & The Lightning Seeds","Three Lions - Single","224.0","","82ac72d1497970a67f5f","Three Lions","David Baddiel, Frank Skinner & The Lightning Seeds","","225.0","","95","01feac8744cac80eecb6","Three Lions (original version)","David Baddiel, Frank Skinner & The Lightning Seeds","","221.0","","91","ambiguous_gap","uncertain"
"v1","32","32:101:NetEase","NetEase","apple_music_catalog","269570034","","Three Lions","David Baddiel, Frank Skinner & The Lightning Seeds","Three Lions - Single","224.0","","6f7e4deb166c48169f09","Three Lions (the Official Song Of The England Football Team) (Instrumental version originally performed by Baddiel And Skinner And The Lightning Seeds)","Various Artists","","236.653","","0","826b1bf9ee30cadcff2d","Three Lions '98 (Instrumental version originally performed by Baddiel And Skinner And The Lightning Seeds)","Various Artists","","247.466","","0","below_threshold","uncertain"
"v1","32","32:101:QQ","QQ","apple_music_catalog","269570034","","Three Lions","David Baddiel, Frank Skinner & The Lightning Seeds","Three Lions - Single","224.0","","","","","","","","","","","","","","","","no_candidates","uncertain"
"v1","32","32:102:Kugou","Kugou","apple_music_catalog","1820918468","","Rein Me In","Sam Fender & Olivia Dean","Rein Me In - Single","339.0","","","","","","","","","","","","","","","","no_candidates","uncertain"
"v1","32","32:102:NetEase","NetEase","apple_music_catalog","1820918468","","Rein Me In","Sam Fender & Olivia Dean","Rein Me In - Single","339.0","","8bf9c038963a8acb10c0","Rein Me In","Sam Fender / Olivia Dean","","339.893","","95","84153a2fc221364ae037","Rein Me In","Sam Fender / Olivia Dean","","341.017","","91","ambiguous_gap","uncertain"
"v1","32","32:102:QQ","QQ","apple_music_catalog","1820918468","","Rein Me In","Sam Fender & Olivia Dean","Rein Me In - Single","339.0","","","","","","","","","","","","","","","","no_candidates","uncertain"
"v1","32","32:103:QQ","QQ","apple_music_catalog","1870514330","","Talk To You (feat. 54 Ultra)","ANOTR","Talk To You (feat. 54 Ultra) - Single","191.0","feat","","","","","","","","","","","","","","","no_candidates","uncertain"
"v1","32","32:104:Kugou","Kugou","apple_music_catalog","6769070199","","Movin' To The Sun","HUGEL, Imael Angel & Ultra Naté","Movin' To The Sun - Single","142.0","","","","","","","","","","","","","","","","no_candidates","uncertain"
"v1","32","32:104:LRCMux","LRCMux","apple_music_catalog","6769070199","","Movin' To The Sun","HUGEL, Imael Angel & Ultra Naté","Movin' To The Sun - Single","142.0","","f72c956c6073c8f532b0","Movin' To The Sun","HUGEL","","142.0","","0","","","","","","","","below_threshold","uncertain"
"v1","32","32:104:QQ","QQ","apple_music_catalog","6769070199","","Movin' To The Sun","HUGEL, Imael Angel & Ultra Naté","Movin' To The Sun - Single","142.0","","","","","","","","","","","","","","","","no_candidates","uncertain"
"v1","32","32:105:Kugou","Kugou","apple_music_catalog","1884097804","","Free Your Mind","Prospa & Cloonee","Free Your Mind - Single","202.0","","","","","","","","","","","","","","","","no_candidates","uncertain"
"v1","32","32:105:QQ","QQ","apple_music_catalog","1884097804","","Free Your Mind","Prospa & Cloonee","Free Your Mind - Single","202.0","","","","","","","","","","","","","","","","no_candidates","uncertain"
"v1","32","32:106:Kugou","Kugou","apple_music_catalog","6768469976","","Dai Dai","Shakira & Burna Boy","Dai Dai - Single","223.0","","dbdb78ec7b084c736376","Dai Dai Shakira Burna Boy","Moises Etcheverry","","145.0","","0","","","","","","","","below_threshold","uncertain"
"v1","32","32:106:NetEase","NetEase","apple_music_catalog","6768469976","","Dai Dai","Shakira & Burna Boy","Dai Dai - Single","223.0","","c3523799e02c45b64dae","Dai Dai","Shakira / Burna Boy","","223.448","","95","bb016412f4a4e0a36be2","Dai Dai (Spanish Version)","Shakira / Burna Boy","","222.249","","95","ambiguous_gap","uncertain"
"v1","32","32:106:QQ","QQ","apple_music_catalog","6768469976","","Dai Dai","Shakira & Burna Boy","Dai Dai - Single","223.0","","","","","","","","","","","","","","","","no_candidates","uncertain"
"v1","32","32:107:LRCLIB","LRCLIB","apple_music_catalog","1879983789","","FEVER DREAM","Alex Warren","FEVER DREAM - Single","153.0","","5b09ee789c4a03621baf","FEVER DREAM","Alex Warren","","173.0","","0","","","","","","","","below_threshold","uncertain"
"v1","32","32:107:QQ","QQ","apple_music_catalog","1879983789","","FEVER DREAM","Alex Warren","FEVER DREAM - Single","153.0","","","","","","","","","","","","","","","","no_candidates","uncertain"
"v1","32","32:108:Kugou","Kugou","apple_music_catalog","1878015314","","New Religion","Bebe Rexha & Faithless","New Religion - Single","174.0","","","","","","","","","","","","","","","","no_candidates","uncertain"
"v1","32","32:108:QQ","QQ","apple_music_catalog","1878015314","","New Religion","Bebe Rexha & Faithless","New Religion - Single","174.0","","","","","","","","","","","","","","","","no_candidates","uncertain"
"v1","32","32:109:Kugou","Kugou","apple_music_catalog","1817499251","","Midnight Sun","Zara Larsson","Midnight Sun","190.0","","ebce2cbde416e815284d","Take It or Leave It","Larsson","","165.0","","0","1a3c2901042908ae7228","The Blower's Daughter","Fantasmo、Larsson","","256.0","","0","below_threshold","uncertain"
"v1","32","32:109:NetEase","NetEase","apple_music_catalog","1817499251","","Midnight Sun","Zara Larsson","Midnight Sun","190.0","","e6c2609e75358dbef7fd","Midnight Sun","Zara Larsson","","189.962","","95","860e146c246f1d3e4af9","Midnight Sun","Zara Larsson","","189.178","","95","ambiguous_gap","uncertain"
"v1","32","32:109:QQ","QQ","apple_music_catalog","1817499251","","Midnight Sun","Zara Larsson","Midnight Sun","190.0","","","","","","","","","","","","","","","","no_candidates","uncertain"
"v1","32","32:110:Kugou","Kugou","apple_music_catalog","1814620247","","Nice To Each Other","Olivia Dean","Nice To Each Other - Single","209.0","","4b90e3b1282855540654","Nice To Each Other","Olivia Dean","","209.0","","95","561a33daedb021ff13ae","Nice To Each Other (Live from L’Olympia, Paris)","Olivia Dean","","210.0","live","95","ambiguous_gap","uncertain"
"v1","32","32:110:LRCLIB","LRCLIB","apple_music_catalog","1814620247","","Nice To Each Other","Olivia Dean","Nice To Each Other - Single","209.0","","24263d08ed8dc7f45882","Nice To Each Other","Olivia Dean","","189.0","","0","","","","","","","","below_threshold","uncertain"
"v1","32","32:110:NetEase","NetEase","apple_music_catalog","1814620247","","Nice To Each Other","Olivia Dean","Nice To Each Other - Single","209.0","","31080cb4c5ac73fb8409","Nice To Each Other","Olivia Dean","","209.0","","95","af24d2de3297f69a7f8f","Nice To Each Other (Live from L’Olympia, Paris)","Olivia Dean","","211.0","live","95","ambiguous_gap","uncertain"
"v1","32","32:110:QQ","QQ","apple_music_catalog","1814620247","","Nice To Each Other","Olivia Dean","Nice To Each Other - Single","209.0","","","","","","","","","","","","","","","","no_candidates","uncertain"
"v1","32","32:111:QQ","QQ","apple_music_catalog","1870984036","","American Girls","Harry Styles","Kiss All The Time. Disco, Occasionally.","213.0","","","","","","","","","","","","","","","","no_candidates","uncertain"
"v1","32","32:112:LRCLIB","LRCLIB","apple_music_catalog","1847992612","","Raindance","Dave & Tems","The Boy Who Played the Harp","220.0","","da08763d469b63377295","Raindance","Dave, Tems","","3.0","","0","","","","","","","","below_threshold","uncertain"
"v1","32","32:112:QQ","QQ","apple_music_catalog","1847992612","","Raindance","Dave & Tems","The Boy Who Played the Harp","220.0","","","","","","","","","","","","","","","","no_candidates","uncertain"
"v1","32","32:113:Kugou","Kugou","apple_music_catalog","1867034427","","iloveitiloveitiloveit","Bella Kay","iloveitiloveitiloveit - Single","183.0","","718072415e63c36b3f1f","iloveitiloveitiloveit (Explicit)","Bella Kay","","183.0","","0","e8652aee1163e65f0a86","iloveitiloveitiloveit (feat. Bella Kay)(Explicit)","LILCEALO、Bella Kay","","135.0","feat","0","below_threshold","uncertain"
"v1","32","32:113:NetEase","NetEase","apple_music_catalog","1867034427","","iloveitiloveitiloveit","Bella Kay","iloveitiloveitiloveit - Single","183.0","","7286197bfaec12fab682","iloveitiloveitiloveit","Bella Kay","","183.237","","95","733cccbe99414fc27c57","iloveitiloveitiloveit","Bella Kаy","","183.238","","91","ambiguous_gap","uncertain"
"v1","32","32:113:QQ","QQ","apple_music_catalog","1867034427","","iloveitiloveitiloveit","Bella Kay","iloveitiloveitiloveit - Single","183.0","","","","","","","","","","","","","","","","no_candidates","uncertain"
"v1","32","32:114:Kugou","Kugou","apple_music_catalog","1526194192","","Mr. Brightside","The Killers","Hot Fuss","223.0","","13051001e5fdd2869d30","Mr. Brightside. The Killers (Spanish Version)","Abordaje","","221.0","","0","","","","","","","","below_threshold","uncertain"
"v1","32","32:114:LRCLIB","LRCLIB","apple_music_catalog","1526194192","","Mr. Brightside","The Killers","Hot Fuss","223.0","","2cf92e7a67db2a6d0978","Mr. Brightside","The Killers","","248.0","","0","","","","","","","","below_threshold","uncertain"
"v1","32","32:114:QQ","QQ","apple_music_catalog","1526194192","","Mr. Brightside","The Killers","Hot Fuss","223.0","","","","","","","","","","","","","","","","no_candidates","uncertain"
"v1","32","32:115:Kugou","Kugou","apple_music_catalog","1838737598","","WHERE IS MY HUSBAND!","RAYE","WHERE IS MY HUSBAND! - Single","197.0","","06097df0c203ad2983b7","WHERE IS MY HUSBAND!","RAYE","","197.0","","95","c91251443dac9c6609c8","WHERE IS MY HUSBAND!","RAYE","","196.0","","95","ambiguous_gap","uncertain"
"v1","32","32:115:QQ","QQ","apple_music_catalog","1838737598","","WHERE IS MY HUSBAND!","RAYE","WHERE IS MY HUSBAND! - Single","197.0","","","","","","","","","","","","","","","","no_candidates","uncertain"
"v1","32","32:116:Kugou","Kugou","apple_music_catalog","1753774219","","Somedays","Sonny Fodera, Jazzy & D.O.D","Somedays - Single","207.0","","e2122eafa37aec54d808","Some Days","Mree","","221.0","","0","c4697d2c13eefb9e6931","Someday","OneRepublic","","187.0","","0","below_threshold","uncertain"
"v1","32","32:116:LRCMux","LRCMux","apple_music_catalog","1753774219","","Somedays","Sonny Fodera, Jazzy & D.O.D","Somedays - Single","207.0","","a440a386a489adb76b8d","Somedays","Sonny Fodera","","207.0","","0","","","","","","","","below_threshold","uncertain"
"v1","32","32:116:QQ","QQ","apple_music_catalog","1753774219","","Somedays","Sonny Fodera, Jazzy & D.O.D","Somedays - Single","207.0","","","","","","","","","","","","","","","","no_candidates","uncertain"
"v1","32","32:117:Kugou","Kugou","apple_music_catalog","1435095906","","Vindaloo","Fat Les","Vindaloo","221.0","","","","","","","","","","","","","","","","no_candidates","uncertain"
"v1","32","32:117:LRCMux","LRCMux","apple_music_catalog","1435095906","","Vindaloo","Fat Les","Vindaloo","221.0","","2cb0690dec632d4d44ed","Vindaloo (Karaoke Mix)","Fat Les","","218.0","","0","","","","","","","","below_threshold","uncertain"
"v1","32","32:117:NetEase","NetEase","apple_music_catalog","1435095906","","Vindaloo","Fat Les","Vindaloo","221.0","","db92db928844487db5e9","Vindaloo","Fat Les","","220.906","","95","4a933b7ed9a0da5bac8b","Vindaloo","Fat Les","","219.982","","95","ambiguous_gap","uncertain"
"v1","32","32:117:QQ","QQ","apple_music_catalog","1435095906","","Vindaloo","Fat Les","Vindaloo","221.0","","","","","","","","","","","","","","","","no_candidates","uncertain"
"v1","32","32:118:Kugou","Kugou","apple_music_catalog","1817609507","","So Easy (To Fall In Love)","Olivia Dean","The Art of Loving","169.0","","6681616e01d73848bf79","Man I Need","Olivia Dean","","184.0","","0","0654d21acddfc64adcc7","So Easy","Olivia Dean","","169.0","","0","below_threshold","uncertain"
"v1","32","32:118:QQ","QQ","apple_music_catalog","1817609507","","So Easy (To Fall In Love)","Olivia Dean","The Art of Loving","169.0","","","","","","","","","","","","","","","","no_candidates","uncertain"
"v1","32","32:119:QQ","QQ","apple_music_catalog","1894316978","","Satisfy","Calvin Harris & Jazzy","Satisfy - Single","186.0","","","","","","","","","","","","","","","","no_candidates","uncertain"
"v1","32","32:120:QQ","QQ","apple_music_catalog","1833328840","","The Fate of Ophelia","Taylor Swift","The Life of a Showgirl","226.0","","","","","","","","","","","","","","","","no_candidates","uncertain"
"v1","32","32:121:Kugou","Kugou","apple_music_catalog","42029705","","World In Motion","New Order","The Best of New Order","271.0","","","","","","","","","","","","","","","","no_candidates","uncertain"
"v1","32","32:121:LRCLIB","LRCLIB","apple_music_catalog","42029705","","World In Motion","New Order","The Best of New Order","271.0","","f190cfeccd66e3054e1e","World in Motion","New Order","","233.0","","0","","","","","","","","below_threshold","uncertain"
"v1","32","32:121:NetEase","NetEase","apple_music_catalog","42029705","","World In Motion","New Order","The Best of New Order","271.0","","7a93aabe2db4a078ed4c","World in Motion","New Order","","270.826","","95","24541463a22615dfb885","World in Motion (2025 Remaster)","New Order","","272.733","remaster","95","ambiguous_gap","uncertain"
"v1","32","32:121:QQ","QQ","apple_music_catalog","42029705","","World In Motion","New Order","The Best of New Order","271.0","","","","","","","","","","","","","","","","no_candidates","uncertain"
"v1","32","32:122:Kugou","Kugou","apple_music_catalog","6772312877","","On 2nite","Silva Bumpa","On 2nite - Single","159.0","","","","","","","","","","","","","","","","no_candidates","uncertain"
"v1","32","32:122:QQ","QQ","apple_music_catalog","6772312877","","On 2nite","Silva Bumpa","On 2nite - Single","159.0","","","","","","","","","","","","","","","","no_candidates","uncertain"
"v1","32","32:123:Kugou","Kugou","apple_music_catalog","1828036635","","12 to 12","sombr","12 to 12 - Single","243.0","","","","","","","","","","","","","","","","no_candidates","uncertain"
"v1","32","32:123:LRCLIB","LRCLIB","apple_music_catalog","1828036635","","12 to 12","sombr","12 to 12 - Single","243.0","","71c3aec69bfd5021692c","12 to 12","sombr","","227.0","","0","","","","","","","","below_threshold","uncertain"
"v1","32","32:123:QQ","QQ","apple_music_catalog","1828036635","","12 to 12","sombr","12 to 12 - Single","243.0","","","","","","","","","","","","","","","","no_candidates","uncertain"
"v1","32","32:124:Kugou","Kugou","apple_music_catalog","1440650961","","Beauty and a Beat (feat. Nicki Minaj)","Justin Bieber","Believe (Deluxe Edition)","228.0","feat|deluxe","b17e757778625ca95104","Beauty And A Beat","Justin Bieber、Nicki Minaj","","227.0","","80","1a3db84c62848a00f9df","Beauty And A Beat","Justin Bieber、Nicki Minaj","","228.0","","80","ambiguous_gap","uncertain"
"v1","32","32:124:LRCLIB","LRCLIB","apple_music_catalog","1440650961","","Beauty and a Beat (feat. Nicki Minaj)","Justin Bieber","Believe (Deluxe Edition)","228.0","feat|deluxe","a589be3491592f6fba8c","Beauty And A Beat (feat. Nicki Minaj)","Justin Bieber","","293.0","feat","0","","","","","","","","below_threshold","uncertain"
"v1","32","32:124:QQ","QQ","apple_music_catalog","1440650961","","Beauty and a Beat (feat. Nicki Minaj)","Justin Bieber","Believe (Deluxe Edition)","228.0","feat|deluxe","","","","","","","","","","","","","","","no_candidates","uncertain"
"v1","32","32:125:Kugou","Kugou","apple_music_catalog","1737085899","","A Bar Song (Tipsy)","Shaboozey","Where I've Been, Isn't Where I'm Going","171.0","","6c8705facc9330bdd207","A Bar Song","Shaboozey","","171.337","","0","ea3a456c615385decdfd","A Bar Song (Tipsy)(Explicit)","Shaboozey","","171.42","","0","below_threshold","uncertain"
"v1","32","32:125:QQ","QQ","apple_music_catalog","1737085899","","A Bar Song (Tipsy)","Shaboozey","Where I've Been, Isn't Where I'm Going","171.0","","","","","","","","","","","","","","","","no_candidates","uncertain"
"v1","32","32:126:Kugou","Kugou","apple_music_catalog","1742275653","","Stargazing","Myles Smith","Stargazing - Single","173.0","","679add1085339c46f78b","Stargazing","Myles Smith","","172.564","","95","a6a6fbaeea9b51cc1d59","Stargazing","Myles Smith","","172.0","","95","ambiguous_gap","uncertain"
"v1","32","32:126:QQ","QQ","apple_music_catalog","1742275653","","Stargazing","Myles Smith","Stargazing - Single","173.0","","","","","","","","","","","","","","","","no_candidates","uncertain"
"v1","32","32:127:QQ","QQ","apple_music_catalog","1871595253","","Homewrecker","sombr","Homewrecker - Single","209.0","","","","","","","","","","","","","","","","no_candidates","uncertain"
"v1","32","32:128:QQ","QQ","apple_music_catalog","1866732800","","I Just Might","Bruno Mars","The Romantic","213.0","","","","","","","","","","","","","","","","no_candidates","uncertain"
"v1","32","32:129:QQ","QQ","apple_music_catalog","1833328845","","Opalite","Taylor Swift","The Life of a Showgirl","235.0","","","","","","","","","","","","","","","","no_candidates","uncertain"
"v1","32","32:130:Kugou","Kugou","apple_music_catalog","1773474483","","That’s So True","Gracie Abrams","The Secret of Us (Deluxe)","166.0","deluxe","","","","","","","","","","","","","","","no_candidates","uncertain"
"v1","32","32:130:LRCLIB","LRCLIB","apple_music_catalog","1773474483","","That’s So True","Gracie Abrams","The Secret of Us (Deluxe)","166.0","deluxe","e51e52f85ec969a3eb1d","That’s So True","Gracie Abrams","","153.0","","0","","","","","","","","below_threshold","uncertain"
"v1","32","32:130:QQ","QQ","apple_music_catalog","1773474483","","That’s So True","Gracie Abrams","The Secret of Us (Deluxe)","166.0","deluxe","","","","","","","","","","","","","","","no_candidates","uncertain"
"v1","32","32:131:Kugou","Kugou","apple_music_catalog","1525933492","","Don't Look Back in Anger (Remastered)","Oasis","(What's The Story) Morning Glory? [Deluxe Remastered Edition]","290.0","remaster|deluxe","01cb598b5ec12db40177","Don't Look Back in Anger (Remastered)","Oasis","","289.0","remaster","95","3c0f1cffbb600f374905","Don't Look Back in Anger (Remastered)","Oasis","","290.0","remaster","95","ambiguous_gap","uncertain"
"v1","32","32:131:LRCLIB","LRCLIB","apple_music_catalog","1525933492","","Don't Look Back in Anger (Remastered)","Oasis","(What's The Story) Morning Glory? [Deluxe Remastered Edition]","290.0","remaster|deluxe","cc83577cda4dfbdd55b9","Don't Look Back in Anger - Remastered","Oasis","","329.0","remaster","0","","","","","","","","below_threshold","uncertain"
"v1","32","32:131:NetEase","NetEase","apple_music_catalog","1525933492","","Don't Look Back in Anger (Remastered)","Oasis","(What's The Story) Morning Glory? [Deluxe Remastered Edition]","290.0","remaster|deluxe","cb45a5a080bc51cfb13e","Don't Look Back in Anger (Remastered)","Oasis","","289.56","remaster","95","1abc74203f57776bce75","Don't Look Back In Anger","Oasis","","290.186","","95","ambiguous_gap","uncertain"
"v1","32","32:131:QQ","QQ","apple_music_catalog","1525933492","","Don't Look Back in Anger (Remastered)","Oasis","(What's The Story) Morning Glory? [Deluxe Remastered Edition]","290.0","remaster|deluxe","","","","","","","","","","","","","","","no_candidates","uncertain"
"v1","32","32:132:Kugou","Kugou","apple_music_catalog","269573341","","Beat It","Michael Jackson","Thriller","258.0","","119d5f6fe434daff690e","Beat It Michael Jackson","Gentle Groove","","234.0","","0","","","","","","","","below_threshold","uncertain"
"v1","32","32:132:NetEase","NetEase","apple_music_catalog","269573341","","Beat It","Michael Jackson","Thriller","258.0","","e0a73a98a2e77eb21dbc","Beat It","Michael Jackson","","258.0","","95","22fa0ce4a496fb6012c2","Beat It (Single Version)","Michael Jackson","","257.8","","95","ambiguous_gap","uncertain"
"v1","32","32:132:QQ","QQ","apple_music_catalog","269573341","","Beat It","Michael Jackson","Thriller","258.0","","","","","","","","","","","","","","","","no_candidates","uncertain"
"v1","32","32:133:Kugou","Kugou","apple_music_catalog","1441133277","","Hey Jude","The Beatles","The Beatles 1967-1970 (The Blue Album)","431.0","","e43cc80b82200a2f98e9","Hey Jude (Remastered 2009)","The Beatles","","431.0","remaster","95","b927b53296d8e7599ba0","Hey Jude (Remastered 2009)","The Beatles","","429.0","remaster","95","ambiguous_gap","uncertain"
"v1","32","32:133:LRCLIB","LRCLIB","apple_music_catalog","1441133277","","Hey Jude","The Beatles","The Beatles 1967-1970 (The Blue Album)","431.0","","40ad3d94bf2e4617827f","Hey Jude","The Beatles","","1.0","","0","","","","","","","","below_threshold","uncertain"
"v1","32","32:133:NetEase","NetEase","apple_music_catalog","1441133277","","Hey Jude","The Beatles","The Beatles 1967-1970 (The Blue Album)","431.0","","b268656effeda671f503","Hey Jude (Remastered)","The Beatles","","431.333","remaster","95","b38c29744071361aa764","Hey Jude (Remastered 2015)","The Beatles","","431.453","remaster","95","ambiguous_gap","uncertain"
"v1","32","32:133:QQ","QQ","apple_music_catalog","1441133277","","Hey Jude","The Beatles","The Beatles 1967-1970 (The Blue Album)","431.0","","","","","","","","","","","","","","","","no_candidates","uncertain"
"v1","32","32:134:LRCLIB","LRCLIB","apple_music_catalog","1740212434","","Espresso","Sabrina Carpenter","Espresso - Single","175.0","","df150210db6e1b3ddafa","Espresso","Sabrina Carpenter","","6.0","","0","","","","","","","","below_threshold","uncertain"
"v1","32","32:134:QQ","QQ","apple_music_catalog","1740212434","","Espresso","Sabrina Carpenter","Espresso - Single","175.0","","","","","","","","","","","","","","","","no_candidates","uncertain"
"v1","32","32:135:Kugou","Kugou","apple_music_catalog","202272624","","Dreams","Fleetwood Mac","Greatest Hits","254.0","","2426f9d240be5bf6e6e0","Dreams (2004 Remaster)","Fleetwood Mac","","257.0","remaster","91","a8b32be773f4bb159c8a","Dreams (Sessions, Roughs & Outtakes|2004 Remaster)","Fleetwood Mac","","261.0","remaster","87","ambiguous_gap","uncertain"
"v1","32","32:135:NetEase","NetEase","apple_music_catalog","202272624","","Dreams","Fleetwood Mac","Greatest Hits","254.0","","f9682941aecfbcb96d04","Dreams","Fleetwood Mac","","255.64","","95","83b55c8b85eef67ab6f9","Dreams","Fleetwood Mac","","254.453","","95","ambiguous_gap","uncertain"
"v1","32","32:135:QQ","QQ","apple_music_catalog","202272624","","Dreams","Fleetwood Mac","Greatest Hits","254.0","","","","","","","","","","","","","","","","no_candidates","uncertain"
"v1","32","32:136:Kugou","Kugou","apple_music_catalog","1811333176","","Blessings","Calvin Harris & Clementine Douglas","Blessings - Single","220.0","","a313e45aba8f2a0ec311","Blessings","Calvin Harris、Clementine Douglas","","219.689","","95","5afc2b392d4ce128d82c","Blessings","Calvin Harris、Clementine Douglas","","219.0","","95","ambiguous_gap","uncertain"
"v1","32","32:136:QQ","QQ","apple_music_catalog","1811333176","","Blessings","Calvin Harris & Clementine Douglas","Blessings - Single","220.0","","","","","","","","","","","","","","","","no_candidates","uncertain"
"v1","32","32:137:Kugou","Kugou","apple_music_catalog","1724488124","","Beautiful Things","Benson Boone","Beautiful Things - Single","180.0","","ce9549b4ec66e18b9429","Beautiful Things - Benson Boone (Piano)","Lincoln Score","","183.0","","0","c906302e6d82062deda2","Beautiful Things Benson Boone","Squishy","","205.0","","0","below_threshold","uncertain"
"v1","32","32:137:QQ","QQ","apple_music_catalog","1724488124","","Beautiful Things","Benson Boone","Beautiful Things - Single","180.0","","","","","","","","","","","","","","","","no_candidates","uncertain"
"v1","32","32:138:Kugou","Kugou","apple_music_catalog","1881610868","","Let Me Be In Your Arms","Sonny Fodera & Libianca","can we do it all again?","193.0","","434d93b917f4cb3cf275","Let me be in your arms","Vani Bobja","","63.0","","0","","","","","","","","below_threshold","uncertain"
"v1","32","32:138:QQ","QQ","apple_music_catalog","1881610868","","Let Me Be In Your Arms","Sonny Fodera & Libianca","can we do it all again?","193.0","","","","","","","","","","","","","","","","no_candidates","uncertain"
"v1","32","32:139:Kugou","Kugou","apple_music_catalog","6764429256","","Material Lover","SIENNA SPIRO","The Devil Wears Prada 2 (Music From The Motion Picture)","178.0","","","","","","","","","","","","","","","","no_candidates","uncertain"
"v1","32","32:139:NetEase","NetEase","apple_music_catalog","6764429256","","Material Lover","SIENNA SPIRO","The Devil Wears Prada 2 (Music From The Motion Picture)","178.0","","29372c5beccba2eb86db","Material Lover (from The Devil Wears Prada 2 Original Motion Picture)","SIENNA SPIRO","","178.016","ost","95","ef269c2d5254b249aae5","Material Lover","SIENNA SPIRO","","178.016","","95","ambiguous_gap","uncertain"
"v1","32","32:139:QQ","QQ","apple_music_catalog","6764429256","","Material Lover","SIENNA SPIRO","The Devil Wears Prada 2 (Music From The Motion Picture)","178.0","","","","","","","","","","","","","","","","no_candidates","uncertain"
"v1","32","32:140:QQ","QQ","apple_music_catalog","1485802967","","Watermelon Sugar","Harry Styles","Fine Line","174.0","","","","","","","","","","","","","","","","no_candidates","uncertain"
"v1","32","32:141:Kugou","Kugou","apple_music_catalog","1820264150","","Golden","HUNTR/X, EJAE, AUDREY NUNA, REI AMI & KPop Demon Hunters Cast","KPop Demon Hunters (Soundtrack from the Netflix Film)","195.0","ost","","","","","","","","","","","","","","","no_candidates","uncertain"
"v1","32","32:141:LRCLIB","LRCLIB","apple_music_catalog","1820264150","","Golden","HUNTR/X, EJAE, AUDREY NUNA, REI AMI & KPop Demon Hunters Cast","KPop Demon Hunters (Soundtrack from the Netflix Film)","195.0","ost","284d4e0a2e2c0756f494","Golden","HUNTR/X/EJAE/Audrey Nuna/REI AMI/KPop Demon Hunters Cast","","195.0","","95","db27f528f8c1eb2e52c0","Golden","Huntr X & Ejae & Audrey Nuna & Rei Ami & Kpop Demon Hunters Cast","","195.0","","90","ambiguous_gap","uncertain"
"v1","32","32:141:LRCMux","LRCMux","apple_music_catalog","1820264150","","Golden","HUNTR/X, EJAE, AUDREY NUNA, REI AMI & KPop Demon Hunters Cast","KPop Demon Hunters (Soundtrack from the Netflix Film)","195.0","ost","1cb07c2f7ab3b2f630cb","Golden","HUNTR/X","","192.0","","0","","","","","","","","below_threshold","uncertain"
"v1","32","32:141:NetEase","NetEase","apple_music_catalog","1820264150","","Golden","HUNTR/X, EJAE, AUDREY NUNA, REI AMI & KPop Demon Hunters Cast","KPop Demon Hunters (Soundtrack from the Netflix Film)","195.0","ost","416db76015d21dd51232","Golden","HUNTR/X / Ejae / Audrey Nuna / REI AMI / KPop Demon Hunters Cast","","194.607","","95","6bdd11167b05d022ee2f","Golden (Glowin' Version)","HUNTR/X / Ejae / Audrey Nuna / REI AMI / KPop Demon Hunters Cast","","190.517","","91","ambiguous_gap","uncertain"
"v1","32","32:141:QQ","QQ","apple_music_catalog","1820264150","","Golden","HUNTR/X, EJAE, AUDREY NUNA, REI AMI & KPop Demon Hunters Cast","KPop Demon Hunters (Soundtrack from the Netflix Film)","195.0","ost","","","","","","","","","","","","","","","no_candidates","uncertain"
"v1","32","32:142:Kugou","Kugou","apple_music_catalog","267537169","","Iris","The Goo Goo Dolls","Greatest Hits, Vol. One: The Singles","290.0","","9832de921494ad9be32d","Iris - The Goo Goo Dolls","Karaokeysph","","186.0","","0","1d524bfba7e8a0306e67","Iris - The Goo Goo Dolls","Karaokeysph","","185.0","","0","below_threshold","uncertain"
"v1","32","32:142:NetEase","NetEase","apple_music_catalog","267537169","","Iris","The Goo Goo Dolls","Greatest Hits, Vol. One: The Singles","290.0","","082af4f639f661408d86","Iris","The Goo Goo Dolls","","289.533","","95","8fe057544eb5be260278","Iris","The Goo Goo Dolls","","291.706","","95","ambiguous_gap","uncertain"
"v1","32","32:142:QQ","QQ","apple_music_catalog","267537169","","Iris","The Goo Goo Dolls","Greatest Hits, Vol. One: The Singles","290.0","","","","","","","","","","","","","","","","no_candidates","uncertain"
"v1","32","32:143:Kugou","Kugou","apple_music_catalog","1364709436","","One Kiss","Calvin Harris, Dua Lipa","One Kiss - Single","215.0","","256b036e119362e68d31","One Kiss","Calvin Harris、Dua Lipa","","214.0","","95","675202d69e7e13a78b30","One Kiss","Calvin Harris、Dua Lipa","","212.0","","91","ambiguous_gap","uncertain"
"v1","32","32:143:LRCLIB","LRCLIB","apple_music_catalog","1364709436","","One Kiss","Calvin Harris, Dua Lipa","One Kiss - Single","215.0","","a1073627acd6fba38046","One Kiss","Calvin Harris, Dua Lipa","","215.0","","95","0671f1effcbba4c06c31","One Kiss","Calvin Harris • Dua Lipa","","214.0","","95","ambiguous_gap","uncertain"
"v1","32","32:143:NetEase","NetEase","apple_music_catalog","1364709436","","One Kiss","Calvin Harris, Dua Lipa","One Kiss - Single","215.0","","dbe6112213bebeb150a1","One Kiss","Calvin Harris / Dua Lipa","","214.505","","95","b7a37342a63b42a50b6d","One Kiss","Calvin Harris / Dua Lipa","","212.558","","91","ambiguous_gap","uncertain"
"v1","32","32:143:QQ","QQ","apple_music_catalog","1364709436","","One Kiss","Calvin Harris, Dua Lipa","One Kiss - Single","215.0","","","","","","","","","","","","","","","","no_candidates","uncertain"
"v1","32","32:144:Kugou","Kugou","apple_music_catalog","6769552411","","Great Expectation","SIENNA SPIRO","Visitor (Deluxe)","174.0","deluxe","","","","","","","","","","","","","","","no_candidates","uncertain"
"v1","32","32:144:QQ","QQ","apple_music_catalog","6769552411","","Great Expectation","SIENNA SPIRO","Visitor (Deluxe)","174.0","deluxe","","","","","","","","","","","","","","","no_candidates","uncertain"
"v1","32","32:145:Kugou","Kugou","apple_music_catalog","1841769602","","Die On This Hill","SIENNA SPIRO","Die On This Hill - Single","217.0","","13fb3fae86bc848c6634","Die On This Hill - Sienna Spiro","Karaokeysph","","246.0","","0","8c2cc98e0d761ce827cd","Die on This Hill SIENNA SPIRO)( Will Banks Remix","Will Banks","","133.0","remix","0","below_threshold","uncertain"
"v1","32","32:145:QQ","QQ","apple_music_catalog","1841769602","","Die On This Hill","SIENNA SPIRO","Die On This Hill - Single","217.0","","","","","","","","","","","","","","","","no_candidates","uncertain"
"v1","32","32:146:Kugou","Kugou","apple_music_catalog","287592533","","Freed from Desire","Gala","Come Into My Life (10th Anniversary)","213.0","","6b661654b56e42da3948","Freed From Desire","Gala","","211.0","","95","629625386297e04f1be3","Freed From Desire","Gala","","210.0","","91","ambiguous_gap","uncertain"
"v1","32","32:146:QQ","QQ","apple_music_catalog","287592533","","Freed from Desire","Gala","Come Into My Life (10th Anniversary)","213.0","","","","","","","","","","","","","","","","no_candidates","uncertain"
"v1","32","32:147:QQ","QQ","apple_music_catalog","1892545229","","Danceteria","Madonna","CONFESSIONS II","236.0","","","","","","","","","","","","","","","","no_candidates","uncertain"
"v1","32","32:148:QQ","QQ","apple_music_catalog","1889992117","","maggots for brains","Olivia Rodrigo","you seem pretty sad for a girl so in love","240.0","","","","","","","","","","","","","","","","no_candidates","uncertain"
"v1","32","32:149:Kugou","Kugou","apple_music_catalog","269573405","","Human Nature","Michael Jackson","Thriller","246.0","","260a308e3d85bc024abc","Human Nature Michael Jackson","Tokyo After Disco","","144.0","","0","","","","","","","","below_threshold","uncertain"
"v1","32","32:149:NetEase","NetEase","apple_music_catalog","269573405","","Human Nature","Michael Jackson","Thriller","246.0","","fd756fbbf5a08fa3ce3b","Human Nature","Michael Jackson","","245.56","","95","d5403539e05af7a32c5e","Human Nature","Michael Jackson","","246.752","","95","ambiguous_gap","uncertain"
"v1","32","32:149:QQ","QQ","apple_music_catalog","269573405","","Human Nature","Michael Jackson","Thriller","246.0","","","","","","","","","","","","","","","","no_candidates","uncertain"
"v1","32","32:150:Kugou","Kugou","apple_music_catalog","1818761158","","No Broke Boys","Disco Lines & Tinashe","No Broke Boys - Single","164.0","","","","","","","","","","","","","","","","no_candidates","uncertain"
"v1","32","32:150:QQ","QQ","apple_music_catalog","1818761158","","No Broke Boys","Disco Lines & Tinashe","No Broke Boys - Single","164.0","","","","","","","","","","","","","","","","no_candidates","uncertain"
"v1","32","32:151:Kugou","Kugou","apple_music_catalog","1228739609","","New Rules","Dua Lipa","Dua Lipa (Deluxe)","209.0","deluxe","111c52f284df25febef2","New Rules-Dua Lipa (Ranzhi Bootleg)","Ranzhi","","236.0","","0","","","","","","","","below_threshold","uncertain"
"v1","32","32:151:LRCLIB","LRCLIB","apple_music_catalog","1228739609","","New Rules","Dua Lipa","Dua Lipa (Deluxe)","209.0","deluxe","cc12311f9c92f96eb709","new rules","dua lipa","","98.0","","0","","","","","","","","below_threshold","uncertain"
"v1","32","32:151:QQ","QQ","apple_music_catalog","1228739609","","New Rules","Dua Lipa","Dua Lipa (Deluxe)","209.0","deluxe","","","","","","","","","","","","","","","no_candidates","uncertain"
"v1","32","32:152:Kugou","Kugou","apple_music_catalog","1691699849","","The Door","Teddy Swims","I've Tried Everything But Therapy (Part 1)","213.0","","27630687dc11d19f5dce","THE DOOR - TEDDY SWIMS (MINIMAL REMIX)","Nahuel Kinder","","230.0","remix","0","","","","","","","","below_threshold","uncertain"
"v1","32","32:152:QQ","QQ","apple_music_catalog","1691699849","","The Door","Teddy Swims","I've Tried Everything But Therapy (Part 1)","213.0","","","","","","","","","","","","","","","","no_candidates","uncertain"
"v1","32","32:153:Kugou","Kugou","apple_music_catalog","1852536738","","White Keys","Dominic Fike","White Keys - Single","144.0","","","","","","","","","","","","","","","","no_candidates","uncertain"
"v1","32","32:153:QQ","QQ","apple_music_catalog","1852536738","","White Keys","Dominic Fike","White Keys - Single","144.0","","","","","","","","","","","","","","","","no_candidates","uncertain"
"v1","32","32:154:Kugou","Kugou","apple_music_catalog","1889992129","","expectations","Olivia Rodrigo","you seem pretty sad for a girl so in love","222.0","","5454d7a64c8352201a0a","expectations","Olivia Rodrigo","","221.0","","95","6137799b0a7dff14c60a","expectations","Olivia Rodrigo","","225.0","","91","ambiguous_gap","uncertain"
"v1","32","32:154:QQ","QQ","apple_music_catalog","1889992129","","expectations","Olivia Rodrigo","you seem pretty sad for a girl so in love","222.0","","","","","","","","","","","","","","","","no_candidates","uncertain"
"v1","32","32:155:Kugou","Kugou","apple_music_catalog","1443258189","","Bitter Sweet Symphony","The Verve","Urban Hymns (Deluxe / Remastered 2016)","357.0","remaster|deluxe","a729a2990029973d621d","Bitter Sweet Symphony","The Verve","","358.426","","95","3e9294b7eb5333875660","Bitter Sweet Symphony","The Verve","","358.504","","95","ambiguous_gap","uncertain"
"v1","32","32:155:NetEase","NetEase","apple_music_catalog","1443258189","","Bitter Sweet Symphony","The Verve","Urban Hymns (Deluxe / Remastered 2016)","357.0","remaster|deluxe","75e522d37e74292bef3f","Bitter Sweet Symphony","The Verve","","358.376","","95","947ff9633a8473529e0f","Bitter Sweet Symphony","The Verve","","357.266","","95","ambiguous_gap","uncertain"
"v1","32","32:155:QQ","QQ","apple_music_catalog","1443258189","","Bitter Sweet Symphony","The Verve","Urban Hymns (Deluxe / Remastered 2016)","357.0","remaster|deluxe","","","","","","","","","","","","","","","no_candidates","uncertain"
"v1","32","32:156:Kugou","Kugou","apple_music_catalog","1122773680","","Viva La Vida","Coldplay","Viva La Vida or Death and All His Friends","241.0","","a5ca95652e0a3d866208","Viva La Vida","Coldplay","","241.0","","95","c11d5cafed30bfaeb555","Viva La Vida","Coldplay","","239.0","","95","ambiguous_gap","uncertain"
"v1","32","32:156:NetEase","NetEase","apple_music_catalog","1122773680","","Viva La Vida","Coldplay","Viva La Vida or Death and All His Friends","241.0","","7b7461692c27ab972c87","Viva La Vida","Coldplay","","242.373","","95","c40017c49e0bbb663e4c","Viva La Vida","Coldplay","","241.426","","95","ambiguous_gap","uncertain"
"v1","32","32:156:QQ","QQ","apple_music_catalog","1122773680","","Viva La Vida","Coldplay","Viva La Vida or Death and All His Friends","241.0","","","","","","","","","","","","","","","","no_candidates","uncertain"
"v1","32","32:157:Kugou","Kugou","apple_music_catalog","551515751","","The Way You Make Me Feel (2012 Remaster)","Michael Jackson","Bad 25th Anniversary","298.0","remaster","4157a04a7a67f98137dd","The Way You Make Me Feel","Michael Jackson","","298.0","","95","95eabf9753a9cac46054","The Way You Make Me Feel (2012 Remaster)","Michael Jackson","","298.0","remaster","95","ambiguous_gap","uncertain"
"v1","32","32:157:NetEase","NetEase","apple_music_catalog","551515751","","The Way You Make Me Feel (2012 Remaster)","Michael Jackson","Bad 25th Anniversary","298.0","remaster","d62d5e707fb46586e39a","The Way You Make Me Feel","Michael Jackson","","298.121","","95","229471f4391833baa9cc","The Way You Make Me Feel (2012 Remaster)","Michael Jackson","","298.19","remaster","95","ambiguous_gap","uncertain"
"v1","32","32:157:QQ","QQ","apple_music_catalog","551515751","","The Way You Make Me Feel (2012 Remaster)","Michael Jackson","Bad 25th Anniversary","298.0","remaster","","","","","","","","","","","","","","","no_candidates","uncertain"
"v1","32","32:158:Kugou","Kugou","apple_music_catalog","1843595808","","Stateside (with Zara Larsson)","PinkPantheress","Fancy Some More?","185.0","","d82288876aa5b4698bdc","Stateside + Zara Larsson","PinkPantheress、Zara Larsson","","184.0","","0","696e5af4c87b88598f0e","Stateside","PinkPantheress","","168.0","","0","below_threshold","uncertain"
"v1","32","32:158:NetEase","NetEase","apple_music_catalog","1843595808","","Stateside (with Zara Larsson)","PinkPantheress","Fancy Some More?","185.0","","6329a557d633eee76703","Stateside (Originally Performed by Pink Pantheress, Zara Larsson) [Karaoke Instrumental]","Hit The Button Karaoke","","184.035","","0","","","","","","","","below_threshold","uncertain"
"v1","32","32:158:QQ","QQ","apple_music_catalog","1843595808","","Stateside (with Zara Larsson)","PinkPantheress","Fancy Some More?","185.0","","","","","","","","","","","","","","","","no_candidates","uncertain"
"v1","32","32:159:Kugou","Kugou","apple_music_catalog","1889992118","","u + me = <3","Olivia Rodrigo","you seem pretty sad for a girl so in love","248.0","","d3d3d1d1771f38b6bb65","stupid song","Olivia Rodrigo","","209.0","","0","82f9d43c0d0838104b9e","drop dead","Olivia Rodrigo","","224.0","","0","below_threshold","uncertain"
"v1","32","32:159:QQ","QQ","apple_music_catalog","1889992118","","u + me = <3","Olivia Rodrigo","you seem pretty sad for a girl so in love","248.0","","","","","","","","","","","","","","","","no_candidates","uncertain"
"v1","32","32:160:QQ","QQ","apple_music_catalog","1819861170","","House Tour","Sabrina Carpenter","Man’s Best Friend","169.0","","","","","","","","","","","","","","","","no_candidates","uncertain"
"v1","32","32:161:Kugou","Kugou","apple_music_catalog","1691699836","","Lose Control","Teddy Swims","I've Tried Everything But Therapy (Part 1)","211.0","","4b631482c267cd7ac4bf","Lose Control","Teddy Swims","","210.0","","95","37e74338d17fddbe37b4","Lose Control (Piano Version)","Teddy Swims","","206.0","","91","ambiguous_gap","uncertain"
"v1","32","32:161:LRCLIB","LRCLIB","apple_music_catalog","1691699836","","Lose Control","Teddy Swims","I've Tried Everything But Therapy (Part 1)","211.0","","745b4c086da429b3a1d5","Lose Control","Teddy Swims","","241.0","","0","","","","","","","","below_threshold","uncertain"
"v1","32","32:161:NetEase","NetEase","apple_music_catalog","1691699836","","Lose Control","Teddy Swims","I've Tried Everything But Therapy (Part 1)","211.0","","73bf209bcc86c8d26f36","Lose Control","Teddy Swims","","210.688","","95","d676fca3f9d7c519cfc7","Lose Control (Piano Version)","Teddy Swims","","206.426","","91","ambiguous_gap","uncertain"
"v1","32","32:161:QQ","QQ","apple_music_catalog","1691699836","","Lose Control","Teddy Swims","I've Tried Everything But Therapy (Part 1)","211.0","","","","","","","","","","","","","","","","no_candidates","uncertain"
"v1","32","32:162:Kugou","Kugou","apple_music_catalog","159294551","","Smooth Criminal","Michael Jackson","The Essential Michael Jackson","259.0","","8e35b6a61976aab25f5a","Smooth Criminal | Michael Jackson (Gospel Soul AI Cover)","NOIRVE","","242.0","cover","0","ad45759365b542434af2","Smooth Criminal -Michael Jackson (培根制作)","Michael Jackson","","337.0","","0","below_threshold","uncertain"
"v1","32","32:164:Kugou","Kugou","apple_music_catalog","1423345807","","Sweet Caroline","Neil Diamond","Sweet Caroline","203.0","","","","","","","","","","","","","","","","no_candidates","uncertain"
"v1","32","32:164:NetEase","NetEase","apple_music_catalog","1423345807","","Sweet Caroline","Neil Diamond","Sweet Caroline","203.0","","3add51f7d6ac2879f7cb","Sweet Caroline","Neil Diamond","","202.0","","95","d69c5185791b5a2dfde6","Sweet Caroline","Neil Diamond","","203.573","","95","ambiguous_gap","uncertain"
"v1","32","32:164:QQ","QQ","apple_music_catalog","1423345807","","Sweet Caroline","Neil Diamond","Sweet Caroline","203.0","","6a8db746a794cd16111b","Sweet Caroline","Neil Diamond","","202.0","","95","90b7eb0a67be23a39474","Sweet Caroline (Album Version)","Neil Diamond","","202.0","","95","ambiguous_gap","uncertain"
"v1","32","32:165:Kugou","Kugou","apple_music_catalog","1545270163","","Into You","Ariana Grande","Dangerous Woman (Video Album)","244.0","","166ea72fefd4be55a6ef","Into You","Ariana Grande","","244.48","","95","c9ece801d7571a41e5f2","Into You","Ariana Grande","","244.54","","95","ambiguous_gap","uncertain"
"v1","32","32:165:NetEase","NetEase","apple_music_catalog","1545270163","","Into You","Ariana Grande","Dangerous Woman (Video Album)","244.0","","3bd2e7ef4f578f6e9529","Into You","Ariana Grande","","244.506","","95","605c49cd1b872a0727f5","Into You","Ariana Grande","","244.444","","95","ambiguous_gap","uncertain"
"v1","32","32:166:Kugou","Kugou","apple_music_catalog","1525933850","","Champagne Supernova (Remastered)","Oasis","(What's The Story) Morning Glory? [Deluxe Remastered Edition]","449.0","remaster|deluxe","ba32d07c043881264dd9","Champagne Supernova","Oasis","","447.0","","95","f7642b1f0fb9a998ef7b","Champagne Supernova","Oasis","","450.0","","95","ambiguous_gap","uncertain"
"v1","32","32:166:LRCLIB","LRCLIB","apple_music_catalog","1525933850","","Champagne Supernova (Remastered)","Oasis","(What's The Story) Morning Glory? [Deluxe Remastered Edition]","449.0","remaster|deluxe","51f497e821766b946363","Champagne Supernova - Remastered","Oasis","","289.0","remaster","0","","","","","","","","below_threshold","uncertain"
"v1","32","32:166:NetEase","NetEase","apple_music_catalog","1525933850","","Champagne Supernova (Remastered)","Oasis","(What's The Story) Morning Glory? [Deluxe Remastered Edition]","449.0","remaster|deluxe","facf4525a79bc6ef30bf","Champagne Supernova","Oasis","","449.333","","95","3d01c299168a6b75687b","Champagne Supernova (Remastered)","Oasis","","449.375","remaster","95","ambiguous_gap","uncertain"
"v1","32","32:166:QQ","QQ","apple_music_catalog","1525933850","","Champagne Supernova (Remastered)","Oasis","(What's The Story) Morning Glory? [Deluxe Remastered Edition]","449.0","remaster|deluxe","60136fe59edd25675ffc","Champagne Supernova (Remastered)","Oasis","","448.0","remaster","95","4a6d2ae02bc75076a8ab","Champagne Supernova","Oasis","","447.0","","95","ambiguous_gap","uncertain"
"v1","32","32:167:Kugou","Kugou","apple_music_catalog","651880159","","The Chain","Fleetwood Mac","Rumours (Super Deluxe Edition)","270.0","deluxe","","","","","","","","","","","","","","","no_candidates","uncertain"
"v1","32","32:167:LRCLIB","LRCLIB","apple_music_catalog","651880159","","The Chain","Fleetwood Mac","Rumours (Super Deluxe Edition)","270.0","deluxe","dbefab12d3d490f32e8e","The Chain","Fleetwood Mac","","284.0","","0","","","","","","","","below_threshold","uncertain"
"v1","32","32:167:NetEase","NetEase","apple_music_catalog","651880159","","The Chain","Fleetwood Mac","Rumours (Super Deluxe Edition)","270.0","deluxe","c2844b7d1b9bd7b0a27e","The Chain (2004 Remaster)","Fleetwood Mac","","268.2","remaster","95","df7ef746f079ebc6988e","The Chain","Fleetwood Mac","","269.4","","95","ambiguous_gap","uncertain"
"v1","32","32:167:QQ","QQ","apple_music_catalog","651880159","","The Chain","Fleetwood Mac","Rumours (Super Deluxe Edition)","270.0","deluxe","51650dbb69a6fa63c9d7","The Chain (2004 Remaster)","Fleetwood Mac","","268.0","remaster","95","dfc79e37cbf66b540f25","The Chain (2002 Remaster)","Fleetwood Mac","","269.0","remaster","95","ambiguous_gap","uncertain"
"v1","32","32:168:LRCLIB","LRCLIB","apple_music_catalog","1889992120","","my way","Olivia Rodrigo","you seem pretty sad for a girl so in love","181.0","","c06e9adce990cf0a94c3","my way","Olivia Rodrigo","","156.0","","0","","","","","","","","below_threshold","uncertain"
"v1","32","32:168:QQ","QQ","apple_music_catalog","1889992120","","my way","Olivia Rodrigo","you seem pretty sad for a girl so in love","181.0","","438e0d356a620cb7dbd3","my way (Explicit)","Olivia Rodrigo","","180.0","","0","d8bb6b58728746d106e2","stupid song","Olivia Rodrigo","","209.0","","0","below_threshold","uncertain"
"v1","32","32:169:Kugou","Kugou","apple_music_catalog","1874125269","","Dracula (JENNIE Remix)","Tame Impala & JENNIE","Dracula (Remix) - Single","210.0","remix","","","","","","","","","","","","","","","no_candidates","uncertain"
"v1","32","32:170:Kugou","Kugou","apple_music_catalog","1001677305","","How Deep Is Your Love","Calvin Harris, Disciples","How Deep Is Your Love - Single","212.0","","a48ccdd334aff5cf0c2f","How Deep Is Your Love","Calvin Harris、Disciples","","212.0","","95","88ef7d615f695f773a74","How Deep Is Your Love","Calvin Harris、Disciples","","213.0","","95","ambiguous_gap","uncertain"
"v1","32","32:170:LRCLIB","LRCLIB","apple_music_catalog","1001677305","","How Deep Is Your Love","Calvin Harris, Disciples","How Deep Is Your Love - Single","212.0","","7f3577926a4876630276","How Deep Is Your Love","Calvin Harris, Disciples","","162.0","","0","","","","","","","","below_threshold","uncertain"
"v1","32","32:170:NetEase","NetEase","apple_music_catalog","1001677305","","How Deep Is Your Love","Calvin Harris, Disciples","How Deep Is Your Love - Single","212.0","","201bc4d7fc170404edd3","How Deep Is Your Love","Calvin Harris / Disciples","","212.64","","95","97064e48fc5c576835cb","How Deep Is Your Love","Calvin Harris / Disciples","","212.495","","95","ambiguous_gap","uncertain"
"v1","32","32:171:Kugou","Kugou","apple_music_catalog","1810796703","","Just Keep Watching","Tate McRae","F1 The Album","143.0","","81920906d99e560bfd9e","PLUG BOYZ (feat. McRae)(Explicit)","Fatti Ftz、McRae","","180.0","feat","0","40f2be425509d779a11d","Versace (feat. Scottie Pimpen)(Explicit)","MC Rae、Scottie Pimpen","","203.0","feat","0","below_threshold","uncertain"
"v1","32","32:171:NetEase","NetEase","apple_music_catalog","1810796703","","Just Keep Watching","Tate McRae","F1 The Album","143.0","","7a84874d911cfa7cfff2","Just Keep Watching (From F1® The Movie)","Tate McRae","","142.55","","95","8962d0ac5384ca7dfd2e","Just Keep Watching","Tate McRae","","142.55","","95","ambiguous_gap","uncertain"
"v1","32","32:171:QQ","QQ","apple_music_catalog","1810796703","","Just Keep Watching","Tate McRae","F1 The Album","143.0","","","","","","","","","","","","","","","","no_candidates","uncertain"
"v1","32","32:172:Kugou","Kugou","apple_music_catalog","1887606227","","Kingdom of Fear","Cameron Whitcomb","Deep Water - EP","161.0","","","","","","","","","","","","","","","","no_candidates","uncertain"
"v1","32","32:173:QQ","QQ","apple_music_catalog","1872239886","","The Great Divide","Noah Kahan","The Great Divide","318.0","","","","","","","","","","","","","","","","no_candidates","uncertain"
"v1","32","32:174:QQ","QQ","apple_music_catalog","1862634798","","Sleepless in a Hotel Room","Luke Combs","The Way I Am","178.0","","","","","","","","","","","","","","","","no_candidates","uncertain"
"v1","32","32:175:Kugou","Kugou","apple_music_catalog","1869436848","","Bottom Of Your Boots","Ella Langley","Dandelion","199.0","","","","","","","","","","","","","","","","no_candidates","uncertain"
"v1","32","32:175:QQ","QQ","apple_music_catalog","1869436848","","Bottom Of Your Boots","Ella Langley","Dandelion","199.0","","","","","","","","","","","","","","","","no_candidates","uncertain"
"v1","32","32:176:QQ","QQ","apple_music_catalog","1825994649","","DAISIES","Justin Bieber","SWAG","176.0","","","","","","","","","","","","","","","","no_candidates","uncertain"
"v1","32","32:177:Kugou","Kugou","apple_music_catalog","6762757738","","Willing and Able","Noah Kahan","The Great Divide: The Last Of The Bugs","297.0","","","","","","","","","","","","","","","","no_candidates","uncertain"
"v1","32","32:177:QQ","QQ","apple_music_catalog","6762757738","","Willing and Able","Noah Kahan","The Great Divide: The Last Of The Bugs","297.0","","","","","","","","","","","","","","","","no_candidates","uncertain"
"v1","32","32:178:Kugou","Kugou","apple_music_catalog","1749121123","","you look like you love me","Ella Langley & Riley Green","hungover","224.0","","","","","","","","","","","","","","","","no_candidates","uncertain"
"v1","32","32:178:QQ","QQ","apple_music_catalog","1749121123","","you look like you love me","Ella Langley & Riley Green","hungover","224.0","","","","","","","","","","","","","","","","no_candidates","uncertain"
"v1","32","32:179:QQ","QQ","apple_music_catalog","1747842759","","Pink Skies","Zach Bryan","Pink Skies - Single","195.0","","","","","","","","","","","","","","","","no_candidates","uncertain"
"v1","32","32:180:QQ","QQ","apple_music_catalog","1869436847","","Loving Life Again","Ella Langley","Dandelion","226.0","","","","","","","","","","","","","","","","no_candidates","uncertain"
"v1","32","32:181:Kugou","Kugou","apple_music_catalog","1819829902","","28","Zach Bryan","The Great American Bar Scene","233.0","","","","","","","","","","","","","","","","no_candidates","uncertain"
"v1","32","32:181:QQ","QQ","apple_music_catalog","1819829902","","28","Zach Bryan","The Great American Bar Scene","233.0","","","","","","","","","","","","","","","","no_candidates","uncertain"
"v1","32","32:182:Kugou","Kugou","apple_music_catalog","1440642731","","Headlines","Drake","Take Care (Deluxe Version)","236.0","deluxe","ea1c5747a2364ceca755","Headlines","Drake","","236.0","","95","8b6895b3ae250f53d052","Headlines","Drake","","236.773","","95","ambiguous_gap","uncertain"
"v1","32","32:182:LRCLIB","LRCLIB","apple_music_catalog","1440642731","","Headlines","Drake","Take Care (Deluxe Version)","236.0","deluxe","a62bde7bd10d0f690127","Headlines","Drake","","214.0","","0","","","","","","","","below_threshold","uncertain"
"v1","32","32:182:NetEase","NetEase","apple_music_catalog","1440642731","","Headlines","Drake","Take Care (Deluxe Version)","236.0","deluxe","0e6776ec52bedd22089c","Headlines","Drake","","236.054","","95","b89cd65d7856617e92bb","Headlines (Explicit Version)","Drake","","236.054","","95","ambiguous_gap","uncertain"
"v1","32","32:182:QQ","QQ","apple_music_catalog","1440642731","","Headlines","Drake","Take Care (Deluxe Version)","236.0","deluxe","","","","","","","","","","","","","","","no_candidates","uncertain"
"v1","32","32:183:QQ","QQ","apple_music_catalog","1438243880","","Babydoll","Dominic Fike","Don't Forget About Me, Demos - EP","98.0","","","","","","","","","","","","","","","","no_candidates","uncertain"
"v1","32","32:184:LRCLIB","LRCLIB","apple_music_catalog","1619408877","","The Kind of Love We Make","Luke Combs","Growin' Up","224.0","","885ee864c33831864286","The Kind of Love We Make","Luke Combs","","237.0","","0","","","","","","","","below_threshold","uncertain"
"v1","32","32:184:QQ","QQ","apple_music_catalog","1619408877","","The Kind of Love We Make","Luke Combs","Growin' Up","224.0","","","","","","","","","","","","","","","","no_candidates","uncertain"
"v1","32","32:185:QQ","QQ","apple_music_catalog","1824600280","","What Did I Miss?","Drake","What Did I Miss? - Single","194.0","","","","","","","","","","","","","","","","no_candidates","uncertain"
"v1","32","32:186:Kugou","Kugou","apple_music_catalog","1873391195","","Done For","Max McNown","Done For - Single","153.0","","","","","","","","","","","","","","","","no_candidates","uncertain"
"v1","32","32:186:QQ","QQ","apple_music_catalog","1873391195","","Done For","Max McNown","Done For - Single","153.0","","","","","","","","","","","","","","","","no_candidates","uncertain"
"v1","32","32:187:LRCLIB","LRCLIB","apple_music_catalog","1872239892","","Porch Light","Noah Kahan","The Great Divide","263.0","","6b1508e872e3aab71ece","Porch Light","Noah Kahan","","925.0","","0","dece90e894a2ab1feb00","Porch Light (Paused)","Noah Kahan","","263.0","","0","below_threshold","uncertain"
"v1","32","32:187:QQ","QQ","apple_music_catalog","1872239892","","Porch Light","Noah Kahan","The Great Divide","263.0","","","","","","","","","","","","","","","","no_candidates","uncertain"
"v1","32","32:188:Kugou","Kugou","apple_music_catalog","6782573111","","Low Fade","Karan Aujla & MXRCI","Low Fade - Single","176.0","","","","","","","","","","","","","","","","no_candidates","uncertain"
"v1","32","32:188:LRCLIB","LRCLIB","apple_music_catalog","6782573111","","Low Fade","Karan Aujla & MXRCI","Low Fade - Single","176.0","","f82ad928de37cc2984de","Low Fade - PagalNew","Karan Aujla, MXRCI","","176.0","","0","","","","","","","","below_threshold","uncertain"
"v1","32","32:188:QQ","QQ","apple_music_catalog","6782573111","","Low Fade","Karan Aujla & MXRCI","Low Fade - Single","176.0","","","","","","","","","","","","","","","","no_candidates","uncertain"
"v1","32","32:189:QQ","QQ","apple_music_catalog","1786481197","","back to friends","sombr","back to friends - Single","199.0","","","","","","","","","","","","","","","","no_candidates","uncertain"
"v1","32","32:190:Kugou","Kugou","apple_music_catalog","1228888134","","Hurricane","Luke Combs","This One's for You","223.0","","fc92d561e382e8261db7","Hurricane","Luke Combs","","223.0","","95","adc989db615e32404741","Hurricane","Luke Combs","","222.0","","95","ambiguous_gap","uncertain"
"v1","32","32:190:QQ","QQ","apple_music_catalog","1228888134","","Hurricane","Luke Combs","This One's for You","223.0","","","","","","","","","","","","","","","","no_candidates","uncertain"
"v1","32","32:191:Kugou","Kugou","apple_music_catalog","1183326931","","White Noise 3 Hour Long","White Noise Therapy","White Noise 3 Hour Long","10828.0","","","","","","","","","","","","","","","","no_candidates","uncertain"
"v1","32","32:191:NetEase","NetEase","apple_music_catalog","1183326931","","White Noise 3 Hour Long","White Noise Therapy","White Noise 3 Hour Long","10828.0","","36ecd6680d93b2b0655c","White Noise 3 Hour Long","rusting wheels","","10828.231","","0","66970da8c3715817fd02","White Noise 3 Hours Long","White Noise / White Noise For Babies / Rain Sounds","","10811.037","","0","below_threshold","uncertain"
"v1","32","32:191:QQ","QQ","apple_music_catalog","1183326931","","White Noise 3 Hour Long","White Noise Therapy","White Noise 3 Hour Long","10828.0","","","","","","","","","","","","","","","","no_candidates","uncertain"
"v1","32","32:192:QQ","QQ","apple_music_catalog","6762757726","","End of August","Noah Kahan","The Great Divide: The Last Of The Bugs","317.0","","","","","","","","","","","","","","","","no_candidates","uncertain"
"v1","32","32:193:Kugou","Kugou","apple_music_catalog","574051407","","Thunderstruck","AC/DC","The Razors Edge","292.0","","0eb8d4041c9af99b39c0","Thunderstruck","AC/DC","","292.0","","95","55404c907da24b1d102c","Thunderstruck","AC/DC","","293.0","","95","ambiguous_gap","uncertain"
"v1","32","32:193:NetEase","NetEase","apple_music_catalog","574051407","","Thunderstruck","AC/DC","The Razors Edge","292.0","","511bd6d73e8d38e46d52","Thunderstruck","AC/DC","","292.853","","95","f697abb7c8ceb24a1c2a","Thunderstruck","AC/DC","","293.84","","95","ambiguous_gap","uncertain"
"v1","32","32:193:QQ","QQ","apple_music_catalog","574051407","","Thunderstruck","AC/DC","The Razors Edge","292.0","","","","","","","","","","","","","","","","no_candidates","uncertain"
"v1","32","32:194:Kugou","Kugou","apple_music_catalog","6762757729","","American Cars","Noah Kahan","The Great Divide: The Last Of The Bugs","272.0","","","","","","","","","","","","","","","","no_candidates","uncertain"
"v1","32","32:194:LRCLIB","LRCLIB","apple_music_catalog","6762757729","","American Cars","Noah Kahan","The Great Divide: The Last Of The Bugs","272.0","","ddb120b672d5909b977c","American Cars","Noah Kahan","","231.0","","0","","","","","","","","below_threshold","uncertain"
"v1","32","32:194:QQ","QQ","apple_music_catalog","6762757729","","American Cars","Noah Kahan","The Great Divide: The Last Of The Bugs","272.0","","","","","","","","","","","","","","","","no_candidates","uncertain"
"v1","32","32:195:Kugou","Kugou","apple_music_catalog","635791802","","Take It Easy","Eagles","Eagles","212.0","","6d6f9bdcd2d541c9b388","Take It Easy","Eagles","","211.0","","95","bc70f051f09264e59fd9","Take It Easy","Eagles","","212.0","","95","ambiguous_gap","uncertain"
"v1","32","32:195:LRCLIB","LRCLIB","apple_music_catalog","635791802","","Take It Easy","Eagles","Eagles","212.0","","5a667603040bd0065822","Take It Easy","Eagles","","322.0","","0","","","","","","","","below_threshold","uncertain"
"v1","32","32:195:NetEase","NetEase","apple_music_catalog","635791802","","Take It Easy","Eagles","Eagles","212.0","","2218f1e8022bcae5f096","Take It Easy (2013 Remaster)","Eagles","","211.577","remaster","95","839644224bd86e769d66","Take It Easy","Eagles","","212.466","","95","ambiguous_gap","uncertain"
"v1","32","32:195:QQ","QQ","apple_music_catalog","635791802","","Take It Easy","Eagles","Eagles","212.0","","","","","","","","","","","","","","","","no_candidates","uncertain"
"v1","32","32:196:Kugou","Kugou","apple_music_catalog","169003415","","Don't Stop Believin' (2024 Remaster)","Journey","Greatest Hits (2024 Remaster)","251.0","remaster","cb1690487c901b073c0b","Don't Stop Believin'","Journey","","250.0","","95","ed135fb0c9002074f933","Don't Stop Believin' (2024 Remaster)","Journey","","250.0","remaster","95","ambiguous_gap","uncertain"
"v1","32","32:196:NetEase","NetEase","apple_music_catalog","169003415","","Don't Stop Believin' (2024 Remaster)","Journey","Greatest Hits (2024 Remaster)","251.0","remaster","a27426845235c02598f6","Don't Stop Believin'","Journey","","251.0","","95","ad3398a14b775a14a611","Don't Stop Believin'","Journey","","248.871","","91","ambiguous_gap","uncertain"
"v1","32","32:196:QQ","QQ","apple_music_catalog","169003415","","Don't Stop Believin' (2024 Remaster)","Journey","Greatest Hits (2024 Remaster)","251.0","remaster","","","","","","","","","","","","","","","no_candidates","uncertain"
"v1","32","32:197:QQ","QQ","apple_music_catalog","1675173768","","Pink Pony Club","Chappell Roan","Pink Pony Club - Single","258.0","","","","","","","","","","","","","","","","no_candidates","uncertain"
"v1","32","32:198:Kugou","Kugou","apple_music_catalog","1440948088","","Have You Ever Seen the Rain?","Creedence Clearwater Revival","Pendulum","162.0","","","","","","","","","","","","","","","","no_candidates","uncertain"
"v1","32","32:198:LRCLIB","LRCLIB","apple_music_catalog","1440948088","","Have You Ever Seen the Rain?","Creedence Clearwater Revival","Pendulum","162.0","","42ecac322a96b23417a9","Have You Ever Seen The RainHave You Ever Seen The Rain","Creedence Clearwater Revival","","159.693","","0","dbb0e1661166593a316d","Have You Ever Seen The Rain","Creedence Clearwater Revival","","222.0","","0","below_threshold","uncertain"
"v1","32","32:198:NetEase","NetEase","apple_music_catalog","1440948088","","Have You Ever Seen the Rain?","Creedence Clearwater Revival","Pendulum","162.0","","07796b3f4bc60f799f0a","Have You Ever Seen The Rain","Creedence Clearwater Revival","","161.333","","95","bfc08719aa9b5cb43cfb","Have You Ever Seen the Rain?","Creedence Clearwater Revival","","159.753","","91","ambiguous_gap","uncertain"
"v1","32","32:198:QQ","QQ","apple_music_catalog","1440948088","","Have You Ever Seen the Rain?","Creedence Clearwater Revival","Pendulum","162.0","","","","","","","","","","","","","","","","no_candidates","uncertain"
"v1","32","32:199:QQ","QQ","apple_music_catalog","1703217516","","I Remember Everything (feat. Kacey Musgraves)","Zach Bryan","Zach Bryan","227.0","feat","","","","","","","","","","","","","","","no_candidates","uncertain"
"v1","32","32:200:Kugou","Kugou","apple_music_catalog","1877803360","","Self Aware","Temper City","Self Aware - Single","181.0","","","","","","","","","","","","","","","","no_candidates","uncertain"
"v1","32","32:200:QQ","QQ","apple_music_catalog","1877803360","","Self Aware","Temper City","Self Aware - Single","181.0","","","","","","","","","","","","","","","","no_candidates","uncertain"
"v1","32","32:201:QQ","QQ","apple_music_catalog","1643976264","","Burn, Burn, Burn","Zach Bryan","Burn, Burn, Burn - Single","269.0","","","","","","","","","","","","","","","","no_candidates","uncertain"
"v1","32","32:202:Kugou","Kugou","apple_music_catalog","1821731883","","Bed on Fire","G Flip","Dream Ride","213.0","","","","","","","","","","","","","","","","no_candidates","uncertain"
"v1","32","32:202:QQ","QQ","apple_music_catalog","1821731883","","Bed on Fire","G Flip","Dream Ride","213.0","","","","","","","","","","","","","","","","no_candidates","uncertain"
"v1","32","32:203:Kugou","Kugou","apple_music_catalog","1488408568","","Blinding Lights","The Weeknd","Blinding Lights - Single","202.0","","6ecaeb033445d9a51780","Blinding Lights The Weeknd","Soft Serenades","","314.0","","0","92c9518137037c577959","Blinding lights The Weeknd (Piano arrangement)","Piano Off","","173.0","","0","below_threshold","uncertain"
"v1","32","32:203:QQ","QQ","apple_music_catalog","1488408568","","Blinding Lights","The Weeknd","Blinding Lights - Single","202.0","","","","","","","","","","","","","","","","no_candidates","uncertain"
"v1","32","32:204:QQ","QQ","apple_music_catalog","6766750846","","Hit the Wall","Gracie Abrams","Daughter from Hell","194.0","","","","","","","","","","","","","","","","no_candidates","uncertain"
"v1","32","32:205:Kugou","Kugou","apple_music_catalog","1192697133","","Clean White Noise - Loopable with no fade","White Noise For Babies","Best White Noise For Baby Sleep - Loopable With No Fade","130.0","","","","","","","","","","","","","","","","no_candidates","uncertain"
"v1","32","32:205:NetEase","NetEase","apple_music_catalog","1192697133","","Clean White Noise - Loopable with no fade","White Noise For Babies","Best White Noise For Baby Sleep - Loopable With No Fade","130.0","","1315fa656f8ca2d12f65","Clean White Noise (Loopable with no fade)","Tik Tok Noise / White Noise Tik Tok / Tik Tok Sleep","","90.0","","0","71c4ca98eb01481580b7","Clean White Noise - Loopable With No Fade","White Noise Sleep Sounds","","80.117","","0","below_threshold","uncertain"
"v1","32","32:205:QQ","QQ","apple_music_catalog","1192697133","","Clean White Noise - Loopable with no fade","White Noise For Babies","Best White Noise For Baby Sleep - Loopable With No Fade","130.0","","","","","","","","","","","","","","","","no_candidates","uncertain"
"v1","32","32:206:Kugou","Kugou","apple_music_catalog","1889992127","","less","Olivia Rodrigo","you seem pretty sad for a girl so in love","194.0","","baad66d416d91a6142a6","less","Olivia Rodrigo","","193.0","","95","086c7103459723c684fc","less","Olivia Rodrigo","","197.0","","91","ambiguous_gap","uncertain"
"v1","32","32:206:QQ","QQ","apple_music_catalog","1889992127","","less","Olivia Rodrigo","you seem pretty sad for a girl so in love","194.0","","","","","","","","","","","","","","","","no_candidates","uncertain"
"v1","32","32:207:Kugou","Kugou","apple_music_catalog","1468058171","","Cruel Summer","Taylor Swift","Lover","178.0","","4b4c5eccb083c5255ec6","Cruel Summer","Taylor Swift","","178.554","","95","ce13c1ede7921525c2fb","Cruel Summer","Taylor Swift","","178.468","","95","ambiguous_gap","uncertain"
"v1","32","32:207:QQ","QQ","apple_music_catalog","1468058171","","Cruel Summer","Taylor Swift","Lover","178.0","","","","","","","","","","","","","","","","no_candidates","uncertain"
"v1","32","32:208:Kugou","Kugou","apple_music_catalog","1762656732","","Die With A Smile","Lady Gaga & Bruno Mars","Die With A Smile - Single","252.0","","e3c6f5e291ef16dc34df","Die With A Smile Lady Gaga Bruno Mars","Lullaby Songs for Babies","","286.0","","0","","","","","","","","below_threshold","uncertain"
"v1","32","32:208:LRCMux","LRCMux","apple_music_catalog","1762656732","","Die With A Smile","Lady Gaga & Bruno Mars","Die With A Smile - Single","252.0","","8ea3ebe19643ac6406ef","Die With A Smile (Instrumental)","Lady Gaga","","251.0","","0","","","","","","","","below_threshold","uncertain"
"v1","32","32:208:QQ","QQ","apple_music_catalog","1762656732","","Die With A Smile","Lady Gaga & Bruno Mars","Die With A Smile - Single","252.0","","","","","","","","","","","","","","","","no_candidates","uncertain"
"v1","32","32:209:Kugou","Kugou","apple_music_catalog","6766751158","","Look at My Life","Gracie Abrams","Daughter from Hell","191.0","","","","","","","","","","","","","","","","no_candidates","uncertain"
"v1","32","32:209:QQ","QQ","apple_music_catalog","6766751158","","Look at My Life","Gracie Abrams","Daughter from Hell","191.0","","","","","","","","","","","","","","","","no_candidates","uncertain"
"v1","32","32:210:Kugou","Kugou","apple_music_catalog","1889992126","","what’s wrong with me","Olivia Rodrigo & Robert Smith","you seem pretty sad for a girl so in love","225.0","","","","","","","","","","","","","","","","no_candidates","uncertain"
"v1","32","32:210:QQ","QQ","apple_music_catalog","1889992126","","what’s wrong with me","Olivia Rodrigo & Robert Smith","you seem pretty sad for a girl so in love","225.0","","","","","","","","","","","","","","","","no_candidates","uncertain"
"v1","32","32:211:Kugou","Kugou","apple_music_catalog","1818103445","","Manchild","Sabrina Carpenter","Manchild - Single","214.0","","2ee2cc19090ffcdc0a49","Manchild","Sabrina Carpenter","","213.681","","95","98b160e70c3cc2818833","Manchild","Sabrina Carpenter","","213.0","","95","ambiguous_gap","uncertain"
"v1","32","32:211:QQ","QQ","apple_music_catalog","1818103445","","Manchild","Sabrina Carpenter","Manchild - Single","214.0","","","","","","","","","","","","","","","","no_candidates","uncertain"
"v1","32","32:212:Kugou","Kugou","apple_music_catalog","1889992124","","begged","Olivia Rodrigo","you seem pretty sad for a girl so in love","218.0","","e073642242fc15bba716","begged","Olivia Rodrigo","","217.0","","95","cb23119996a115be35ad","begged","Olivia Rodrigo","","215.0","","91","ambiguous_gap","uncertain"
"v1","32","32:212:LRCLIB","LRCLIB","apple_music_catalog","1889992124","","begged","Olivia Rodrigo","you seem pretty sad for a girl so in love","218.0","","a6a315d12a7d92272d6b","begged","Olivia Rodrigo","","58.0","","0","","","","","","","","below_threshold","uncertain"
"v1","32","32:212:QQ","QQ","apple_music_catalog","1889992124","","begged","Olivia Rodrigo","you seem pretty sad for a girl so in love","218.0","","","","","","","","","","","","","","","","no_candidates","uncertain"
"v1","32","32:213:Kugou","Kugou","apple_music_catalog","1739659142","","BIRDS OF A FEATHER","Billie Eilish","HIT ME HARD AND SOFT","210.0","","1ba42b542c64c2de72ed","Birds of a Feather - Billie Eilish","Lincoln Score","","209.0","","0","","","","","","","","below_threshold","uncertain"
"v1","32","32:213:QQ","QQ","apple_music_catalog","1739659142","","BIRDS OF A FEATHER","Billie Eilish","HIT ME HARD AND SOFT","210.0","","","","","","","","","","","","","","","","no_candidates","uncertain"
"v1","32","32:214:Kugou","Kugou","apple_music_catalog","6783576167","","bloodstream","Alyssa Grace","spilling my guts","177.0","","4d330bf8579743ebac5f","bloodstream","Alyssa Grace","","177.0","","95","89418c05674c3a9fc584","bloodstream","Alyssa Grace","","176.0","","95","ambiguous_gap","uncertain"
"v1","32","32:214:LRCLIB","LRCLIB","apple_music_catalog","6783576167","","bloodstream","Alyssa Grace","spilling my guts","177.0","","14d1bdc525ebeb5370f6","bloodstream","Alyssa Grace","","110.0","","0","7d4f304c6162c4113261","bloodstream (stripped)","Alyssa Grace","","176.0","","0","below_threshold","uncertain"
"v1","32","32:214:QQ","QQ","apple_music_catalog","6783576167","","bloodstream","Alyssa Grace","spilling my guts","177.0","","","","","","","","","","","","","","","","no_candidates","uncertain"
"v1","32","32:215:Kugou","Kugou","apple_music_catalog","448213995","","The A Team","Ed Sheeran","+ (Deluxe Version)","258.0","deluxe","82253867c41e33e2d6d3","The A Team","Ed Sheeran","","258.0","","95","36f746fb089fe31f4fea","The A Team","Ed Sheeran","","261.0","","91","ambiguous_gap","uncertain"
"v1","32","32:215:QQ","QQ","apple_music_catalog","448213995","","The A Team","Ed Sheeran","+ (Deluxe Version)","258.0","deluxe","","","","","","","","","","","","","","","no_candidates","uncertain"
"v1","32","32:216:Kugou","Kugou","apple_music_catalog","1440783625","","Smells Like Teen Spirit","Nirvana","Nevermind","301.0","","3ebc20e0698afed1769f","Smell Like Teen Spirit","Pol、Lu","","306.0","","0","","","","","","","","below_threshold","uncertain"
"v1","32","32:216:NetEase","NetEase","apple_music_catalog","1440783625","","Smells Like Teen Spirit","Nirvana","Nevermind","301.0","","b627ed8a9549b377320d","Smells Like Teen Spirit","Nirvana","","301.133","","95","3d6338573987379b3d34","Smells Like Teen Spirit","Nirvana","","299.643","","95","ambiguous_gap","uncertain"
"v1","32","32:216:QQ","QQ","apple_music_catalog","1440783625","","Smells Like Teen Spirit","Nirvana","Nevermind","301.0","","","","","","","","","","","","","","","","no_candidates","uncertain"
"v1","32","32:217:Kugou","Kugou","apple_music_catalog","1544324124","","no tears left to cry","Ariana Grande","sweetener (Bonus Videos Edition)","206.0","","fd4f4a160e96f569e793","no tears left to cry","Ariana Grande","","205.0","","95","6afa7fb485eaaa7eb223","No Tears Left To Cry","Ariana Grande","","202.0","","91","ambiguous_gap","uncertain"
"v1","32","32:217:QQ","QQ","apple_music_catalog","1544324124","","no tears left to cry","Ariana Grande","sweetener (Bonus Videos Edition)","206.0","","","","","","","","","","","","","","","","no_candidates","uncertain"
"v1","32","32:218:QQ","QQ","apple_music_catalog","1892983044","","Like a Prayer","Josh Fawaz","Like a Prayer - Single","131.0","","","","","","","","","","","","","","","","no_candidates","uncertain"
"v1","32","32:219:Kugou","Kugou","apple_music_catalog","1797895104","","Sorry I'm Here For Someone Else","Benson Boone","Sorry I'm Here For Someone Else - Single","157.0","","13a56f379408002e9d2b","Sorry I'm Here For Someone Else","Benson Boone","","156.63","","95","49e7ce13fc5da1b9943b","Sorry I'm Here For Someone Else","Benson Boone","","156.0","","95","ambiguous_gap","uncertain"
"v1","32","32:219:QQ","QQ","apple_music_catalog","1797895104","","Sorry I'm Here For Someone Else","Benson Boone","Sorry I'm Here For Someone Else - Single","157.0","","","","","","","","","","","","","","","","no_candidates","uncertain"
"v1","32","32:220:Kugou","Kugou","apple_music_catalog","269573303","","Thriller","Michael Jackson","Thriller","359.0","","0fbb70f47cf612e1829b","Thriller Michael Jackson","The Music Makers","","144.0","","0","","","","","","","","below_threshold","uncertain"
"v1","32","32:220:NetEase","NetEase","apple_music_catalog","269573303","","Thriller","Michael Jackson","Thriller","359.0","","2c9e5eb31edef31c6f1b","Thriller","Michael Jackson","","357.753","","95","46faf8a896985da82979","Thriller","Michael Jackson","","355.0","","91","ambiguous_gap","uncertain"
"v1","32","32:220:QQ","QQ","apple_music_catalog","269573303","","Thriller","Michael Jackson","Thriller","359.0","","","","","","","","","","","","","","","","no_candidates","uncertain"
"v1","32","32:221:Kugou","Kugou","apple_music_catalog","1440899467","","ocean eyes","Billie Eilish","dont smile at me","200.0","","aae3ba94798fa15ef59c","Ocean Eyes - Billie Eilish","Karaokeysph","","219.0","","0","07a6010e88b774ef4fb3","Ocean Eyes:Billie Eilish (Remix)","IDRIZZLEll","","195.0","remix","0","below_threshold","uncertain"
"v1","32","32:221:NetEase","NetEase","apple_music_catalog","1440899467","","ocean eyes","Billie Eilish","dont smile at me","200.0","","6be2c5ca90e2c7cba1b6","ocean eyes","Billie Eilish","","200.379","","95","1169df270e95f5a45f8f","Ocean Eyes","Billie Eilish","","200.56","","95","ambiguous_gap","uncertain"
"v1","32","32:221:QQ","QQ","apple_music_catalog","1440899467","","ocean eyes","Billie Eilish","dont smile at me","200.0","","","","","","","","","","","","","","","","no_candidates","uncertain"
"v1","32","32:222:Kugou","Kugou","apple_music_catalog","159294478","","Man In the Mirror","Michael Jackson","The Essential Michael Jackson","321.0","","d547d3ee9dc58d6216ad","Man In The Mirror","Michael Jackson","","319.0","","95","022c97d303a40ebcac47","Man In The Mirror","Michael Jackson","","320.0","","95","ambiguous_gap","uncertain"
"v1","32","32:222:NetEase","NetEase","apple_music_catalog","159294478","","Man In the Mirror","Michael Jackson","The Essential Michael Jackson","321.0","","5fab15ad1f9b8bbc2ca9","Man In The Mirror","Michael Jackson","","320.0","","95","0910448269e95e390f5f","Man In The Mirror","Michael Jackson","","318.687","","91","ambiguous_gap","uncertain"
"v1","32","32:222:QQ","QQ","apple_music_catalog","159294478","","Man In the Mirror","Michael Jackson","The Essential Michael Jackson","321.0","","","","","","","","","","","","","","","","no_candidates","uncertain"
"v1","32","32:223:QQ","QQ","apple_music_catalog","1441539154","","Someone You Loved","Lewis Capaldi","Breach - EP","182.0","","","","","","","","","","","","","","","","no_candidates","uncertain"
"v1","32","32:224:QQ","QQ","apple_music_catalog","1817609514","","A Couple Minutes","Olivia Dean","The Art of Loving","212.0","","","","","","","","","","","","","","","","no_candidates","uncertain"
"v1","32","32:225:QQ","QQ","apple_music_catalog","1817609513","","Baby Steps","Olivia Dean","The Art of Loving","197.0","","","","","","","","","","","","","","","","no_candidates","uncertain"
"v1","32","32:226:Kugou","Kugou","apple_music_catalog","186166358","","Rock with You (Single Version)","Michael Jackson","Off the Wall","220.0","","6ce40f056e7bd448df11","Billie Jean","Michael Jackson","","294.0","","0","074e5f2537352729b3b5","Billie Jean","Michael Jackson","","293.0","","0","below_threshold","uncertain"
"v1","32","32:226:LRCMux","LRCMux","apple_music_catalog","186166358","","Rock with You (Single Version)","Michael Jackson","Off the Wall","220.0","","61c460ce7b8859716ac9","Rock with You (Single Version)","Michael Jackson","","203.0","","0","","","","","","","","below_threshold","uncertain"
"v1","32","32:226:NetEase","NetEase","apple_music_catalog","186166358","","Rock with You (Single Version)","Michael Jackson","Off the Wall","220.0","","7cc3cac225d4a059ab27","Rock With You","Michael Jackson","","220.682","","95","5bbf8010944b2da176a8","Rock With You (Single Version)","Michael Jackson","","220.0","","95","ambiguous_gap","uncertain"
"v1","32","32:226:QQ","QQ","apple_music_catalog","186166358","","Rock with You (Single Version)","Michael Jackson","Off the Wall","220.0","","","","","","","","","","","","","","","","no_candidates","uncertain"
"v1","32","32:227:Kugou","Kugou","apple_music_catalog","559334751","","Bad (2012 Remaster)","Michael Jackson","Bad","247.0","remaster","c94c0ee503d1ac6b533f","Bad","Michael Jackson","","247.0","","95","f1c8bd63b086014aacc0","Bad","Michael Jackson","","248.0","","95","ambiguous_gap","uncertain"
"v1","32","32:227:LRCLIB","LRCLIB","apple_music_catalog","559334751","","Bad (2012 Remaster)","Michael Jackson","Bad","247.0","remaster","04d6522a7553ef260891","Bad (2012 Remaster)","Michael Jackson","","260.0","remaster","0","","","","","","","","below_threshold","uncertain"
"v1","32","32:227:NetEase","NetEase","apple_music_catalog","559334751","","Bad (2012 Remaster)","Michael Jackson","Bad","247.0","remaster","beb2338ec6323c5b4f00","Bad","Michael Jackson","","249.0","","95","95ed56849cc28faff28c","Bad (Remastered)","Michael Jackson","","247.368","remaster","95","ambiguous_gap","uncertain"
"v1","32","32:227:QQ","QQ","apple_music_catalog","559334751","","Bad (2012 Remaster)","Michael Jackson","Bad","247.0","remaster","","","","","","","","","","","","","","","no_candidates","uncertain"
"v1","32","32:228:Kugou","Kugou","apple_music_catalog","1889992121","","purple","Olivia Rodrigo","you seem pretty sad for a girl so in love","240.0","","b9a009e63b0ec0a3b981","purple","Olivia Rodrigo","","240.0","","95","fa465f09347dab04c787","purple","Olivia Rodrigo","","244.0","","91","ambiguous_gap","uncertain"
"v1","32","32:228:QQ","QQ","apple_music_catalog","1889992121","","purple","Olivia Rodrigo","you seem pretty sad for a girl so in love","240.0","","","","","","","","","","","","","","","","no_candidates","uncertain"
"v1","32","32:229:Kugou","Kugou","apple_music_catalog","1097862231","","Creep","Radiohead","Pablo Honey","239.0","","eafaec68739d4c3c1444","Creep","Radiohead","","238.0","","95","463b3d1aae37e2405410","Creep","Radiohead","","237.0","","95","ambiguous_gap","uncertain"
"v1","32","32:229:NetEase","NetEase","apple_music_catalog","1097862231","","Creep","Radiohead","Pablo Honey","239.0","","2aee70e30381a8723a2f","Creep","Radiohead","","238.64","","95","39be0ba41c81523f1c27","Creep","Radiohead","","235.891","","91","ambiguous_gap","uncertain"
"v1","32","32:229:QQ","QQ","apple_music_catalog","1097862231","","Creep","Radiohead","Pablo Honey","239.0","","","","","","","","","","","","","","","","no_candidates","uncertain"
"v1","32","32:230:Kugou","Kugou","apple_music_catalog","186166292","","Don't Stop 'Til You Get Enough","Michael Jackson","Off the Wall","364.0","","970e4a9cf71d6d581693","Don't Stop 'Til You Get Enough","Michael Jackson","","364.0","","95","a9b5204f835de7c080bc","Don't Stop 'Til You Get Enough","Michael Jackson","","365.0","","95","ambiguous_gap","uncertain"
"v1","32","32:230:NetEase","NetEase","apple_music_catalog","186166292","","Don't Stop 'Til You Get Enough","Michael Jackson","Off the Wall","364.0","","4757751b26e69e5362e9","Don't Stop 'Til You Get Enough","Michael Jackson","","365.531","","95","85d1fee77b4dd370cd1e","Don't Stop 'til You Get Enough","Michael Jackson","","364.44","","95","ambiguous_gap","uncertain"
"v1","32","32:230:QQ","QQ","apple_music_catalog","186166292","","Don't Stop 'Til You Get Enough","Michael Jackson","Off the Wall","364.0","","","","","","","","","","","","","","","","no_candidates","uncertain"
"v1","32","32:231:Kugou","Kugou","apple_music_catalog","6762886004","","Folded","Kehlani","Kehlani","238.0","","49c71c6438312fb7c8ab","Folded","Kehlani","","238.0","","95","bc7cbafccfb4b79c7e24","Folded","Kehlani","","237.0","","95","ambiguous_gap","uncertain"
"v1","32","32:231:QQ","QQ","apple_music_catalog","6762886004","","Folded","Kehlani","Kehlani","238.0","","","","","","","","","","","","","","","","no_candidates","uncertain"
"v1","32","32:232:Kugou","Kugou","apple_music_catalog","651880157","","Go Your Own Way","Fleetwood Mac","Rumours (Super Deluxe Edition)","224.0","deluxe","","","","","","","","","","","","","","","no_candidates","uncertain"
"v1","32","32:232:LRCLIB","LRCLIB","apple_music_catalog","651880157","","Go Your Own Way","Fleetwood Mac","Rumours (Super Deluxe Edition)","224.0","deluxe","ebe92a1cef73db20dfa8","Go Your Own Way","Fleetwood Mac","","251.0","","0","","","","","","","","below_threshold","uncertain"
"v1","32","32:232:NetEase","NetEase","apple_music_catalog","651880157","","Go Your Own Way","Fleetwood Mac","Rumours (Super Deluxe Edition)","224.0","deluxe","c7816318aac3910f5c35","Go Your Own Way (2004 Remaster)","Fleetwood Mac","","223.613","remaster","95","2d639b2aec1f5b47fe88","Go Your Own Way","Fleetwood Mac","","220.266","","91","ambiguous_gap","uncertain"
"v1","32","32:232:QQ","QQ","apple_music_catalog","651880157","","Go Your Own Way","Fleetwood Mac","Rumours (Super Deluxe Edition)","224.0","deluxe","","","","","","","","","","","","","","","no_candidates","uncertain"
"v1","32","32:233:Kugou","Kugou","apple_music_catalog","6776077187","","ICONIC BY MISTAKE","LE SSERAFIM, ILLIT & KATSEYE","ICONIC BY MISTAKE - Single","178.0","","","","","","","","","","","","","","","","no_candidates","uncertain"
"v1","32","32:233:LRCMux","LRCMux","apple_music_catalog","6776077187","","ICONIC BY MISTAKE","LE SSERAFIM, ILLIT & KATSEYE","ICONIC BY MISTAKE - Single","178.0","","383e3677482a1686eae5","ICONIC BY MISTAKE","LE SSERAFIM","","177.0","","0","","","","","","","","below_threshold","uncertain"
"v1","32","32:233:NetEase","NetEase","apple_music_catalog","6776077187","","ICONIC BY MISTAKE","LE SSERAFIM, ILLIT & KATSEYE","ICONIC BY MISTAKE - Single","178.0","","0db3550dfcc5708ca98b","ICONIC BY MISTAKE (By LE SSERAFIM (르세라핌) x ILLIT (아일릿) x KATSEYE (캣츠아이)) (Melody Karaoke Version)","ZZang KARAOKE","","178.0","","0","d8da929cca266efdda11","iconic by mistake","Semo","","176.117","","0","below_threshold","uncertain"
"v1","32","32:233:QQ","QQ","apple_music_catalog","6776077187","","ICONIC BY MISTAKE","LE SSERAFIM, ILLIT & KATSEYE","ICONIC BY MISTAKE - Single","178.0","","","","","","","","","","","","","","","","no_candidates","uncertain"
"v1","32","32:234:Kugou","Kugou","apple_music_catalog","1773452221","","APT.","ROSÉ & Bruno Mars","APT. - Single","170.0","","","","","","","","","","","","","","","","no_candidates","uncertain"
"v1","32","32:234:QQ","QQ","apple_music_catalog","1773452221","","APT.","ROSÉ & Bruno Mars","APT. - Single","170.0","","","","","","","","","","","","","","","","no_candidates","uncertain"
"v1","32","32:235:Kugou","Kugou","apple_music_catalog","1228739604","","IDGAF","Dua Lipa","Dua Lipa (Deluxe)","218.0","deluxe","","","","","","","","","","","","","","","no_candidates","uncertain"
"v1","32","32:235:NetEase","NetEase","apple_music_catalog","1228739604","","IDGAF","Dua Lipa","Dua Lipa (Deluxe)","218.0","deluxe","3436506c8f9d9abbbbdd","IDGAF","Dua Lipa","","217.946","","95","5facf404e0941b1d6506","IDGAF","Dua Lipa","","216.44","","95","ambiguous_gap","uncertain"
"v1","32","32:235:QQ","QQ","apple_music_catalog","1228739604","","IDGAF","Dua Lipa","Dua Lipa (Deluxe)","218.0","deluxe","","","","","","","","","","","","","","","no_candidates","uncertain"
"v1","32","32:236:Kugou","Kugou","apple_music_catalog","1889992130","","cigarette smoke","Olivia Rodrigo","you seem pretty sad for a girl so in love","341.0","","035598c0f760fbe4f0d3","cigarette smoke","Olivia Rodrigo","","340.0","","95","1cd8a7d8379e954c133c","cigarette smoke","Olivia Rodrigo","","342.0","","95","ambiguous_gap","uncertain"
"v1","32","32:236:QQ","QQ","apple_music_catalog","1889992130","","cigarette smoke","Olivia Rodrigo","you seem pretty sad for a girl so in love","341.0","","","","","","","","","","","","","","","","no_candidates","uncertain"
"v1","32","32:237:Kugou","Kugou","apple_music_catalog","635770202","","Hotel California","Eagles","Hotel California","391.0","","21f52429db7a79e0e726","Hotel California","Eagles","","391.0","","95","b108e5f137950c85530e","Hotel California","Eagles","","392.0","","95","ambiguous_gap","uncertain"
"v1","32","32:237:LRCLIB","LRCLIB","apple_music_catalog","635770202","","Hotel California","Eagles","Hotel California","391.0","","c84666f3a6ccead3a57c","Hotel California;Hotel California","Eagles","","391.356","","0","067f6ca57bb183f5defd","Hotel California [Hotel California , 2006]","Eagles","","391.0","","0","below_threshold","uncertain"
"v1","32","32:237:NetEase","NetEase","apple_music_catalog","635770202","","Hotel California","Eagles","Hotel California","391.0","","8102f9bc2022f605e99f","Hotel California (2013 Remaster)","Eagles","","391.376","remaster","95","651e3ddec7365782ef15","Hotel California (1999 Remaster)","Eagles","","390.266","remaster","95","ambiguous_gap","uncertain"
"v1","32","32:237:QQ","QQ","apple_music_catalog","635770202","","Hotel California","Eagles","Hotel California","391.0","","","","","","","","","","","","","","","","no_candidates","uncertain"
"v1","32","32:238:QQ","QQ","apple_music_catalog","1440934015","","Kiss It Better","Rihanna","ANTI (Deluxe)","253.0","deluxe","","","","","","","","","","","","","","","no_candidates","uncertain"
"v1","32","32:239:Kugou","Kugou","apple_music_catalog","1739659144","","WILDFLOWER","Billie Eilish","HIT ME HARD AND SOFT","261.0","","70259e1112ef39be78eb","WILDFLOWER","Billie Eilish","","261.634","","95","0ed68b3002f80e1294ff","WILDFLOWER","Billie Eilish","","261.0","","95","ambiguous_gap","uncertain"
"v1","32","32:239:QQ","QQ","apple_music_catalog","1739659144","","WILDFLOWER","Billie Eilish","HIT ME HARD AND SOFT","261.0","","","","","","","","","","","","","","","","no_candidates","uncertain"
"v1","32","32:240:QQ","QQ","apple_music_catalog","1524885946","","The Hardest Part","Olivia Dean","The Hardest Part - Single","176.0","","","","","","","","","","","","","","","","no_candidates","uncertain"
"v1","32","32:241:LRCLIB","LRCLIB","apple_music_catalog","6769327013","","玻璃","Gareth.T","玻璃 - Single","185.0","","c82b314387ac591b3ebf","玻璃","Gareth.T","","243.0","","0","6f0425186966422b2f4c","玻璃 demo","gareth.t","","186.0","","0","below_threshold","uncertain"
"v1","32","32:241:QQ","QQ","apple_music_catalog","6769327013","","玻璃","Gareth.T","玻璃 - Single","185.0","","","","","","","","","","","","","","","","no_candidates","uncertain"
"v1","32","32:242:Kugou","Kugou","apple_music_catalog","1134344911","","爱错","王力宏","Shangri-La","239.0","","03a8c25ff871d409786c","爱错","王力宏","","239.0","","95","224557d8a938581d7df1","爱错","王力宏","","238.0","","95","ambiguous_gap","uncertain"
"v1","32","32:242:LRCMux","LRCMux","apple_music_catalog","1134344911","","爱错","王力宏","Shangri-La","239.0","","167335699f3b00d1c627","雪人","王力宏","","285.0","","0","","","","","","","","below_threshold","uncertain"
"v1","32","32:242:NetEase","NetEase","apple_music_catalog","1134344911","","爱错","王力宏","Shangri-La","239.0","","3fe46180aadfcd5b7fc1","爱错(Live)","王力宏","","243.53","live","0","db3fd271f81ac94c785a","爱错","Montagem / 王力宏-","","155.875","","0","below_threshold","uncertain"
"v1","32","32:242:QQ","QQ","apple_music_catalog","1134344911","","爱错","王力宏","Shangri-La","239.0","","","","","","","","","","","","","","","","no_candidates","uncertain"
"v1","32","32:243:QQ","QQ","apple_music_catalog","905226305","","我怀念的","孙燕姿","逆光","289.0","","","","","","","","","","","","","","","","no_candidates","uncertain"
"v1","32","32:244:LRCLIB","LRCLIB","apple_music_catalog","1579903651","","特别的人","方大同","危險世界","259.0","","261ed4b573f41cddd261","特别的人","方大同","","171.0","","0","86ecf377eeed1f1c1d2c","特别的人 - 方大同","方大同","","259.0","","0","below_threshold","uncertain"
"v1","32","32:244:QQ","QQ","apple_music_catalog","1579903651","","特别的人","方大同","危險世界","259.0","","","","","","","","","","","","","","","","no_candidates","uncertain"
"v1","32","32:245:Kugou","Kugou","apple_music_catalog","200473135","","阴天","莫文蔚","Karen Mok Greatest Hits","243.0","","e63384636200d0e188ae","阴天","莫文蔚","","242.0","","95","a2afe83257a9ab9e3fb4","阴天","莫文蔚","","243.0","","95","ambiguous_gap","uncertain"
"v1","32","32:245:LRCMux","LRCMux","apple_music_catalog","200473135","","阴天","莫文蔚","Karen Mok Greatest Hits","243.0","","c7ff49c2cff0030d7d15","是非題","莫文蔚","","246.0","","0","","","","","","","","below_threshold","uncertain"
"v1","32","32:245:NetEase","NetEase","apple_music_catalog","200473135","","阴天","莫文蔚","Karen Mok Greatest Hits","243.0","","f91e86275afe411f16cc","阴天","莫文蔚","","242.36","","95","c5596bb5bb1e69854641","阴天","莫文蔚","","242.539","","95","ambiguous_gap","uncertain"
"v1","32","32:245:QQ","QQ","apple_music_catalog","200473135","","阴天","莫文蔚","Karen Mok Greatest Hits","243.0","","","","","","","","","","","","","","","","no_candidates","uncertain"
"v1","32","32:246:Kugou","Kugou","apple_music_catalog","905206660","","爱我还是他","陶喆","太平盛世","293.0","","f0f6741b53d81399242b","爱我还是他","陶喆","","292.702","","95","c629c4170659c4cd1021","爱我还是他","陶喆","","292.0","","95","ambiguous_gap","uncertain"
"v1","32","32:246:QQ","QQ","apple_music_catalog","905206660","","爱我还是他","陶喆","太平盛世","293.0","","","","","","","","","","","","","","","","no_candidates","uncertain"
"v1","32","32:247:Kugou","Kugou","apple_music_catalog","298837675","","开始懂了","孙燕姿","My Desired Happiness","271.0","","e3c286ed76d8de1bf49d","开始懂了","孙燕姿","","271.0","","95","54215fb99bebd702599e","开始懂了","孙燕姿","","272.0","","95","ambiguous_gap","uncertain"
"v1","32","32:247:LRCMux","LRCMux","apple_music_catalog","298837675","","开始懂了","孙燕姿","My Desired Happiness","271.0","","f67fe81b0b6353ee4f56","站起来","成龙","","281.0","","0","","","","","","","","below_threshold","uncertain"
"v1","32","32:247:NetEase","NetEase","apple_music_catalog","298837675","","开始懂了","孙燕姿","My Desired Happiness","271.0","","1fa29c0ac4e2e41d90de","开始懂了","孙燕姿","","271.493","","95","bfd4c9f4abf611bc1f7f","开始懂了","孙燕姿","","271.533","","95","ambiguous_gap","uncertain"
"v1","32","32:247:QQ","QQ","apple_music_catalog","298837675","","开始懂了","孙燕姿","My Desired Happiness","271.0","","","","","","","","","","","","","","","","no_candidates","uncertain"
"v1","32","32:248:Kugou","Kugou","apple_music_catalog","1443352465","","爱情转移","陈奕迅","認了吧 (台灣版)","260.0","","9631b3f23b9fb6295a53","爱情转移","陈奕迅","","259.0","","95","9ce834ceb3bff838ac23","爱情转移","陈奕迅","","262.0","","95","ambiguous_gap","uncertain"
"v1","32","32:248:LRCMux","LRCMux","apple_music_catalog","1443352465","","爱情转移","陈奕迅","認了吧 (台灣版)","260.0","","9b0ac16526705171bbc2","愛情轉移","Eason Chan","","259.0","","0","","","","","","","","below_threshold","uncertain"
"v1","32","32:248:NetEase","NetEase","apple_music_catalog","1443352465","","爱情转移","陈奕迅","認了吧 (台灣版)","260.0","","087d0b33d20a2332c0ff","爱情转移","陈奕迅","","259.986","","95","06aade3cea7c2bf191ab","爱情转移","陈奕迅","","255.906","","91","ambiguous_gap","uncertain"
"v1","32","32:248:QQ","QQ","apple_music_catalog","1443352465","","爱情转移","陈奕迅","認了吧 (台灣版)","260.0","","","","","","","","","","","","","","","","no_candidates","uncertain"
"v1","32","32:249:Kugou","Kugou","apple_music_catalog","347295290","","雨爱","杨丞琳","Rainie & Love?","262.0","","33596927683043156f96","雨爱","杨丞琳","","260.0","","95","c70bcdbcdf4c0b093445","雨爱","杨丞琳","","258.0","","91","ambiguous_gap","uncertain"
"v1","32","32:249:LRCMux","LRCMux","apple_music_catalog","347295290","","雨爱","杨丞琳","Rainie & Love?","262.0","","bcd968325b2f70cc0e68","爱情而已","杨丞琳","","220.0","","0","","","","","","","","below_threshold","uncertain"
"v1","32","32:249:QQ","QQ","apple_music_catalog","347295290","","雨爱","杨丞琳","Rainie & Love?","262.0","","","","","","","","","","","","","","","","no_candidates","uncertain"
"v1","32","32:251:Kugou","Kugou","apple_music_catalog","255921025","","我不难过","孙燕姿","未完成","320.0","","3a2279dd3554744d8f66","我不难过","孙燕姿","","320.0","","95","8bca5ac7f5ce411bc703","我不难过","孙燕姿","","321.0","","95","ambiguous_gap","uncertain"
"v1","32","32:251:QQ","QQ","apple_music_catalog","255921025","","我不难过","孙燕姿","未完成","320.0","","178d9367137a502c8d92","我不难过","孙燕姿","","320.0","","95","2b99398e52526d527886","我不难过 (Single Version)","孙燕姿","","320.0","","95","ambiguous_gap","uncertain"
"v1","32","32:252:Kugou","Kugou","apple_music_catalog","1097016179","","会呼吸的痛","梁静茹","崇拜","273.0","","916cc1ef2274471597eb","会呼吸的痛","梁静茹","","272.0","","95","183de24c323f3139db90","会呼吸的痛","梁静茹","","273.0","","95","ambiguous_gap","uncertain"
"v1","32","32:252:NetEase","NetEase","apple_music_catalog","1097016179","","会呼吸的痛","梁静茹","崇拜","273.0","","52cec83d8ca6c67a923a","会呼吸的痛","梁静茹","","272.973","","95","fe3438d006c685620334","会呼吸的痛","梁静茹","","274.76","","95","ambiguous_gap","uncertain"
"v1","32","32:253:Kugou","Kugou","apple_music_catalog","1528146380","","你不知道的事","王力宏","18 Martial Arts","279.0","","152184bc75606d80044d","你不知道的事","王力宏","","278.882","","95","c779e151e27438a9435e","你不知道的事","王力宏","","278.0","","95","ambiguous_gap","uncertain"
"v1","32","32:253:NetEase","NetEase","apple_music_catalog","1528146380","","你不知道的事","王力宏","18 Martial Arts","279.0","","748889bfc177a5739805","你不知道的事","en（王翊恩）","","232.728","","0","fc176728e11d7726bcd1","你不知道的事","王力宏. / Asasblue","","224.874","","0","below_threshold","uncertain"
"v1","32","32:254:Kugou","Kugou","apple_music_catalog","542922095","","十年","陈奕迅","你的陳奕迅國語精選","205.0","","214935b1aaed32399fc0","十年","陈奕迅","","205.0","","95","0b252b7764c78a41879b","十年","陈奕迅","","204.0","","95","ambiguous_gap","uncertain"
"v1","32","32:255:Kugou","Kugou","apple_music_catalog","220365871","","爱爱爱","方大同","This Love","213.0","","b18fb67ca033f18dd504","爱爱爱","方大同","","213.0","","95","76d567a9210659ff0c4b","爱爱爱","方大同","","211.0","","95","ambiguous_gap","uncertain"
"v1","32","32:255:LRCLIB","LRCLIB","apple_music_catalog","220365871","","爱爱爱","方大同","This Love","213.0","","5b3f3fbca7276a6b5e7f","爱爱爱","方大同","","180.0","","0","b617640af05345ce415c","方大同-爱爱爱","方大同","","213.0","","0","below_threshold","uncertain"
"v1","32","32:255:NetEase","NetEase","apple_music_catalog","220365871","","爱爱爱","方大同","This Love","213.0","","59c97887491110b1a54c","爱爱爱","方大同","","213.266","","95","4234a8b46fce0ec69607","爱爱爱","方大同","","211.866","","95","ambiguous_gap","uncertain"
"v1","32","32:256:NetEase","NetEase","apple_music_catalog","1095630246","","情歌","梁静茹","别再为他流泪","260.0","","a34becc30719962342ef","情歌","梁静茹","","260.093","","95","ccfdca81b4236995a407","情歌","梁静茹","","263.293","","91","ambiguous_gap","uncertain"
"v1","32","32:257:NetEase","NetEase","apple_music_catalog","949320731","","Angel","YOON MIRAE, Tiger JK & Bizzy","Angel - Single","255.0","","ed74fbe5bffbe4d54f68","Angel","尹美莱 / Tiger JK / 비지 (Bizzy)","","255.346","","0","2c8e6eed193403298926","Angel (By Yoonmirae(윤미래), Tiger JK (타이거JK), Bizzy) (Instrumental Karaoke Version)","ZZang KARAOKE","","258.455","","0","below_threshold","uncertain"
"v1","32","32:258:Kugou","Kugou","apple_music_catalog","1442913348","","最佳损友","陈奕迅","Life Continues","234.0","","19b6eb31e6418b23b200","最佳损友","陈奕迅","","233.0","","95","6f39b556f3ab84556b42","最佳损友","陈奕迅","","235.0","","95","ambiguous_gap","uncertain"
"v1","32","32:258:LRCMux","LRCMux","apple_music_catalog","1442913348","","最佳损友","陈奕迅","Life Continues","234.0","","5742e6d94fdfbc1de8b2","最佳損友","Eason Chan","","245.0","","0","","","","","","","","below_threshold","uncertain"
"v1","32","32:258:NetEase","NetEase","apple_music_catalog","1442913348","","最佳损友","陈奕迅","Life Continues","234.0","","2c93f4e29252ac635a38","最佳损友","陈奕迅","","233.56","","95","f56f2108f6df6ff78a4b","最佳损友","陈奕迅","","235.76","","95","ambiguous_gap","uncertain"
"v1","32","32:258:QQ","QQ","apple_music_catalog","1442913348","","最佳损友","陈奕迅","Life Continues","234.0","","","","","","","","","","","","","","","","no_candidates","uncertain"
"v1","32","32:259:QQ","QQ","apple_music_catalog","1788007696","","可惜没如果","林俊杰","Brave New World","298.0","","","","","","","","","","","","","","","","no_candidates","uncertain"
"v1","32","32:260:Kugou","Kugou","apple_music_catalog","280911996","","遇见","孙燕姿","Your Song (2006 新歌+精選)","210.0","","9fd2e161fc4ba3d3fb32","遇见","孙燕姿","","210.0","","95","ec3c32d37fc6f7cfac15","遇见","孙燕姿","","209.0","","95","ambiguous_gap","uncertain"
"v1","32","32:260:QQ","QQ","apple_music_catalog","280911996","","遇见","孙燕姿","Your Song (2006 新歌+精選)","210.0","","","","","","","","","","","","","","","","no_candidates","uncertain"
"v1","32","32:261:Kugou","Kugou","apple_music_catalog","1443352455","","淘汰","陈奕迅","認了吧 (台灣版)","285.0","","e760ff0d9dd9c0702e57","淘汰","陈奕迅","","285.0","","95","6c66efa6917b03856b38","淘汰","陈奕迅","","287.0","","95","ambiguous_gap","uncertain"
"v1","32","32:261:LRCMux","LRCMux","apple_music_catalog","1443352455","","淘汰","陈奕迅","認了吧 (台灣版)","285.0","","29179c9716ed0dfba9e7","淘汰","Eason Chan","","285.0","","0","","","","","","","","below_threshold","uncertain"
"v1","32","32:261:QQ","QQ","apple_music_catalog","1443352455","","淘汰","陈奕迅","認了吧 (台灣版)","285.0","","","","","","","","","","","","","","","","no_candidates","uncertain"
"v1","32","32:262:Kugou","Kugou","apple_music_catalog","597217626","","一个人想着一个人","曾沛慈","KO One Return (Original Soundtrack)","244.0","ost","8ad88f472835f6a0ac40","一个人想着一个人","曾沛慈","","243.81","","95","b37d47206d61f4223991","一个人想着一个人","曾沛慈","","243.07","","95","ambiguous_gap","uncertain"
"v1","32","32:262:QQ","QQ","apple_music_catalog","597217626","","一个人想着一个人","曾沛慈","KO One Return (Original Soundtrack)","244.0","ost","","","","","","","","","","","","","","","no_candidates","uncertain"
"v1","32","32:263:Kugou","Kugou","apple_music_catalog","1443783507","","孤独患者","陈奕迅","?","273.0","","302c6303b20cec6523c6","孤独患者","陈奕迅","","273.0","","95","16c02317bb151e02f605","孤独患者","陈奕迅","","271.0","","95","ambiguous_gap","uncertain"
"v1","32","32:263:QQ","QQ","apple_music_catalog","1443783507","","孤独患者","陈奕迅","?","273.0","","","","","","","","","","","","","","","","no_candidates","uncertain"
"v1","32","32:264:Kugou","Kugou","apple_music_catalog","1722205331","","忽然之间","莫文蔚","就是莫文蔚","202.0","","9f1963c1bd0136885024","忽然之间","莫文蔚","","201.0","","95","7ff4e39cfb520e9cd3cb","忽然之间","莫文蔚","","202.0","","95","ambiguous_gap","uncertain"
"v1","32","32:264:LRCMux","LRCMux","apple_music_catalog","1722205331","","忽然之间","莫文蔚","就是莫文蔚","202.0","","ee811fff121c326d696d","忽然之間","莫文蔚","","199.0","","0","","","","","","","","below_threshold","uncertain"
"v1","32","32:264:NetEase","NetEase","apple_music_catalog","1722205331","","忽然之间","莫文蔚","就是莫文蔚","202.0","","17f9fe899381f50ebfdb","忽然之间","莫文蔚","","201.666","","95","71fa588322308cc30a52","忽然之间","莫文蔚","","199.24","","91","ambiguous_gap","uncertain"
"v1","32","32:264:QQ","QQ","apple_music_catalog","1722205331","","忽然之间","莫文蔚","就是莫文蔚","202.0","","","","","","","","","","","","","","","","no_candidates","uncertain"
"v1","32","32:265:Kugou","Kugou","apple_music_catalog","1871400637","","不为谁而作的歌","林俊杰","From M.E. To Myself","266.0","","5890316337f92344add8","不为谁而作的歌","林俊杰","","266.0","","95","fda3095da10640039714","不为谁而作的歌","林俊杰","","265.0","","95","ambiguous_gap","uncertain"
"v1","32","32:265:LRCLIB","LRCLIB","apple_music_catalog","1871400637","","不为谁而作的歌","林俊杰","From M.E. To Myself","266.0","","a3ba2acbeec4bda94a32","不为谁而作的歌","林俊杰","","283.0","","0","0f3b6d2d435e280fb35a","林俊杰 - 不为谁而作的歌","林俊杰","","266.0","","0","below_threshold","uncertain"
"v1","32","32:265:NetEase","NetEase","apple_music_catalog","1871400637","","不为谁而作的歌","林俊杰","From M.E. To Myself","266.0","","aceeeb56d083515d2fd9","不为谁而作的歌","林俊杰","","265.8","","95","4c2a8a1a0c6d97484756","不为谁而作的歌","林俊杰","","269.72","","91","ambiguous_gap","uncertain"
"v1","32","32:265:QQ","QQ","apple_music_catalog","1871400637","","不为谁而作的歌","林俊杰","From M.E. To Myself","266.0","","","","","","","","","","","","","","","","no_candidates","uncertain"
"v1","32","32:266:Kugou","Kugou","apple_music_catalog","1071753628","","江南","林俊杰","第二天堂(江南)","268.0","","b41addc9354ea6e23633","江南","林俊杰","","267.0","","95","d967697da287b8ca8f20","江南","林俊杰","","268.0","","95","ambiguous_gap","uncertain"
"v1","32","32:266:NetEase","NetEase","apple_music_catalog","1071753628","","江南","林俊杰","第二天堂(江南)","268.0","","d1a58226a3aed6d14bef","江南","林俊杰","","267.946","","95","b0a4a9c8ebcd07b38601","江南","林俊杰","","267.0","","95","ambiguous_gap","uncertain"
"v1","32","32:266:QQ","QQ","apple_music_catalog","1071753628","","江南","林俊杰","第二天堂(江南)","268.0","","","","","","","","","","","","","","","","no_candidates","uncertain"
"v1","32","32:267:QQ","QQ","apple_music_catalog","1811349432","","颜色","Gareth.T","顏色 - Single","211.0","","","","","","","","","","","","","","","","no_candidates","uncertain"
"v1","32","32:268:Kugou","Kugou","apple_music_catalog","1887671067","","REDRED","CORTIS","GREENGREEN - EP","163.0","","","","","","","","","","","","","","","","no_candidates","uncertain"
"v1","32","32:268:LRCLIB","LRCLIB","apple_music_catalog","1887671067","","REDRED","CORTIS","GREENGREEN - EP","163.0","","e8fdb4cbafa7b5926fc9","REDRED","CORTIS","","208.0","","0","","","","","","","","below_threshold","uncertain"
"v1","32","32:268:NetEase","NetEase","apple_music_catalog","1887671067","","REDRED","CORTIS","GREENGREEN - EP","163.0","","28a9f4cb39d7ad8da3ac","REDRED","金主训","","195.674","","0","ba2b81d646d4acb8b470","REDRED(Cover:CORTIS)","KAWOO咔呜","","163.0","cover","0","below_threshold","uncertain"
"v1","32","32:268:QQ","QQ","apple_music_catalog","1887671067","","REDRED","CORTIS","GREENGREEN - EP","163.0","","","","","","","","","","","","","","","","no_candidates","uncertain"
"v1","32","32:269:Kugou","Kugou","apple_music_catalog","1134353955","","大城小爱","王力宏","Heroes of Earth","225.0","","14b779aac50da0b02c02","大城小爱","王力宏","","224.0","","95","c68f5e0caf13bcb50155","大城小爱","王力宏","","222.0","","91","ambiguous_gap","uncertain"
"v1","32","32:269:NetEase","NetEase","apple_music_catalog","1134353955","","大城小爱","王力宏","Heroes of Earth","225.0","","4bc3ce173386d679679e","大城小爱(Live)","王力宏","","222.493","live","0","8db885ecae061e9079ba","大城小爱(Live)","王力宏","","316.139","live","0","below_threshold","uncertain"
"v1","32","32:269:QQ","QQ","apple_music_catalog","1134353955","","大城小爱","王力宏","Heroes of Earth","225.0","","","","","","","","","","","","","","","","no_candidates","uncertain"
"v1","32","32:270:Kugou","Kugou","apple_music_catalog","1416149929","","飞机场的10:30","陶喆","David Tao","281.0","","d5ecaf0da0e036576996","飞机场的10:30","陶喆","","280.816","","95","1bd3ad322a3b0e89300f","飞机场的10:30","陶喆","","280.0","","95","ambiguous_gap","uncertain"
"v1","32","32:270:LRCLIB","LRCLIB","apple_music_catalog","1416149929","","飞机场的10:30","陶喆","David Tao","281.0","","1caca2bb0c6b01b98990","飞机场的10:30","陶喆","","263.0","","0","","","","","","","","below_threshold","uncertain"
"v1","32","32:270:QQ","QQ","apple_music_catalog","1416149929","","飞机场的10:30","陶喆","David Tao","281.0","","","","","","","","","","","","","","","","no_candidates","uncertain"
"v1","32","32:271:Kugou","Kugou","apple_music_catalog","1443346107","","富士山下","陈奕迅","What's Going On...?","259.0","","829cc797dee56fb5fe81","富士山下","陈奕迅","","259.0","","95","40ef8c1b55c263945768","富士山下","陈奕迅","","257.0","","95","ambiguous_gap","uncertain"
"v1","32","32:271:LRCMux","LRCMux","apple_music_catalog","1443346107","","富士山下","陈奕迅","What's Going On...?","259.0","","13821da1047d3e35b063","富士山下","Eason Chan","","259.0","","0","","","","","","","","below_threshold","uncertain"
"v1","32","32:271:QQ","QQ","apple_music_catalog","1443346107","","富士山下","陈奕迅","What's Going On...?","259.0","","","","","","","","","","","","","","","","no_candidates","uncertain"
"v1","32","32:272:Kugou","Kugou","apple_music_catalog","1450330686","","thank u, next","Ariana Grande","thank u, next","207.0","","bbe0c025682cea30eec1","Thank U, Next","Various Artists","","202.213","","0","","","","","","","","below_threshold","uncertain"
"v1","32","32:272:QQ","QQ","apple_music_catalog","1450330686","","thank u, next","Ariana Grande","thank u, next","207.0","","","","","","","","","","","","","","","","no_candidates","uncertain"
"v1","32","32:273:Kugou","Kugou","apple_music_catalog","152197590","","太聪明","陈绮贞","Groupies","263.0","","3843faf7cedc3a15e815","太聪明","陈绮贞","","262.0","","95","dd678bd173bb696c9525","太聪明","陈绮贞","","263.0","","95","ambiguous_gap","uncertain"
"v1","32","32:273:QQ","QQ","apple_music_catalog","152197590","","太聪明","陈绮贞","Groupies","263.0","","","","","","","","","","","","","","","","no_candidates","uncertain"
"v1","32","32:274:Kugou","Kugou","apple_music_catalog","1053567928","","多远都要在一起","邓紫棋","Heartbeat","217.0","","3ccc831f59439b8f6b4c","多远都要在一起","G.E.M. 邓紫棋","","217.86","","80","30afd847d0e8b269977a","多远都要在一起","G.E.M. 邓紫棋","","217.0","","80","ambiguous_gap","uncertain"
"v1","32","32:274:QQ","QQ","apple_music_catalog","1053567928","","多远都要在一起","邓紫棋","Heartbeat","217.0","","","","","","","","","","","","","","","","no_candidates","uncertain"
"v1","32","32:275:Kugou","Kugou","apple_music_catalog","1692291089","","勇气","梁静茹","勇氣","239.0","","ce7464d7e56e47ad4d18","勇气","梁静茹","","239.0","","95","a267b70f3590515bfe7a","勇气","梁静茹","","238.0","","95","ambiguous_gap","uncertain"
"v1","32","32:275:NetEase","NetEase","apple_music_catalog","1692291089","","勇气","梁静茹","勇氣","239.0","","caf69a62aa15b09f1bf1","勇气","梁静茹","","239.293","","95","75e0cc0871cce05a3290","勇气","梁静茹","","239.826","","95","ambiguous_gap","uncertain"
"v1","32","32:275:QQ","QQ","apple_music_catalog","1692291089","","勇气","梁静茹","勇氣","239.0","","","","","","","","","","","","","","","","no_candidates","uncertain"
"v1","32","32:276:QQ","QQ","apple_music_catalog","1531323101","","交换余生","林俊杰","No Turning Back - Single","276.0","","","","","","","","","","","","","","","","no_candidates","uncertain"
"v1","32","32:277:QQ","QQ","apple_music_catalog","1421693331","","小半","陈粒","小梦大半","297.0","","","","","","","","","","","","","","","","no_candidates","uncertain"
"v1","32","32:278:Kugou","Kugou","apple_music_catalog","577983297","","麦恩莉","方大同","Back to Wonderland","288.0","","487cf300c3f0ed8f637d","麦恩莉","方大同","","288.526","","95","4578cc4271b0b171ba7e","麦恩莉","方大同","","288.391","","95","ambiguous_gap","uncertain"
"v1","32","32:278:QQ","QQ","apple_music_catalog","577983297","","麦恩莉","方大同","Back to Wonderland","288.0","","","","","","","","","","","","","","","","no_candidates","uncertain"
"v1","32","32:279:Kugou","Kugou","apple_music_catalog","1071506929","","她说","林俊杰","她說","319.0","","7c55adcc7613f6f740e4","她说","林俊杰","","320.0","","95","d4a98a8dae43e19e45b5","她说","林俊杰","","321.0","","95","ambiguous_gap","uncertain"
"v1","32","32:279:QQ","QQ","apple_music_catalog","1071506929","","她说","林俊杰","她說","319.0","","","","","","","","","","","","","","","","no_candidates","uncertain"
"v1","32","32:280:Kugou","Kugou","apple_music_catalog","541857036","","天黑黑","孙燕姿","The Moment","236.0","","bd594423d10d6f4a0188","天黑黑","孙燕姿","","236.0","","95","9ff7f0680e523aaecf9e","天黑黑","孙燕姿","","235.0","","95","ambiguous_gap","uncertain"
"v1","32","32:280:NetEase","NetEase","apple_music_catalog","541857036","","天黑黑","孙燕姿","The Moment","236.0","","134c2f47e3b5178db0fe","天黑黑","孙燕姿","","236.16","","95","e147c1f1f9c9ff2b54f3","天黑黑 (Remastered)","孙燕姿","","237.066","remaster","95","ambiguous_gap","uncertain"
"v1","32","32:280:QQ","QQ","apple_music_catalog","541857036","","天黑黑","孙燕姿","The Moment","236.0","","","","","","","","","","","","","","","","no_candidates","uncertain"
"v1","32","32:281:QQ","QQ","apple_music_catalog","1694849138","","修炼爱情","林俊杰","Stories Untold","287.0","","","","","","","","","","","","","","","","no_candidates","uncertain"
"v1","32","32:282:LRCLIB","LRCLIB","apple_music_catalog","1875146815","","RUDE!","Hearts2Hearts","RUDE! - Single","200.0","","81332d0d0bd0c5f2f5e3","RUDE!","Hearts2Hearts","","216.0","","0","","","","","","","","below_threshold","uncertain"
"v1","32","32:282:NetEase","NetEase","apple_music_catalog","1875146815","","RUDE!","Hearts2Hearts","RUDE! - Single","200.0","","fb75cbdb1c427a7c277a","RUDE！（翻自 Hearts2Hearts）","雪莉sherry","","200.272","","0","152a97273d948e4748db","RUDE !  - HEARTS2HEARTS by 𝐆iselle 🪼","Suno.ai","","180.024","","0","below_threshold","uncertain"
"v1","32","32:282:QQ","QQ","apple_music_catalog","1875146815","","RUDE!","Hearts2Hearts","RUDE! - Single","200.0","","","","","","","","","","","","","","","","no_candidates","uncertain"
"v1","32","32:283:NetEase","NetEase","apple_music_catalog","1072339996","","不将就 (电影《何以笙箫默》片尾曲)","李荣浩","An Ideal","313.0","","850a8115f651dc62f337","不将就","李荣浩","","312.997","","95","961bcd901f27f0bbeddb","不将就 (电影""何以笙箫默""片尾曲)","李荣浩","","312.997","","95","ambiguous_gap","uncertain"
"v1","32","32:283:QQ","QQ","apple_music_catalog","1072339996","","不将就 (电影《何以笙箫默》片尾曲)","李荣浩","An Ideal","313.0","","","","","","","","","","","","","","","","no_candidates","uncertain"
"v1","32","32:284:QQ","QQ","apple_music_catalog","1864304148","","失眠","Suki刘舒妤","Ladies Night","211.0","","","","","","","","","","","","","","","","no_candidates","uncertain"
"v1","32","32:285:LRCLIB","LRCLIB","apple_music_catalog","1071752119","","Always Online","林俊杰","JJ陸","222.0","","05842fbbe636013617e3","Always Online","林俊杰","","225.0","","91","c7bd9d1a0dacd98fdd69","Always Online (网络电影《爱·在线》主题曲)","林俊杰","","225.013","ost","91","ambiguous_gap","uncertain"
"v1","32","32:285:QQ","QQ","apple_music_catalog","1071752119","","Always Online","林俊杰","JJ陸","222.0","","","","","","","","","","","","","","","","no_candidates","uncertain"
"v1","32","32:286:QQ","QQ","apple_music_catalog","6780313808","","singasong","徐明浩 & Vernon","V8","188.0","","","","","","","","","","","","","","","","no_candidates","uncertain"
"v1","32","32:287:Kugou","Kugou","apple_music_catalog","930758244","","爱请问怎么走","A-Lin","精選A-Lin - Everlasting…Best and More","266.0","","06085f08d7fde453cbea","爱，请问怎么走","A-Lin","","268.0","","95","8309c308584c173529fc","爱 请问怎么走","A-Lin","","266.0","","95","ambiguous_gap","uncertain"
"v1","32","32:287:NetEase","NetEase","apple_music_catalog","930758244","","爱请问怎么走","A-Lin","精選A-Lin - Everlasting…Best and More","266.0","","7e1faf1a9dc903c0920e","爱 请问怎么走","黄丽玲","","268.333","","0","4a52fe79a367c3a04e69","爱请问怎么走","橡木","","244.401","","0","below_threshold","uncertain"
"v1","32","32:287:QQ","QQ","apple_music_catalog","930758244","","爱请问怎么走","A-Lin","精選A-Lin - Everlasting…Best and More","266.0","","","","","","","","","","","","","","","","no_candidates","uncertain"
"v1","32","32:288:Kugou","Kugou","apple_music_catalog","905212063","","偏爱","张芸京","破天荒","213.0","","b39a08377d7c70a0054b","偏爱","张芸京","","212.0","","95","4d9bcfc259b7c9b9c1af","偏爱","张芸京","","211.0","","95","ambiguous_gap","uncertain"
"v1","32","32:288:LRCLIB","LRCLIB","apple_music_catalog","905212063","","偏爱","张芸京","破天荒","213.0","","abb7fb8ca74087ac23c1","偏爱-《仙剑奇侠传3》电视剧插曲","张芸京","","213.0","ost","0","","","","","","","","below_threshold","uncertain"
"v1","32","32:288:QQ","QQ","apple_music_catalog","905212063","","偏爱","张芸京","破天荒","213.0","","","","","","","","","","","","","","","","no_candidates","uncertain"
"v1","32","32:289:Kugou","Kugou","apple_music_catalog","535391947","","爱情讯息","郭静","下一個天亮","281.0","","9932eb7b633879511419","爱情讯息","郭静","","280.842","","95","50cde6766c6174529350","爱情讯息","郭静","","280.0","","95","ambiguous_gap","uncertain"
"v1","32","32:289:QQ","QQ","apple_music_catalog","535391947","","爱情讯息","郭静","下一個天亮","281.0","","","","","","","","","","","","","","","","no_candidates","uncertain"
"v1","32","32:290:Kugou","Kugou","apple_music_catalog","1834199249","","连名带姓","张惠妹","偷故事的人","334.0","","6e09b37e9ac42ebae391","连名带姓","张惠妹","","333.583","","95","db09457587c653b9e374","连名带姓","张惠妹","","333.058","","95","ambiguous_gap","uncertain"
"v1","32","32:290:NetEase","NetEase","apple_music_catalog","1834199249","","连名带姓","张惠妹","偷故事的人","334.0","","814896600d20641789fb","连名带姓 (Live版)","张碧晨 / 黄丽玲","","349.754","","0","8d56f9fed1e5a881a0da","连名带姓","宝宝宝宝宝耶 / 张惠妹","","241.502","","0","below_threshold","uncertain"
"v1","32","32:290:QQ","QQ","apple_music_catalog","1834199249","","连名带姓","张惠妹","偷故事的人","334.0","","","","","","","","","","","","","","","","no_candidates","uncertain"
"v1","32","32:291:Kugou","Kugou","apple_music_catalog","1071517710","","背对背拥抱","林俊杰","100天","235.0","","043ea58c4172d304142c","背对背拥抱","林俊杰","","234.0","","95","bdf3175f84be2e9cf56f","背对背拥抱","林俊杰","","238.0","","91","ambiguous_gap","uncertain"
"v1","32","32:291:NetEase","NetEase","apple_music_catalog","1071517710","","背对背拥抱","林俊杰","100天","235.0","","679946026532351451ba","背对背拥抱","林俊杰","","236.893","","95","3ce29f320afa78b1134e","背对背拥抱","林俊杰","","234.919","","95","ambiguous_gap","uncertain"
"v1","32","32:291:QQ","QQ","apple_music_catalog","1071517710","","背对背拥抱","林俊杰","100天","235.0","","","","","","","","","","","","","","","","no_candidates","uncertain"
"v1","32","32:292:Kugou","Kugou","apple_music_catalog","6789836210","","FB愛不完","床哥 & Novel Fergus","FB愛不完 - Single","176.0","","b82dbc357b79c6d6ffc0","FB爱不完","床哥、Novel Fergus","","176.0","","0","","","","","","","","below_threshold","uncertain"
"v1","32","32:292:NetEase","NetEase","apple_music_catalog","6789836210","","FB愛不完","床哥 & Novel Fergus","FB愛不完 - Single","176.0","","53234137506b4319a931","FB爱不完","床哥 / Novel Fergus","","176.094","","0","98a276e868575792b15a","地盘佬","Novel Fergus","","162.782","","0","below_threshold","uncertain"
"v1","32","32:292:QQ","QQ","apple_music_catalog","6789836210","","FB愛不完","床哥 & Novel Fergus","FB愛不完 - Single","176.0","","","","","","","","","","","","","","","","no_candidates","uncertain"
"v1","32","32:293:QQ","QQ","apple_music_catalog","6789836010","","仙女座事故","良少 & 陳健安","仙女座事故 - Single","177.0","","","","","","","","","","","","","","","","no_candidates","uncertain"
"v1","32","32:294:Kugou","Kugou","apple_music_catalog","6789835836","","旋轉木馬","米爺 & 黃淑蔓","旋轉木馬 - Single","195.0","","fb4f4f6696170124559b","旋转木马","米爷、黄淑蔓","","194.0","","0","","","","","","","","below_threshold","uncertain"
"v1","32","32:294:NetEase","NetEase","apple_music_catalog","6789835836","","旋轉木馬","米爺 & 黃淑蔓","旋轉木馬 - Single","195.0","","ce6b939c518f53b13516","旋转木马","米爷 / 黄淑蔓","","194.812","","0","","","","","","","","below_threshold","uncertain"
"v1","32","32:294:QQ","QQ","apple_music_catalog","6789835836","","旋轉木馬","米爺 & 黃淑蔓","旋轉木馬 - Single","195.0","","","","","","","","","","","","","","","","no_candidates","uncertain"
"v1","32","32:295:QQ","QQ","apple_music_catalog","6772915785","","男人怎可以","MC 張天賦","男人怎可以 - Single","256.0","","","","","","","","","","","","","","","","no_candidates","uncertain"
"v1","32","32:296:Kugou","Kugou","apple_music_catalog","1816674595","","用背脊唱情歌","Gareth.T","用背脊唱情歌 - Single","210.0","","540c2301823bab7fbc39","用背脊唱情歌","Gareth.T","","210.0","","95","1ebb17d65593753ec974","用背脊唱情歌 (canon in d version, Bonus Track)","Gareth.T","","208.0","","95","ambiguous_gap","uncertain"
"v1","32","32:296:LRCLIB","LRCLIB","apple_music_catalog","1816674595","","用背脊唱情歌","Gareth.T","用背脊唱情歌 - Single","210.0","","2cc55fb2bbf003851ff5","用背脊唱情歌","Gareth.T","","210.0","","95","8038653cf1f5d66f347d","用背脊唱情歌 - canon in d version, Bonus Track","Gareth.T","","208.0","","95","ambiguous_gap","uncertain"
"v1","32","32:296:QQ","QQ","apple_music_catalog","1816674595","","用背脊唱情歌","Gareth.T","用背脊唱情歌 - Single","210.0","","","","","","","","","","","","","","","","no_candidates","uncertain"
"v1","32","32:297:Kugou","Kugou","apple_music_catalog","1784959357","","說謊者","MC 張天賦","說謊者 - Single","249.0","","3edbc1a4d1b6f002b27e","说谎者","MC 张天赋","","249.0","","0","48f258784a743bf106b8","说谎者 (DJ 慢摇版)","MC 张天赋","","248.0","","0","below_threshold","uncertain"
"v1","32","32:297:NetEase","NetEase","apple_music_catalog","1784959357","","說謊者","MC 張天賦","說謊者 - Single","249.0","","255472f87dd3de47ff63","说谎者","MC 张天赋","","249.136","","0","464d8ef83d99011ea03c","说谎者 (Cover：MC 张天赋)","龙志豪","","104.088","cover","0","below_threshold","uncertain"
"v1","32","32:297:QQ","QQ","apple_music_catalog","1784959357","","說謊者","MC 張天賦","說謊者 - Single","249.0","","","","","","","","","","","","","","","","no_candidates","uncertain"
"v1","32","32:298:Kugou","Kugou","apple_music_catalog","6789836269","","甕中之鱉","周國賢 & GE","甕中之鱉 - Single","205.0","","b4aa8f79ac6d96057881","瓮中之鳖","周国贤、GE","","205.0","","0","","","","","","","","below_threshold","uncertain"
"v1","32","32:298:NetEase","NetEase","apple_music_catalog","6789836269","","甕中之鱉","周國賢 & GE","甕中之鱉 - Single","205.0","","6dd617284fc3e8819004","瓮中之鳖","周国贤 / GE","","205.028","","0","7b58bf42cf3b0588b9ad","有時","周国贤","","257.12","","0","below_threshold","uncertain"
"v1","32","32:298:QQ","QQ","apple_music_catalog","6789836269","","甕中之鱉","周國賢 & GE","甕中之鱉 - Single","205.0","","","","","","","","","","","","","","","","no_candidates","uncertain"
"v1","32","32:299:Kugou","Kugou","apple_music_catalog","1804348174","","懷疑人生","MC 張天賦","懷疑人生 - Single","269.0","","f1f60878678b3fb9227e","怀疑人生","MC 张天赋","","269.0","","0","2f6b06f39d9069300470","怀疑人生 (2025第38届叱咤乐坛流行榜颁奖典礼现场)","MC 张天赋","","260.0","live","0","below_threshold","uncertain"
"v1","32","32:299:LRCLIB","LRCLIB","apple_music_catalog","1804348174","","懷疑人生","MC 張天賦","懷疑人生 - Single","269.0","","233b72481ff24c94bfb4","懷疑人生","MC 張天賦","","292.0","","0","","","","","","","","below_threshold","uncertain"
"v1","32","32:299:NetEase","NetEase","apple_music_catalog","1804348174","","懷疑人生","MC 張天賦","懷疑人生 - Single","269.0","","0d24362d69781331c1f3","怀疑人生","MC 张天赋","","269.118","","0","9fdf99a1e31a5d714d55","懷疑人生","KatyLam","","257.345","","0","below_threshold","uncertain"
"v1","32","32:299:QQ","QQ","apple_music_catalog","1804348174","","懷疑人生","MC 張天賦","懷疑人生 - Single","269.0","","","","","","","","","","","","","","","","no_candidates","uncertain"
"v1","32","32:300:Kugou","Kugou","apple_music_catalog","1718045819","","緊急聯絡人","Gareth.T","緊急聯絡人 - Single","223.0","","21540921fef899069477","紧急联络人","Gareth.T","","222.0","","0","bd1e6daacd09906696c4","紧急联络人 (网友改编)","MC 张天赋、Gareth.T","","204.0","","0","below_threshold","uncertain"
"v1","32","32:300:NetEase","NetEase","apple_music_catalog","1718045819","","緊急聯絡人","Gareth.T","緊急聯絡人 - Single","223.0","","a373cf56568c05f24e07","紧急联络人","Gareth.T","","222.668","","0","1605cfb9225f17882d0f","紧急联络人（翻唱正式版）","炫动小霸王","","222.667","cover","0","below_threshold","uncertain"
"v1","32","32:300:QQ","QQ","apple_music_catalog","1718045819","","緊急聯絡人","Gareth.T","緊急聯絡人 - Single","223.0","","","","","","","","","","","","","","","","no_candidates","uncertain"
"v1","32","32:301:Kugou","Kugou","apple_music_catalog","1590828011","","記憶棉","MC 張天賦","記憶棉 - Single","273.0","","e659bf56146f481e6394","记忆棉","MC 张天赋","","273.0","","0","64fa0cd51094a682d350","记忆棉 (2025 JJ20 FINAL LAP 世界巡回演唱会香港站现场)","林俊杰、MC 张天赋","","276.0","live","0","below_threshold","uncertain"
"v1","32","32:301:LRCLIB","LRCLIB","apple_music_catalog","1590828011","","記憶棉","MC 張天賦","記憶棉 - Single","273.0","","62d9ee3ee5ff7b0a5e46","記憶棉","MC 張天賦","","293.0","","0","","","","","","","","below_threshold","uncertain"
"v1","32","32:301:NetEase","NetEase","apple_music_catalog","1590828011","","記憶棉","MC 張天賦","記憶棉 - Single","273.0","","9db78b05612df57d23bd","记忆棉","MC 张天赋","","273.39","","0","c85d02712387020a73e8","记忆棉 (Live)","MC 张天赋","","277.541","live","0","below_threshold","uncertain"
"v1","32","32:301:QQ","QQ","apple_music_catalog","1590828011","","記憶棉","MC 張天賦","記憶棉 - Single","273.0","","","","","","","","","","","","","","","","no_candidates","uncertain"
"v1","32","32:302:Kugou","Kugou","apple_music_catalog","6788278122","","老 Best","JFFT","老 Best - Single","263.0","","","","","","","","","","","","","","","","no_candidates","uncertain"
"v1","32","32:302:QQ","QQ","apple_music_catalog","6788278122","","老 Best","JFFT","老 Best - Single","263.0","","","","","","","","","","","","","","","","no_candidates","uncertain"
"v1","32","32:303:NetEase","NetEase","apple_music_catalog","1887819000","","我看見今晚的月色很美,你呢?","晚安莉莉","Goodnight, Lillie.","244.0","","3c7294c62c3d21f47aab","我看见今晚的月色很美，你呢？","晚安莉莉","","244.067","","91","8598325a2b86f34d6dc5","我看见今夜的月色很美，你呢？","晚安莉莉","","244.054","","87","ambiguous_gap","uncertain"
"v1","32","32:303:QQ","QQ","apple_music_catalog","1887819000","","我看見今晚的月色很美,你呢?","晚安莉莉","Goodnight, Lillie.","244.0","","","","","","","","","","","","","","","","no_candidates","uncertain"
"v1","32","32:304:Kugou","Kugou","apple_music_catalog","1635915583","","老派約會之必要","MC 張天賦","老派約會之必要","224.0","","82c74310ab7c46cab301","老派约会之必要","MC 张天赋","","223.0","","0","6368c6b11d9fde7aa0e7","老派约会之必要 (Live)","MC 张天赋","","236.0","live","0","below_threshold","uncertain"
"v1","32","32:304:NetEase","NetEase","apple_music_catalog","1635915583","","老派約會之必要","MC 張天賦","老派約會之必要","224.0","","a922215b417bd75d96ad","老派约会之必要","MC 张天赋","","223.95","","0","96e34941096d5515840e","老派约会之必要 (Live)","MC 张天赋","","236.75","live","0","below_threshold","uncertain"
"v1","32","32:304:QQ","QQ","apple_music_catalog","1635915583","","老派約會之必要","MC 張天賦","老派約會之必要","224.0","","","","","","","","","","","","","","","","no_candidates","uncertain"
"v1","32","32:305:Kugou","Kugou","apple_music_catalog","1762544235","","小心碰頭","MC 張天賦","小心碰頭 - Single","258.0","","1b98d6672859a2d6c7f9","小心碰头","MC 张天赋","","257.0","","0","d7b57ff599b03fff6977","小心碰头 (国粤双语版demo)","MC 张天赋","","247.0","","0","below_threshold","uncertain"
"v1","32","32:305:NetEase","NetEase","apple_music_catalog","1762544235","","小心碰頭","MC 張天賦","小心碰頭 - Single","258.0","","092a6d6fdc673ef29101","小心碰头","MC 张天赋","","257.557","","0","f830abd26575381bc2ff","小心碰头(国语版)","椰子","","254.448","","0","below_threshold","uncertain"
"v1","32","32:305:QQ","QQ","apple_music_catalog","1762544235","","小心碰頭","MC 張天賦","小心碰頭 - Single","258.0","","","","","","","","","","","","","","","","no_candidates","uncertain"
"v1","32","32:306:Kugou","Kugou","apple_music_catalog","6784828299","","TIPSY","MC 張天賦","TIPSY - Single","160.0","","82c74310ab7c46cab301","老派约会之必要","MC 张天赋","","223.0","","0","ef158b181f3615a49655","反对无效","MC 张天赋","","228.0","","0","below_threshold","uncertain"
"v1","32","32:306:LRCMux","LRCMux","apple_music_catalog","6784828299","","TIPSY","MC 張天賦","TIPSY - Single","160.0","","fafe920536bd7692b14c","TIPSY","MC Cheung Tinfu","","160.0","","0","","","","","","","","below_threshold","uncertain"
"v1","32","32:306:QQ","QQ","apple_music_catalog","6784828299","","TIPSY","MC 張天賦","TIPSY - Single","160.0","","","","","","","","","","","","","","","","no_candidates","uncertain"
"v1","32","32:307:Kugou","Kugou","apple_music_catalog","1720142741","","永久損毀","MC 張天賦 & 陳蕾","永久損毀 - Single","232.0","","9cf0e59d4eddb7dfcf2a","永久损毁","MC 张天赋、陈蕾","","232.0","","0","c561a14077ed38bf59b9","永久损毁 (DJ 阿树版)","MC 张天赋、陈蕾","","92.0","","0","below_threshold","uncertain"
"v1","32","32:307:NetEase","NetEase","apple_music_catalog","1720142741","","永久損毀","MC 張天賦 & 陳蕾","永久損毀 - Single","232.0","","96b012d67b939e2c2f02","永久损毁","MC 张天赋 / 陈蕾","","232.002","","0","","","","","","","","below_threshold","uncertain"
"v1","32","32:307:QQ","QQ","apple_music_catalog","1720142741","","永久損毀","MC 張天賦 & 陳蕾","永久損毀 - Single","232.0","","","","","","","","","","","","","","","","no_candidates","uncertain"
"v1","32","32:308:Kugou","Kugou","apple_music_catalog","542677437","","歲月如歌","陳奕迅","Live for Today","208.0","live","14173d16306fb5199afd","我们的拼好歌","华语群星","","229.0","","0","a79265cfefc95f2b23b9","岁月如歌","陈奕迅","","207.0","","0","below_threshold","uncertain"
"v1","32","32:308:QQ","QQ","apple_music_catalog","542677437","","歲月如歌","陳奕迅","Live for Today","208.0","live","","","","","","","","","","","","","","","no_candidates","uncertain"
"v1","32","32:309:QQ","QQ","apple_music_catalog","1722428083","","黑玻璃","洪嘉豪","黑玻璃 - Single","219.0","","","","","","","","","","","","","","","","no_candidates","uncertain"
"v1","32","32:310:LRCMux","LRCMux","apple_music_catalog","1698293749","","抽","MC 張天賦","抽 - Single","243.0","","888005e66fe10719f918","Inhale","MC Cheung Tinfu","","242.0","","0","","","","","","","","below_threshold","uncertain"
"v1","32","32:310:QQ","QQ","apple_music_catalog","1698293749","","抽","MC 張天賦","抽 - Single","243.0","","","","","","","","","","","","","","","","no_candidates","uncertain"
"v1","32","32:311:Kugou","Kugou","apple_music_catalog","1868628419","","無名氏","MC 張天賦","無名氏 - Single","227.0","","a40fddb4e4c93f0f0119","无名氏","MC 张天赋","","226.0","","0","6ef6132c4e3ec5a8dd3e","无名氏 (DJ 阿乐版)","MC 张天赋","","222.0","","0","below_threshold","uncertain"
"v1","32","32:311:NetEase","NetEase","apple_music_catalog","1868628419","","無名氏","MC 張天賦","無名氏 - Single","227.0","","5ce9fa05f37ad5fb6efd","无名氏","MC 张天赋","","226.719","","0","b74eb7a5a529da9c77ad","无名氏","深深","","226.507","","0","below_threshold","uncertain"
"v1","32","32:311:QQ","QQ","apple_music_catalog","1868628419","","無名氏","MC 張天賦","無名氏 - Single","227.0","","","","","","","","","","","","","","","","no_candidates","uncertain"
"v1","32","32:312:Kugou","Kugou","apple_music_catalog","1758023472","","Let go","歸綽嶢","Let go - Single","231.0","","856de5e5493dc9020564","归绰峣","咪咪咪喵","","234.0","","0","","","","","","","","below_threshold","uncertain"
"v1","32","32:312:LRCMux","LRCMux","apple_music_catalog","1758023472","","Let go","歸綽嶢","Let go - Single","231.0","","af68891da3c07b043bbb","Let go","Nancy Kwai","","230.0","","0","","","","","","","","below_threshold","uncertain"
"v1","32","32:312:NetEase","NetEase","apple_music_catalog","1758023472","","Let go","歸綽嶢","Let go - Single","231.0","","3ad5a4200980fece26b4","Let go","Nancy Kwai","","230.581","","0","c14a804a858da56c0f3a","不要说话","陈奕迅","","285.361","","0","below_threshold","uncertain"
"v1","32","32:312:QQ","QQ","apple_music_catalog","1758023472","","Let go","歸綽嶢","Let go - Single","231.0","","","","","","","","","","","","","","","","no_candidates","uncertain"
"v1","32","32:313:Kugou","Kugou","apple_music_catalog","6764329840","","地盤佬","Novel Fergus","花燈","163.0","","dd7df6acaba1e5c51592","地盘佬","Novel Fergus","","162.0","","0","","","","","","","","below_threshold","uncertain"
"v1","32","32:313:NetEase","NetEase","apple_music_catalog","6764329840","","地盤佬","Novel Fergus","花燈","163.0","","98a276e868575792b15a","地盘佬","Novel Fergus","","162.782","","0","ab6c081d5281e66822e4","神話","Novel Fergus","","213.718","","0","below_threshold","uncertain"
"v1","32","32:313:QQ","QQ","apple_music_catalog","6764329840","","地盤佬","Novel Fergus","花燈","163.0","","","","","","","","","","","","","","","","no_candidates","uncertain"
"v1","32","32:314:Kugou","Kugou","apple_music_catalog","1781053262","","一百個未老先衰的方法","MC 張天賦","一百個未老先衰的方法 - Single","254.0","","83af8130bbabbf5763f7","一百个未老先衰的方法","MC 张天赋","","253.0","","0","8dedbfeac6453d234304","一百个未老先衰的方法 (DJ 阿乐版)","MC 张天赋","","192.0","","0","below_threshold","uncertain"
"v1","32","32:314:NetEase","NetEase","apple_music_catalog","1781053262","","一百個未老先衰的方法","MC 張天賦","一百個未老先衰的方法 - Single","254.0","","9e94378c36d1a1ff5dd6","一百个未老先衰的方法","MC 张天赋","","253.821","","0","2ec449559c4db8dc6829","一百个未老先衰的方法","陈宇","","254.52","","0","below_threshold","uncertain"
"v1","32","32:314:QQ","QQ","apple_music_catalog","1781053262","","一百個未老先衰的方法","MC 張天賦","一百個未老先衰的方法 - Single","254.0","","","","","","","","","","","","","","","","no_candidates","uncertain"
"v1","32","32:315:Kugou","Kugou","apple_music_catalog","1733704049","","隔牆有耳","MC 張天賦","TREBLE","222.0","","2b491ef94ebbf0493e26","隔墙有耳","MC 张天赋","","221.0","","0","728070957a99b0d00b02","隔墙有耳 (2026 E=MC²演唱会)","MC 张天赋","","222.0","","0","below_threshold","uncertain"
"v1","32","32:315:LRCMux","LRCMux","apple_music_catalog","1733704049","","隔牆有耳","MC 張天賦","TREBLE","222.0","","8823c4943df2f87935de","Background Noise","MC Cheung Tinfu","","221.0","","0","","","","","","","","below_threshold","uncertain"
"v1","32","32:315:NetEase","NetEase","apple_music_catalog","1733704049","","隔牆有耳","MC 張天賦","TREBLE","222.0","","215fa7e581e28c195a80","隔墙有耳","MC 张天赋","","221.733","","0","fba046a81b7c9a4cb4f7","隔墙有耳（翻自 MC 张天赋）","誠傑","","221.91","","0","below_threshold","uncertain"
"v1","32","32:315:QQ","QQ","apple_music_catalog","1733704049","","隔牆有耳","MC 張天賦","TREBLE","222.0","","","","","","","","","","","","","","","","no_candidates","uncertain"
"v1","32","32:316:Kugou","Kugou","apple_music_catalog","1825762068","","東邪","MC 張天賦","Sweet & Sour","273.0","","c2ca2851e0ca42cffb4b","东邪","MC 张天赋","","273.0","","0","8697f3597866dd545841","东邪 (2026 E=MC²演唱会)","MC 张天赋","","273.0","","0","below_threshold","uncertain"
"v1","32","32:316:NetEase","NetEase","apple_music_catalog","1825762068","","東邪","MC 張天賦","Sweet & Sour","273.0","","f0f8e1d763ee438e96c9","东邪","MC 张天赋","","273.437","","0","1db844ec25a8b0d89f5f","东邪","麟语","","272.0","","0","below_threshold","uncertain"
"v1","32","32:316:QQ","QQ","apple_music_catalog","1825762068","","東邪","MC 張天賦","Sweet & Sour","273.0","","","","","","","","","","","","","","","","no_candidates","uncertain"
"v1","32","32:317:Kugou","Kugou","apple_music_catalog","1861409329","","你要倔強","Keung To 姜濤","COMPOSITION","234.0","","e0defb033aa20f6ab1ff","没有翅膀的天使","刘德华、Keung To 姜涛","","265.0","","0","47f256a408371d479c9f","流星雨","李幸倪、Keung To 姜涛","","318.0","","0","below_threshold","uncertain"
"v1","32","32:317:NetEase","NetEase","apple_music_catalog","1861409329","","你要倔強","Keung To 姜濤","COMPOSITION","234.0","","2d019ad2897160ecbee3","你要倔强","Keung To 姜涛","","234.083","","0","ffc8ce8576a4acce8835","你要倔強","kkk十一","","274.959","","0","below_threshold","uncertain"
"v1","32","32:317:QQ","QQ","apple_music_catalog","1861409329","","你要倔強","Keung To 姜濤","COMPOSITION","234.0","","","","","","","","","","","","","","","","no_candidates","uncertain"
"v1","32","32:318:Kugou","Kugou","apple_music_catalog","1861409324","","寂寞圓舞","Keung To 姜濤","COMPOSITION","224.0","","17ae8bccaaebd5aff4af","寂寞圆舞","Keung To 姜涛","","223.0","","0","47ef38ccac1d16812628","寂寞圆舞","席李李","","222.0","","0","below_threshold","uncertain"
"v1","32","32:318:NetEase","NetEase","apple_music_catalog","1861409324","","寂寞圓舞","Keung To 姜濤","COMPOSITION","224.0","","07a59cc142ff667241be","寂寞圆舞","Keung To 姜涛","","223.803","","0","","","","","","","","below_threshold","uncertain"
"v1","32","32:318:QQ","QQ","apple_music_catalog","1861409324","","寂寞圓舞","Keung To 姜濤","COMPOSITION","224.0","","","","","","","","","","","","","","","","no_candidates","uncertain"
"v1","32","32:319:QQ","QQ","apple_music_catalog","1883973607","","穿波鞋的惡魔","洪嘉豪","穿波鞋的惡魔 - Single","245.0","","","","","","","","","","","","","","","","no_candidates","uncertain"
"v1","32","32:320:LRCLIB","LRCLIB","apple_music_catalog","1664796698","","世一","MC 張天賦","世一 - Single","263.0","","44094a3843a36d3b1617","世一","MC 張天賦","","263.0","","95","0ba43405ea27f4d4d209","世一 (不可一世) [feat. Kiri T]","MC 張天賦","","264.0","feat","95","ambiguous_gap","uncertain"
"v1","32","32:320:QQ","QQ","apple_music_catalog","1664796698","","世一","MC 張天賦","世一 - Single","263.0","","","","","","","","","","","","","","","","no_candidates","uncertain"
"v1","32","32:321:Kugou","Kugou","apple_music_catalog","6788740489","","隕石與地球","鄭秀文","隕石與地球 - Single","220.0","","cbbb84113c0f66ab506c","陨石与地球","郑秀文","","219.0","","0","7497a2581b41e87b7f97","陨石与地球 (2026 You & Mi亚洲巡回最终香港站答谢会现场)","郑秀文","","222.0","live","0","below_threshold","uncertain"
"v1","32","32:321:NetEase","NetEase","apple_music_catalog","6788740489","","隕石與地球","鄭秀文","隕石與地球 - Single","220.0","","5baa829e4fa8dfc28ac7","陨石与地球","炫动小霸王","","219.7","","0","a1c57be1687c7195ba6b","千年如一日","郑秀文","","272.0","","0","below_threshold","uncertain"
"v1","32","32:321:QQ","QQ","apple_music_catalog","6788740489","","隕石與地球","鄭秀文","隕石與地球 - Single","220.0","","","","","","","","","","","","","","","","no_candidates","uncertain"
"v1","32","32:322:Kugou","Kugou","apple_music_catalog","1569850022","","反對無效","MC 張天賦","反對無效 - Single","229.0","","ef158b181f3615a49655","反对无效","MC 张天赋","","228.0","","0","420701c41e791c6c9438","How Many Times","MC 张天赋","","229.0","","0","below_threshold","uncertain"
"v1","32","32:322:NetEase","NetEase","apple_music_catalog","1569850022","","反對無效","MC 張天賦","反對無效 - Single","229.0","","7666c1bcaa478d819499","反对无效","MC 张天赋","","228.819","","0","24582f586e650c0e0ad5","反对无效 (Live)","MC 张天赋","","237.791","live","0","below_threshold","uncertain"
"v1","32","32:322:QQ","QQ","apple_music_catalog","1569850022","","反對無效","MC 張天賦","反對無效 - Single","229.0","","","","","","","","","","","","","","","","no_candidates","uncertain"
"v1","32","32:323:LRCLIB","LRCLIB","apple_music_catalog","1386714597","","任我行","陳奕迅","The Key","279.0","","01beeb9f0d9c3c78d43e","任我行","陳奕迅","","240.0","","0","b92905ccd5338744bb58","任我行","陳奕迅 Eason Chan","","278.688","","0","below_threshold","uncertain"
"v1","32","32:323:LRCMux","LRCMux","apple_music_catalog","1386714597","","任我行","陳奕迅","The Key","279.0","","8e1f06877b07b76c8426","任我行","Eason Chan","","278.0","","0","","","","","","","","below_threshold","uncertain"
"v1","32","32:323:NetEase","NetEase","apple_music_catalog","1386714597","","任我行","陳奕迅","The Key","279.0","","ddefe451dd441a7f5abe","任我行","陈奕迅","","278.64","","85","c41291e85a64dcd093f8","任我行","陈奕迅","","280.666","","85","ambiguous_gap","uncertain"
"v1","32","32:323:QQ","QQ","apple_music_catalog","1386714597","","任我行","陳奕迅","The Key","279.0","","","","","","","","","","","","","","","","no_candidates","uncertain"
"v1","32","32:324:Kugou","Kugou","apple_music_catalog","1443375474","","葡萄成熟時","陳奕迅","U 87","277.0","","3cffad882d893d72fed6","葡萄成熟时","陈奕迅","","277.0","","0","ca948a67729519aff18e","葡萄成熟时","陈奕迅","","280.0","","0","below_threshold","uncertain"
"v1","32","32:324:LRCMux","LRCMux","apple_music_catalog","1443375474","","葡萄成熟時","陳奕迅","U 87","277.0","","31502938deffb87e0df8","葡萄成熟時","Eason Chan","","280.0","","0","","","","","","","","below_threshold","uncertain"
"v1","32","32:324:NetEase","NetEase","apple_music_catalog","1443375474","","葡萄成熟時","陳奕迅","U 87","277.0","","91fb61d671e8045ab5f9","葡萄成熟时","陈奕迅","","279.846","","0","81750083f73a70d6d3d5","葡萄成熟时(Live)","陈奕迅","","401.72","live","0","below_threshold","uncertain"
"v1","32","32:324:QQ","QQ","apple_music_catalog","1443375474","","葡萄成熟時","陳奕迅","U 87","277.0","","","","","","","","","","","","","","","","no_candidates","uncertain"
"v1","32","32:325:Kugou","Kugou","apple_music_catalog","1443289319","","昨遲人","許志安","正東10X10我至愛唱片: 許志安 爛泥","266.0","","f5d6b7436dd32b907b53","昨迟人","许志安","","266.0","","0","2104b816b21434f3d7d5","昨迟人","许志安","","262.0","","0","below_threshold","uncertain"
"v1","32","32:325:LRCLIB","LRCLIB","apple_music_catalog","1443289319","","昨遲人","許志安","正東10X10我至愛唱片: 許志安 爛泥","266.0","","dec137268bde170f9b8e","昨遲人","Hui Andy (許志安)","","262.478","","0","","","","","","","","below_threshold","uncertain"
"v1","32","32:325:LRCMux","LRCMux","apple_music_catalog","1443289319","","昨遲人","許志安","正東10X10我至愛唱片: 許志安 爛泥","266.0","","29c97152876c9e40c073","昨遲人","Andy Hui","","265.0","","0","","","","","","","","below_threshold","uncertain"
"v1","32","32:325:NetEase","NetEase","apple_music_catalog","1443289319","","昨遲人","許志安","正東10X10我至愛唱片: 許志安 爛泥","266.0","","07507f9d78b3ccf58443","昨迟人","许志安","","264.906","","0","9936dbf8a912c26c7208","昨迟人 (Live)","许志安","","307.013","live","0","below_threshold","uncertain"
"v1","32","32:325:QQ","QQ","apple_music_catalog","1443289319","","昨遲人","許志安","正東10X10我至愛唱片: 許志安 爛泥","266.0","","","","","","","","","","","","","","","","no_candidates","uncertain"
"v1","32","32:326:Kugou","Kugou","apple_music_catalog","651449679","","K歌之王","陳奕迅","Eason Chan (Cantonese Collection)","224.0","","114420e14e155db02e37","K歌之王","陈奕迅","","223.0","","85","496afa3780d476cf89fb","K歌之王","陈奕迅","","222.0","","85","ambiguous_gap","uncertain"
"v1","32","32:326:LRCLIB","LRCLIB","apple_music_catalog","651449679","","K歌之王","陳奕迅","Eason Chan (Cantonese Collection)","224.0","","051573a2d5c02e9a0b44","K歌之王","陳奕迅","","312.0","","0","","","","","","","","below_threshold","uncertain"
"v1","32","32:326:LRCMux","LRCMux","apple_music_catalog","651449679","","K歌之王","陳奕迅","Eason Chan (Cantonese Collection)","224.0","","b2f8a7c0a48ed4c7f5fd","K歌之王","Eason Chan","","290.0","","0","","","","","","","","below_threshold","uncertain"
"v1","32","32:326:QQ","QQ","apple_music_catalog","651449679","","K歌之王","陳奕迅","Eason Chan (Cantonese Collection)","224.0","","","","","","","","","","","","","","","","no_candidates","uncertain"
"v1","32","32:327:Kugou","Kugou","apple_music_catalog","6779103604","","最後一個降落傘","Anson Lo 盧瀚霆","最後一個降落傘 - Single","267.0","","6eedeefdbd5405caea4d","最后一个降落伞","Anson Lo 卢瀚霆","","266.0","","0","389a7bbf7bafd8df05a4","最后一个降落伞","Bernard Hui","","269.0","","0","below_threshold","uncertain"
"v1","32","32:327:NetEase","NetEase","apple_music_catalog","6779103604","","最後一個降落傘","Anson Lo 盧瀚霆","最後一個降落傘 - Single","267.0","","3bedc27013b29745fe90","最后一个降落伞","Anson Lo 卢瀚霆","","266.564","","0","3dd9b7e45bd5f54f78b0","一个","曹秦","","266.142","","0","below_threshold","uncertain"
"v1","32","32:327:QQ","QQ","apple_music_catalog","6779103604","","最後一個降落傘","Anson Lo 盧瀚霆","最後一個降落傘 - Single","267.0","","","","","","","","","","","","","","","","no_candidates","uncertain"
"v1","32","32:328:Kugou","Kugou","apple_music_catalog","1754095081","","誰能避開戀愛這事情","MC 張天賦 & 姚焯菲","誰能避開戀愛這事情 - Single","263.0","","c0250602b69f44494b2a","谁能避开恋爱这事情","MC 张天赋、姚焯菲","","262.0","","0","84612ee6d47cc27fce90","谁能避开恋爱这事情 (2026 E=MC²演唱会香港站)","MC 张天赋、姚焯菲","","246.0","","0","below_threshold","uncertain"
"v1","32","32:328:NetEase","NetEase","apple_music_catalog","1754095081","","誰能避開戀愛這事情","MC 張天賦 & 姚焯菲","誰能避開戀愛這事情 - Single","263.0","","b874bcca1d80e1482588","谁能避开恋爱这事情","MC 张天赋 / 姚焯菲","","262.735","","0","4d0bd35328acdd04959e","谁能避开恋爱这事情","桑杏 / 粉豆 / 鸭鸭不吃草","","261.5","","0","below_threshold","uncertain"
"v1","32","32:328:QQ","QQ","apple_music_catalog","1754095081","","誰能避開戀愛這事情","MC 張天賦 & 姚焯菲","誰能避開戀愛這事情 - Single","263.0","","","","","","","","","","","","","","","","no_candidates","uncertain"
"v1","32","32:329:Kugou","Kugou","apple_music_catalog","667921833","","明年今日","陳奕迅","2013 陳奕迅 Music Life 精選","205.0","","c0ce4deafab66cbde7a8","明年今日","陈奕迅","","206.0","","85","d130f9ecec21bec89f53","明年今日","陈奕迅","","205.0","","85","ambiguous_gap","uncertain"
"v1","32","32:329:LRCMux","LRCMux","apple_music_catalog","667921833","","明年今日","陳奕迅","2013 陳奕迅 Music Life 精選","205.0","","8bdbf5b9e7c646928113","明年今日","Eason Chan","","224.0","","0","","","","","","","","below_threshold","uncertain"
"v1","32","32:329:NetEase","NetEase","apple_music_catalog","667921833","","明年今日","陳奕迅","2013 陳奕迅 Music Life 精選","205.0","","282fd1a481f8a99ab7ed","明年今日","陈奕迅","","206.117","","85","d4f5d2479c7ee4247f68","明年今日","陈奕迅","","205.253","","85","ambiguous_gap","uncertain"
"v1","32","32:329:QQ","QQ","apple_music_catalog","667921833","","明年今日","陳奕迅","2013 陳奕迅 Music Life 精選","205.0","","","","","","","","","","","","","","","","no_candidates","uncertain"
"v1","32","32:330:Kugou","Kugou","apple_music_catalog","1721450047","","擱淺","周杰倫","Common Jasmine Orange","238.0","","2f3e809ee55e6e6c463f","搁浅","周杰伦","","240.0","","0","f75806702b5ade857d73","搁浅 (Live)","周杰伦","","261.0","live","0","below_threshold","uncertain"
"v1","32","32:330:NetEase","NetEase","apple_music_catalog","1721450047","","擱淺","周杰倫","Common Jasmine Orange","238.0","","a10a45abc4c90ac12d0c","搁浅(柔情版)","周杰伦. / Asasblue","","119.146","","0","fe9d1dba08043d4a1866","搁浅(我只能永远读着对白)","沈幼楚","","72.026","","0","below_threshold","uncertain"
"v1","32","32:330:QQ","QQ","apple_music_catalog","1721450047","","擱淺","周杰倫","Common Jasmine Orange","238.0","","","","","","","","","","","","","","","","no_candidates","uncertain"
"v1","32","32:331:Kugou","Kugou","apple_music_catalog","1704790665","","與我無關","MC 張天賦","與我無關 - Single","206.0","","e2074604e8e7463ff5a8","与我无关","MC 张天赋","","205.0","","0","4187475ee435ff84132c","与我无关 (2024 This is MC 2巡演广州站)","MC 张天赋","","198.0","","0","below_threshold","uncertain"
"v1","32","32:331:NetEase","NetEase","apple_music_catalog","1704790665","","與我無關","MC 張天賦","與我無關 - Single","206.0","","97a55f7b12fedf1540f1","与我无关","阿冗","","240.0","","0","275edc2c7375f4fa79cc","与我无关","MC 张天赋","","205.845","","0","below_threshold","uncertain"
"v1","32","32:331:QQ","QQ","apple_music_catalog","1704790665","","與我無關","MC 張天賦","與我無關 - Single","206.0","","","","","","","","","","","","","","","","no_candidates","uncertain"
"v1","32","32:332:Kugou","Kugou","apple_music_catalog","1490822213","","沙龍","陳奕迅","H3M (Remastered 2019)","278.0","remaster","8c9b2607f270f802f45b","沙龙","陈奕迅","","275.0","","0","ecf4956ec706711240c7","沙龙","陈奕迅","","278.0","","0","below_threshold","uncertain"
"v1","32","32:332:LRCMux","LRCMux","apple_music_catalog","1490822213","","沙龍","陳奕迅","H3M (Remastered 2019)","278.0","remaster","3ad26d3e7d614d0601b0","沙龍","Eason Chan","","275.0","","0","","","","","","","","below_threshold","uncertain"
"v1","32","32:332:NetEase","NetEase","apple_music_catalog","1490822213","","沙龍","陳奕迅","H3M (Remastered 2019)","278.0","remaster","fc687c78e324495b8a53","沙龙","陈奕迅","","274.297","","0","0764bbee095c6e94a17c","沙龙 (Live)","陈奕迅","","276.414","live","0","below_threshold","uncertain"
"v1","32","32:332:QQ","QQ","apple_music_catalog","1490822213","","沙龍","陳奕迅","H3M (Remastered 2019)","278.0","remaster","","","","","","","","","","","","","","","no_candidates","uncertain"
"v1","32","32:333:Kugou","Kugou","apple_music_catalog","1469522319","","我們都是這樣長大的","鄭秀文","我們都是這樣長大的 - Single","283.0","","30284f55e5ca6c47de28","信者得爱","郑秀文、MC仁","","222.0","","0","f977d24ed2e317e5e6cb","我们都是这样长大的","郑秀文","","283.0","","0","below_threshold","uncertain"
"v1","32","32:333:NetEase","NetEase","apple_music_catalog","1469522319","","我們都是這樣長大的","鄭秀文","我們都是這樣長大的 - Single","283.0","","9106d5923b7fd1ab60f1","我们都是这样长大的 (Live)","林晓峰 / 周柏豪","","321.21","live","0","8ab2ea496b755a4617c5","我们都是这样长大的 郑秀文","邓晃晃","","283.202","","0","below_threshold","uncertain"
"v1","32","32:333:QQ","QQ","apple_music_catalog","1469522319","","我們都是這樣長大的","鄭秀文","我們都是這樣長大的 - Single","283.0","","","","","","","","","","","","","","","","no_candidates","uncertain"
"v1","32","32:334:Kugou","Kugou","apple_music_catalog","6770401926","","BAD","ATEEZ","GOLDEN HOUR : Part.5 - EP","156.0","","","","","","","","","","","","","","","","no_candidates","uncertain"
"v1","32","32:334:LRCLIB","LRCLIB","apple_music_catalog","6770401926","","BAD","ATEEZ","GOLDEN HOUR : Part.5 - EP","156.0","","39b32c1985064b9c2ccb","BAD","ATEEZ","","225.0","","0","4e28689d7bbbd127b7a4","BAD (Ofenbach Ver.)","ATEEZ","","176.0","","0","below_threshold","uncertain"
"v1","32","32:334:QQ","QQ","apple_music_catalog","6770401926","","BAD","ATEEZ","GOLDEN HOUR : Part.5 - EP","156.0","","","","","","","","","","","","","","","","no_candidates","uncertain"
"v1","32","32:335:Kugou","Kugou","apple_music_catalog","1839368232","","太陽與地球","盧廣仲","HeartBreakFast","262.0","","c69c0246a0bee4b65516","太阳与地球","卢广仲","","262.0","","0","c43638a0cad924d4c8b7","太阳与地球 (DJ 阿乐版)","卢广仲","","136.0","","0","below_threshold","uncertain"
"v1","32","32:335:NetEase","NetEase","apple_music_catalog","1839368232","","太陽與地球","盧廣仲","HeartBreakFast","262.0","","5e633c84f8bf6490e95c","太阳与地球","卢广仲","","262.0","","0","64e01866f6182bea7c7a","太阳与地球","广东卢广仲","","253.728","","0","below_threshold","uncertain"
"v1","32","32:335:QQ","QQ","apple_music_catalog","1839368232","","太陽與地球","盧廣仲","HeartBreakFast","262.0","","","","","","","","","","","","","","","","no_candidates","uncertain"
"v1","32","32:336:Kugou","Kugou","apple_music_catalog","1843066104","","168.5 (feat. Billy Choi)","MC 張天賦","168.5 (feat. Billy Choi) - Single","150.0","feat","","","","","","","","","","","","","","","no_candidates","uncertain"
"v1","32","32:336:LRCMux","LRCMux","apple_music_catalog","1843066104","","168.5 (feat. Billy Choi)","MC 張天賦","168.5 (feat. Billy Choi) - Single","150.0","feat","f0a44c4e778836bcc732","168.5 (feat. Billy Choi)","MC Cheung Tinfu","","149.0","feat","0","","","","","","","","below_threshold","uncertain"
"v1","32","32:336:NetEase","NetEase","apple_music_catalog","1843066104","","168.5 (feat. Billy Choi)","MC 張天賦","168.5 (feat. Billy Choi) - Single","150.0","feat","b6a853a3ef813750a8cf","168.5 (feat. Billy Choi)","MC 张天赋 / Billy Choi","","149.943","feat","0","","","","","","","","below_threshold","uncertain"
"v1","32","32:336:QQ","QQ","apple_music_catalog","1843066104","","168.5 (feat. Billy Choi)","MC 張天賦","168.5 (feat. Billy Choi) - Single","150.0","feat","","","","","","","","","","","","","","","no_candidates","uncertain"
"v1","32","32:337:QQ","QQ","apple_music_catalog","1861737092","","Boulder","Keung To 姜濤","Boulder - Single","248.0","","","","","","","","","","","","","","","","no_candidates","uncertain"
"v1","32","32:338:Kugou","Kugou","apple_music_catalog","1443346107","","富士山下","陳奕迅","What's Going On...?","259.0","","829cc797dee56fb5fe81","富士山下","陈奕迅","","259.0","","85","40ef8c1b55c263945768","富士山下","陈奕迅","","257.0","","85","ambiguous_gap","uncertain"
"v1","32","32:338:LRCMux","LRCMux","apple_music_catalog","1443346107","","富士山下","陳奕迅","What's Going On...?","259.0","","13821da1047d3e35b063","富士山下","Eason Chan","","259.0","","0","","","","","","","","below_threshold","uncertain"
"v1","32","32:338:QQ","QQ","apple_music_catalog","1443346107","","富士山下","陳奕迅","What's Going On...?","259.0","","","","","","","","","","","","","","","","no_candidates","uncertain"
"v1","32","32:339:Kugou","Kugou","apple_music_catalog","6788330950","","悲傷的後勁","陳健安","悲傷的後勁 - Single","212.0","","9fc5fdaeaaf8f9605a8f","悲伤的后劲","陈健安","","212.0","","0","","","","","","","","below_threshold","uncertain"
"v1","32","32:339:NetEase","NetEase","apple_music_catalog","6788330950","","悲傷的後勁","陳健安","悲傷的後勁 - Single","212.0","","0fa4085a867f27fd8909","没有时间","陈健安","","234.245","","0","2f6453ca38ae85443f63","悲伤的","山东说唱之羊","","145.536","","0","below_threshold","uncertain"
"v1","32","32:339:QQ","QQ","apple_music_catalog","6788330950","","悲傷的後勁","陳健安","悲傷的後勁 - Single","212.0","","","","","","","","","","","","","","","","no_candidates","uncertain"
"v1","32","32:340:Kugou","Kugou","apple_music_catalog","1719579974","","至尊寶","Novel Fergus","至尊寶 - Single","228.0","","63a76627db63ef3459cc","至尊宝","Novel Fergus","","228.0","","0","5d8050921979df24cbf6","至尊宝","灰色思绪","","203.0","","0","below_threshold","uncertain"
"v1","32","32:340:QQ","QQ","apple_music_catalog","1719579974","","至尊寶","Novel Fergus","至尊寶 - Single","228.0","","","","","","","","","","","","","","","","no_candidates","uncertain"
"v1","32","32:341:Kugou","Kugou","apple_music_catalog","1674509617","","國際孤獨等級","Gareth.T","國際孤獨等級 - Single","194.0","","aaee0bd06c202c731dc8","国际孤独等级","Gareth.T","","193.0","","0","bebad5773ce2156d5758","国际孤独等级 (2026 Prince Of Nothing 心零王子巡回演唱会马来西亚站)","Gareth.T","","210.0","","0","below_threshold","uncertain"
"v1","32","32:341:NetEase","NetEase","apple_music_catalog","1674509617","","國際孤獨等級","Gareth.T","國際孤獨等級 - Single","194.0","","e27f125d816a0d9182ed","国际孤独等级","Gareth.T","","193.747","","0","1bb8e2d30cf168455dfd","玻璃","Gareth.T","","185.04","","0","below_threshold","uncertain"
"v1","32","32:341:QQ","QQ","apple_music_catalog","1674509617","","國際孤獨等級","Gareth.T","國際孤獨等級 - Single","194.0","","","","","","","","","","","","","","","","no_candidates","uncertain"
"v1","32","32:342:Kugou","Kugou","apple_music_catalog","667921834","","十面埋伏","陳奕迅","2013 陳奕迅 Music Life 精選","232.0","","7398c91b3c600b0222cd","十面埋伏","陈奕迅","","232.0","","85","3f5599a513e619c11890","十面埋伏","陈奕迅","","229.0","","81","ambiguous_gap","uncertain"
"v1","32","32:342:LRCMux","LRCMux","apple_music_catalog","667921834","","十面埋伏","陳奕迅","2013 陳奕迅 Music Life 精選","232.0","","998ae79f5389cbcf07a2","十面埋伏","Eason Chan","","231.0","","0","","","","","","","","below_threshold","uncertain"
"v1","32","32:343:Kugou","Kugou","apple_music_catalog","1861409323","","Better Man","Keung To 姜濤","COMPOSITION","186.0","","e0defb033aa20f6ab1ff","没有翅膀的天使","刘德华、Keung To 姜涛","","265.0","","0","47f256a408371d479c9f","流星雨","李幸倪、Keung To 姜涛","","318.0","","0","below_threshold","uncertain"
"v1","32","32:345:QQ","QQ","apple_music_catalog","905169205","","命硬","側田","側田","217.0","","015b207c69b8fc3a8d48","命硬","侧田","","220.0","","0","bb32be5c2064e6648391","命硬 (Live)","侧田","","305.0","live","0","below_threshold","uncertain"
"v1","32","32:346:LRCLIB","LRCLIB","apple_music_catalog","1887194026","","It's Me","ILLIT","MAMIHLAPINATAPAI - EP","138.0","","296a5215570436bde9d5","It's Me","ILLIT","","211.0","","0","","","","","","","","below_threshold","uncertain"
"v1","32","32:346:NetEase","NetEase","apple_music_catalog","1887194026","","It's Me","ILLIT","MAMIHLAPINATAPAI - EP","138.0","","11a2fd247d4cda97b680","It's Me","瑄瑄 / 火山HSan","","138.274","","0","bcf98617cb4b1eb8510c","Magnetic (Ferry Remix)","ILLIT","","173.609","remix","0","below_threshold","uncertain"
"v1","32","32:347:Kugou","Kugou","apple_music_catalog","1422674971","","無條件","陳奕迅","Getting Ready","230.0","","e9efd0dabe3cda538694","无条件","陈奕迅","","229.0","","0","2092c7c287fa226875fd","无条件","陈奕迅","","228.0","","0","below_threshold","uncertain"
"v1","32","32:347:LRCMux","LRCMux","apple_music_catalog","1422674971","","無條件","陳奕迅","Getting Ready","230.0","","9ee944fbbbb344bbca2d","無條件","Eason Chan","","228.0","","0","","","","","","","","below_threshold","uncertain"
"v1","32","32:347:NetEase","NetEase","apple_music_catalog","1422674971","","無條件","陳奕迅","Getting Ready","230.0","","0d0f131166a399500076","无条件","陈奕迅","","228.973","","0","3e9fe89c42047f67f264","无条件 (Live)","陈奕迅","","267.676","live","0","below_threshold","uncertain"
"v1","32","32:347:QQ","QQ","apple_music_catalog","1422674971","","無條件","陳奕迅","Getting Ready","230.0","","7711350ae9d8204454c0","无条件","陈奕迅","","229.0","","0","983478688d302208e7f4","无条件 (Live 2015)","陈奕迅","","267.0","live","0","below_threshold","uncertain"
"v1","32","32:349:Kugou","Kugou","apple_music_catalog","1722741558","","青春告別式","張敬軒","青春告別式 - Single","257.0","","c57ecc0a6389b8e592e3","青春告别式","张敬轩","","256.0","","0","338127c5a826176930da","青春告别式 (2026年英皇25周年群星演唱会现场)","张敬轩","","207.0","live","0","below_threshold","uncertain"
"v1","32","32:349:NetEase","NetEase","apple_music_catalog","1722741558","","青春告別式","張敬軒","青春告別式 - Single","257.0","","697a49393f925190dd25","青春告别式","张敬轩","","256.967","","0","0b5ad903af2c717368ea","放弃的界限","张敬轩","","217.0","","0","below_threshold","uncertain"
"v1","32","32:349:QQ","QQ","apple_music_catalog","1722741558","","青春告別式","張敬軒","青春告別式 - Single","257.0","","156d3078898bbe2853cc","青春告别式","张敬轩","","256.0","","0","69776fb22c77846140e1","青春告别式 (2026年英皇25周年群星演唱会现场)","张敬轩","","207.0","live","0","below_threshold","uncertain"
"v1","32","32:350:Kugou","Kugou","apple_music_catalog","542593703","","Shall We Talk","陳奕迅","Shall We Dance? Shall We Talk!","227.0","","04a09c85500fb14f4a44","Shall We Talk","陈奕迅","","227.0","","85","8b33d55a9127f82f3447","Shall We Talk","陈奕迅","","227.97","","85","ambiguous_gap","uncertain"
"v1","32","32:350:LRCMux","LRCMux","apple_music_catalog","542593703","","Shall We Talk","陳奕迅","Shall We Dance? Shall We Talk!","227.0","","bbcc28cf84f21c3c128e","Shall We Talk","Eason Chan","","234.0","","0","","","","","","","","below_threshold","uncertain"
"v1","32","32:351:Kugou","Kugou","apple_music_catalog","1744336999","","戀愛腦之死","陳健安","戀愛腦之死 - Single","273.0","","d9939d7bd2708918195a","恋爱脑之死","陈健安","","272.0","","0","41787a65455dd94fb03a","恋爱脑之死 (2025 Jay Fung x On Chan MUSIC NIGHT AT THE HARBOUR 现场)","陈健安","","269.0","live","0","below_threshold","uncertain"
"v1","32","32:351:NetEase","NetEase","apple_music_catalog","1744336999","","戀愛腦之死","陳健安","戀愛腦之死 - Single","273.0","","b869f1ca55e325a49cd2","戀愛腦之死","HW Chan","","267.123","","0","726cb09a453cc55680bd","戀愛腦之死(MC張天賦)","張天賦 / 嘉颖呀","","243.365","","0","below_threshold","uncertain"
"v1","32","32:351:QQ","QQ","apple_music_catalog","1744336999","","戀愛腦之死","陳健安","戀愛腦之死 - Single","273.0","","","","","","","","","","","","","","","","no_candidates","uncertain"
"v1","32","32:352:Kugou","Kugou","apple_music_catalog","6779753536","","Gimme Dat Love","i-dle","We made - EP","147.0","","54f2a793a40299aab2ae","Gimme Dat Love","i-dle (아이들)","","146.0","","0","ae592d0b60bbbf05ba3c","Gimme Dat Love (2026 Showcase现场)","i-dle (아이들)","","144.0","live","0","below_threshold","uncertain"
"v1","32","32:352:QQ","QQ","apple_music_catalog","6779753536","","Gimme Dat Love","i-dle","We made - EP","147.0","","","","","","","","","","","","","","","","no_candidates","uncertain"
"v1","32","32:353:Kugou","Kugou","apple_music_catalog","1650415605","","到底發生過什麼事","Dear Jane","到底發生過什麼事 - Single","259.0","","075897e1d2544c535577","到底发生过什么事","Dear Jane","","259.0","","0","aa189e7f7cb2991da188","到底发生过什么事 (Live)","Dear Jane","","253.0","live","0","below_threshold","uncertain"
"v1","32","32:353:NetEase","NetEase","apple_music_catalog","1650415605","","到底發生過什麼事","Dear Jane","到底發生過什麼事 - Single","259.0","","a1df5cba7680163abda5","到底发生过什么事","Dear Jane","","259.375","","0","e17147d79101c642b292","到底发生过什么事 (Live)","Dear Jane","","253.786","live","0","below_threshold","uncertain"
"v1","32","32:353:QQ","QQ","apple_music_catalog","1650415605","","到底發生過什麼事","Dear Jane","到底發生過什麼事 - Single","259.0","","","","","","","","","","","","","","","","no_candidates","uncertain"
"v1","32","32:354:Kugou","Kugou","apple_music_catalog","1721464906","","晴天","周杰倫","Yeh, Hwei-Mei","270.0","","ba4c04497d1c7ed5647c","晴天","周杰伦","","269.792","","95","3133c94a0b80bc2e0e3b","晴天","周杰伦","","269.0","","95","ambiguous_gap","uncertain"
"v1","32","32:354:NetEase","NetEase","apple_music_catalog","1721464906","","晴天","周杰倫","Yeh, Hwei-Mei","270.0","","8fc1f7a6e25693c807c2","晴天","周杰伦- / A-LNK","","182.89","","0","cb604e7c006d252a7fee","晴天","周杰伦. / Asasblue","","119.146","","0","below_threshold","uncertain"
"v1","32","32:354:QQ","QQ","apple_music_catalog","1721464906","","晴天","周杰倫","Yeh, Hwei-Mei","270.0","","","","","","","","","","","","","","","","no_candidates","uncertain"
"v1","32","32:355:QQ","QQ","apple_music_catalog","1883630672","","⁠我很小朋友","Gareth.T","THE PROTÉGÉ","178.0","","","","","","","","","","","","","","","","no_candidates","uncertain"
"v1","32","32:356:Kugou","Kugou","apple_music_catalog","1735659500","","至少做一件離譜的事","Kiri T","至少做一件離譜的事 - Single","233.0","","d7c7cfdaab76eade5ac0","至少做一件离谱的事","Kiri T","","232.0","","0","7258f5330009defa902d","至少做一件离谱的事 (Live)","Kiri T","","228.0","live","0","below_threshold","uncertain"
"v1","32","32:356:NetEase","NetEase","apple_music_catalog","1735659500","","至少做一件離譜的事","Kiri T","至少做一件離譜的事 - Single","233.0","","61548f6e748a67fb4b20","至少做一件离谱的事","Kiri T","","232.839","","0","c440adcae1e0d4c300f7","至少做一件离谱的事 Kiri T","梁玖希","","232.837","","0","below_threshold","uncertain"
"v1","32","32:356:QQ","QQ","apple_music_catalog","1735659500","","至少做一件離譜的事","Kiri T","至少做一件離譜的事 - Single","233.0","","","","","","","","","","","","","","","","no_candidates","uncertain"
"v1","32","32:357:Kugou","Kugou","apple_music_catalog","6763988598","","CHOOM","BABYMONSTER","춤 (CHOOM) - EP","179.0","","6ee9bf15de4137d79c52","춤","BABYMONSTER","","178.0","","0","dd15cc72a4899f943b37","I LIKE IT","BABYMONSTER","","206.0","","0","below_threshold","uncertain"
"v1","32","32:357:NetEase","NetEase","apple_music_catalog","6763988598","","CHOOM","BABYMONSTER","춤 (CHOOM) - EP","179.0","","49d6926b941ee307766c","춤 (CHOOM)","BABYMONSTER","","178.88","","0","9e9dccb64c752baf969c","I LIKE IT","BABYMONSTER","","206.586","","0","below_threshold","uncertain"
"v1","32","32:357:QQ","QQ","apple_music_catalog","6763988598","","CHOOM","BABYMONSTER","춤 (CHOOM) - EP","179.0","","","","","","","","","","","","","","","","no_candidates","uncertain"
"v1","32","32:358:Kugou","Kugou","apple_music_catalog","1467214368","","在錯誤的宇宙尋找愛","陳健安","在錯誤的宇宙尋找愛 - Single","278.0","","032a1051ff8acb367646","在错误的宇宙寻找爱","陈健安","","277.0","","0","d53ac3c33262b1cb4ef1","在错误的宇宙寻找爱","陈健安","","280.0","","0","below_threshold","uncertain"
"v1","32","32:358:NetEase","NetEase","apple_music_catalog","1467214368","","在錯誤的宇宙尋找愛","陳健安","在錯誤的宇宙尋找愛 - Single","278.0","","34c8b6756d777354295c","在错误的宇宙寻找爱（陈健安 Cover）","enenen","","277.656","cover","0","0de45d7132122ba42cfb","在错误的宇宙寻找爱","JasonGor.","","264.415","","0","below_threshold","uncertain"
"v1","32","32:358:QQ","QQ","apple_music_catalog","1467214368","","在錯誤的宇宙尋找愛","陳健安","在錯誤的宇宙尋找愛 - Single","278.0","","","","","","","","","","","","","","","","no_candidates","uncertain"
"v1","32","32:359:Kugou","Kugou","apple_music_catalog","1807943857","","四月物語","林家謙","四月物語 - Single","214.0","","9ccfa325676b13d1ceee","四月物语","林家谦","","213.0","","0","bd8d92f63b95b1ed1a1e","四月物语 (White Summer Live)","林家谦","","213.0","live","0","below_threshold","uncertain"
"v1","32","32:359:NetEase","NetEase","apple_music_catalog","1807943857","","四月物語","林家謙","四月物語 - Single","214.0","","921c6573141def09da9d","四月物语","林家谦","","213.646","","0","f4fdd267e72bfa93bc9d","四月物语 (White Summer Live)","林家谦","","213.58","live","0","below_threshold","uncertain"
"v1","32","32:359:QQ","QQ","apple_music_catalog","1807943857","","四月物語","林家謙","四月物語 - Single","214.0","","","","","","","","","","","","","","","","no_candidates","uncertain"
"v1","32","32:360:Kugou","Kugou","apple_music_catalog","1683279954","","隱形遊樂場","張敬軒","隱形遊樂場 - Single","233.0","","caac87065a482b872737","隐形游乐场","张敬轩","","233.0","","0","b7005fd0a9720fe0cd55","隐形游乐场 (London's Blueprint)","张敬轩","","237.0","","0","below_threshold","uncertain"
"v1","32","32:360:NetEase","NetEase","apple_music_catalog","1683279954","","隱形遊樂場","張敬軒","隱形遊樂場 - Single","233.0","","46b9f8cfcf372b46bd02","隐形游乐场","张敬轩","","233.187","","0","6f2760c6d7901f3e5159","隐形游乐场 (荔园小夜曲)","张敬轩","","240.469","","0","below_threshold","uncertain"
"v1","32","32:360:QQ","QQ","apple_music_catalog","1683279954","","隱形遊樂場","張敬軒","隱形遊樂場 - Single","233.0","","","","","","","","","","","","","","","","no_candidates","uncertain"
"v1","32","32:361:Kugou","Kugou","apple_music_catalog","201586923","","終身美麗","鄭秀文","Shocking Pink","206.0","","329ebb4dcdaf306def0d","终身美丽","郑秀文","","206.0","","0","b79fbc2dafbe800c3f81","终身美丽 (Live)","郑秀文","","206.0","live","0","below_threshold","uncertain"
"v1","32","32:361:NetEase","NetEase","apple_music_catalog","201586923","","終身美麗","鄭秀文","Shocking Pink","206.0","","37c4e3a71571f66998da","终身美丽","郑秀文","","206.146","","0","9b5ef5ee5e91878ff004","终身美丽","郑秀文","","278.56","","0","below_threshold","uncertain"
"v1","32","32:361:QQ","QQ","apple_music_catalog","201586923","","終身美麗","鄭秀文","Shocking Pink","206.0","","","","","","","","","","","","","","","","no_candidates","uncertain"
"v1","32","32:362:Kugou","Kugou","apple_music_catalog","1721454134","","一路向北","周杰倫","November's Chopin","294.0","","e6677d0770ef8b1e0313","一路向北","周杰伦","","294.0","","95","fc5174809d30faff9543","一路向北","周杰伦","","295.0","","95","ambiguous_gap","uncertain"
"v1","32","32:362:LRCLIB","LRCLIB","apple_music_catalog","1721454134","","一路向北","周杰倫","November's Chopin","294.0","","fcb79073504c16688664","一路向北","周杰倫","","250.0","","0","e6a2ad3a5e567e3626c2","一路向北","Jay Chou 周杰倫","","294.24","","0","below_threshold","uncertain"
"v1","32","32:362:NetEase","NetEase","apple_music_catalog","1721454134","","一路向北","周杰倫","November's Chopin","294.0","","5ad7465e5d532e4c9e03","一路向北","夏蔓蔓 / 周杰伦.","","172.245","","0","f65b53404e8fb6018283","一路向北","李风风","","288.692","","0","below_threshold","uncertain"
"v1","32","32:362:QQ","QQ","apple_music_catalog","1721454134","","一路向北","周杰倫","November's Chopin","294.0","","","","","","","","","","","","","","","","no_candidates","uncertain"
"v1","32","32:363:Kugou","Kugou","apple_music_catalog","1599489418","","時候不早","MC 張天賦","時候不早 - Single","221.0","","5cab6232f37c97b051aa","时候不早","MC 张天赋","","220.0","","0","746eff007b3a58d127cd","时候不早 (Live)","MC 张天赋","","220.0","live","0","below_threshold","uncertain"
"v1","32","32:363:NetEase","NetEase","apple_music_catalog","1599489418","","時候不早","MC 張天賦","時候不早 - Single","221.0","","4ce6dc55f452d9f3d342","时候不早","MC 张天赋","","220.938","","0","44cb9bdce24f17e3d2f3","时候不早 - MC张天赋 （Covered by 魔术肥）","魔术肥","","108.554","","0","below_threshold","uncertain"
"v1","32","32:363:QQ","QQ","apple_music_catalog","1599489418","","時候不早","MC 張天賦","時候不早 - Single","221.0","","","","","","","","","","","","","","","","no_candidates","uncertain"
"v1","32","32:364:Kugou","Kugou","apple_music_catalog","1721450037","","七里香","周杰倫","Common Jasmine Orange","297.0","","fd2125ca937d9e7c7b79","七里香","周杰伦","","299.0","","95","7b7accaef7c61e0114fd","七里香","周杰伦","","298.0","","95","ambiguous_gap","uncertain"
"v1","32","32:364:NetEase","NetEase","apple_music_catalog","1721450037","","七里香","周杰倫","Common Jasmine Orange","297.0","","ab51dbdb02315074a1e2","七里香","周杰伦- / Montagem","","141.966","","0","b10aabf466b141f0032d","七里香","Xai小爱","","317.269","","0","below_threshold","uncertain"
"v1","32","32:364:QQ","QQ","apple_music_catalog","1721450037","","七里香","周杰倫","Common Jasmine Orange","297.0","","","","","","","","","","","","","","","","no_candidates","uncertain"
"v1","32","32:365:QQ","QQ","apple_music_catalog","1892154309","","Heavy Serenade","NMIXX","Heavy Serenade - EP","180.0","","","","","","","","","","","","","","","","no_candidates","uncertain"
"v1","32","32:366:Kugou","Kugou","apple_music_catalog","1752430771","","去北極忘記你","Gareth.T","去北極忘記你 - Single","251.0","","fcd2300a970d11ace6ff","去北极忘记你","Gareth.T","","251.0","","0","71eb45c26d37d57b19a3","去北极忘记你 (2026 Prince Of Nothing 心零王子巡回演唱会澳门站)","Gareth.T、菲道尔","","232.0","","0","below_threshold","uncertain"
"v1","32","32:366:NetEase","NetEase","apple_music_catalog","1752430771","","去北極忘記你","Gareth.T","去北極忘記你 - Single","251.0","","afd5ad313f0bdc4eadbd","去北极忘记你","Gareth.T","","251.175","","0","dc440e1c8571a53b0c54","去北极忘记你","祺夜","","111.984","","0","below_threshold","uncertain"
"v1","32","32:366:QQ","QQ","apple_music_catalog","1752430771","","去北極忘記你","Gareth.T","去北極忘記你 - Single","251.0","","","","","","","","","","","","","","","","no_candidates","uncertain"
"v1","32","32:367:Kugou","Kugou","apple_music_catalog","1874523806","","娜娜","范梓謙 & 床哥","娜娜 - Single","258.0","","","","","","","","","","","","","","","","no_candidates","uncertain"
"v1","32","32:367:NetEase","NetEase","apple_music_catalog","1874523806","","娜娜","范梓謙 & 床哥","娜娜 - Single","258.0","","a16d9525cdd7aa199cd8","小头发","姚贝娜","","272.813","","0","4f894098bfcde3213c56","东方之恋","姚贝娜","","286.069","","0","below_threshold","uncertain"
"v1","32","32:367:QQ","QQ","apple_music_catalog","1874523806","","娜娜","范梓謙 & 床哥","娜娜 - Single","258.0","","","","","","","","","","","","","","","","no_candidates","uncertain"
"v1","32","32:368:QQ","QQ","apple_music_catalog","1618583862","","小心地滑","MC 張天賦","小心地滑 - Single","239.0","","","","","","","","","","","","","","","","no_candidates","uncertain"
"v1","32","32:369:Kugou","Kugou","apple_music_catalog","1397759819","","心之科學","容祖兒","心之科學 - Single","236.0","","3952ffd3b8497a36876c","心之科学","容祖儿","","235.0","","0","cb3881f8339e4ab84114","心之科学 (Live)","容祖儿","","309.0","live","0","below_threshold","uncertain"
"v1","32","32:369:NetEase","NetEase","apple_music_catalog","1397759819","","心之科學","容祖兒","心之科學 - Single","236.0","","d724240444cd34600eb6","心之科学","容祖儿","","235.781","","0","f7ba561eecc8f04dc1f5","心之科学 (Live)","容祖儿","","309.691","live","0","below_threshold","uncertain"
"v1","32","32:369:QQ","QQ","apple_music_catalog","1397759819","","心之科學","容祖兒","心之科學 - Single","236.0","","","","","","","","","","","","","","","","no_candidates","uncertain"
"v1","32","32:370:Kugou","Kugou","apple_music_catalog","1820726257","","到此為止","連詩雅","Movin' On - EP","262.0","","50bfcb810ae4b03b8b4e","到此为止","连诗雅","","261.0","","0","0e23b286cab839e000ce","不会有事的","连诗雅","","255.0","","0","below_threshold","uncertain"
"v1","32","32:370:NetEase","NetEase","apple_music_catalog","1820726257","","到此為止","連詩雅","Movin' On - EP","262.0","","cb1d222b3e4f5d2b26ae","到此为止","连诗雅","","261.571","","0","0f7da31d0af13b39560c","到此为止 (Live)","连诗雅","","253.899","live","0","below_threshold","uncertain"
"v1","32","32:370:QQ","QQ","apple_music_catalog","1820726257","","到此為止","連詩雅","Movin' On - EP","262.0","","","","","","","","","","","","","","","","no_candidates","uncertain"
"v1","32","32:371:Kugou","Kugou","apple_music_catalog","1733704322","","七點半鐘的陽光","MC 張天賦","TREBLE","252.0","","0ad057cfc128332700c3","七点半钟的阳光","MC 张天赋","","251.0","","0","37c7089f2cdc8f4d1409","七点半钟的阳光 (2024 This is MC 2巡演广州站)","MC 张天赋","","258.0","","0","below_threshold","uncertain"
"v1","32","32:371:NetEase","NetEase","apple_music_catalog","1733704322","","七點半鐘的陽光","MC 張天賦","TREBLE","252.0","","a0c36264d52a28cab5a2","七点半钟的阳光","MC 张天赋","","251.904","","0","309b9a6069b97adced0b","七点半钟的阳光 - MC张天赋 （Covered by 魔术肥）","魔术肥","","105.004","","0","below_threshold","uncertain"
"v1","32","32:371:QQ","QQ","apple_music_catalog","1733704322","","七點半鐘的陽光","MC 張天賦","TREBLE","252.0","","","","","","","","","","","","","","","","no_candidates","uncertain"
"v1","32","32:372:Kugou","Kugou","apple_music_catalog","557096400","","離家出走","衛蘭","Do U Know...","249.0","","2dab17a4c15d3e0c8182","离家出走","卫兰","","248.0","","0","fe3dea4039fffa2640cb","离家出走","卫兰","","250.0","","0","below_threshold","uncertain"
"v1","32","32:372:LRCLIB","LRCLIB","apple_music_catalog","557096400","","離家出走","衛蘭","Do U Know...","249.0","","8820ade1318e94cf376b","離家出走","衛蘭","","305.0","","0","1cfdda89495d126180a9","又~離家出走","衛蘭","","306.0","","0","below_threshold","uncertain"
"v1","32","32:372:NetEase","NetEase","apple_music_catalog","557096400","","離家出走","衛蘭","Do U Know...","249.0","","221073db7cd6ace3e60d","离家出走","卫兰","","248.973","","0","a13af41d6bdf6bc8ccd8","离家出走","卫兰","","312.053","","0","below_threshold","uncertain"
"v1","32","32:372:QQ","QQ","apple_music_catalog","557096400","","離家出走","衛蘭","Do U Know...","249.0","","","","","","","","","","","","","","","","no_candidates","uncertain"
"v1","32","32:373:Kugou","Kugou","apple_music_catalog","667921841","","單車","陳奕迅","2013 陳奕迅 Music Life 精選","209.0","","05fbecf34f0f4727cc46","单车","陈奕迅","","211.0","","0","2fa383bbaf93e398ad07","单车","陈奕迅","","208.0","","0","below_threshold","uncertain"
"v1","32","32:373:LRCMux","LRCMux","apple_music_catalog","667921841","","單車","陳奕迅","2013 陳奕迅 Music Life 精選","209.0","","ccf47cead0763e3609f6","單車","Eason Chan","","211.0","","0","","","","","","","","below_threshold","uncertain"
"v1","32","32:373:NetEase","NetEase","apple_music_catalog","667921841","","單車","陳奕迅","2013 陳奕迅 Music Life 精選","209.0","","a66f9cb0d96587b87042","单车","陈奕迅","","211.251","","0","880d0f807718605798cd","单车(Live)","陈奕迅","","322.694","live","0","below_threshold","uncertain"
"v1","32","32:373:QQ","QQ","apple_music_catalog","667921841","","單車","陳奕迅","2013 陳奕迅 Music Life 精選","209.0","","","","","","","","","","","","","","","","no_candidates","uncertain"
"v1","32","32:374:Kugou","Kugou","apple_music_catalog","1721454553","","安靜","周杰倫","Fantasy","334.0","","9c68497e8d80a23dd455","安静","周杰伦","","334.0","","0","66972fafc0d7b6fd8823","安静 (Live)","周杰伦","","292.0","live","0","below_threshold","uncertain"
"v1","32","32:374:LRCLIB","LRCLIB","apple_music_catalog","1721454553","","安靜","周杰倫","Fantasy","334.0","","919d136af37eabc8bf97","安靜","周杰倫","","200.0","","0","d69bb6130e7183217308","安靜","Jay Chou (周杰倫)","","334.24","","0","below_threshold","uncertain"
"v1","32","32:374:NetEase","NetEase","apple_music_catalog","1721454553","","安靜","周杰倫","Fantasy","334.0","","cc2d7c130e92e5f4e641","安靜 - 周杰倫","Yu Ting","","272.346","","0","aec468e17c97be4e2bc7","安静 (Live)","李圣杰","","299.605","live","0","below_threshold","uncertain"
"v1","32","32:374:QQ","QQ","apple_music_catalog","1721454553","","安靜","周杰倫","Fantasy","334.0","","","","","","","","","","","","","","","","no_candidates","uncertain"
"v1","32","32:375:Kugou","Kugou","apple_music_catalog","1444107574","","一步一生","許志安","My Story","210.0","","de391481f458306201da","一步一生","许志安","","209.0","","85","e1e8237bb324e2a2eb76","一步一生","许志安","","211.0","","85","ambiguous_gap","uncertain"
"v1","32","32:375:LRCMux","LRCMux","apple_music_catalog","1444107574","","一步一生","許志安","My Story","210.0","","62b7c0e5a160a6425ade","一步一生","Andy Hui","","210.0","","0","","","","","","","","below_threshold","uncertain"
"v1","32","32:375:NetEase","NetEase","apple_music_catalog","1444107574","","一步一生","許志安","My Story","210.0","","7dfdeca30a757003283b","一步一生","许志安","","210.28","","85","7db1adc56e7447b4e60f","一步一生","许志安","","211.4","","85","ambiguous_gap","uncertain"
"v1","32","32:375:QQ","QQ","apple_music_catalog","1444107574","","一步一生","許志安","My Story","210.0","","","","","","","","","","","","","","","","no_candidates","uncertain"
"v1","32","32:376:Kugou","Kugou","apple_music_catalog","1574378625","","STAY","樂洛伊小子 & Justin Bieber","STAY - Single","142.0","","e6997a8fbed9b62277c2","STAY (Bad Reputation Remix)","Bad Reputation、The Kid LAROI、Justin Bieber","","243.0","remix","0","933c62d51402f234753b","STAY (DJDragon版)","The Kid LAROI、Justin Bieber","","216.0","","0","below_threshold","uncertain"
"v1","32","32:376:QQ","QQ","apple_music_catalog","1574378625","","STAY","樂洛伊小子 & Justin Bieber","STAY - Single","142.0","","","","","","","","","","","","","","","","no_candidates","uncertain"
"v1","32","32:377:Kugou","Kugou","apple_music_catalog","1782840549","","你是我的回憶殺","馮允謙","EMO","225.0","","d704ca5befd461754cf0","你是我的回忆杀","冯允谦","","225.0","","0","4d131559e532cc923823","你是我的回忆杀 (2025 Jay Fung x On Chan MUSIC NIGHT AT THE HARBOUR 现场)","冯允谦","","224.0","live","0","below_threshold","uncertain"
"v1","32","32:377:NetEase","NetEase","apple_music_catalog","1782840549","","你是我的回憶殺","馮允謙","EMO","225.0","","a859730fdabfbc1d02db","后知后觉","冯允谦","","230.684","","0","9980fb30fda25b97cc8a","山旮旯","冯允谦","","267.389","","0","below_threshold","uncertain"
"v1","32","32:377:QQ","QQ","apple_music_catalog","1782840549","","你是我的回憶殺","馮允謙","EMO","225.0","","","","","","","","","","","","","","","","no_candidates","uncertain"
"v1","32","32:378:Kugou","Kugou","apple_music_catalog","6780772534","","沒有人像我一樣 (影集《欠妳的那場婚禮》主題曲)","宇宙人","沒有人像我一樣 (影集《欠妳的那場婚禮》主題曲) - Single","247.0","ost","2c46fe6e989a4b7587a6","没有人像我一样","宇宙人","","246.0","","0","f3a975fe88dca6202d6f","贵得可以","苏慧伦","","252.0","","0","below_threshold","uncertain"
"v1","32","32:378:NetEase","NetEase","apple_music_catalog","6780772534","","沒有人像我一樣 (影集《欠妳的那場婚禮》主題曲)","宇宙人","沒有人像我一樣 (影集《欠妳的那場婚禮》主題曲) - Single","247.0","ost","14fd4a3cb2775b8b6100","没有人像我一样","宇宙人","","246.607","","0","f92e9393168444ba6c88","没有人像我一樣(Live）","Lollipop","","276.273","live","0","below_threshold","uncertain"
"v1","32","32:378:QQ","QQ","apple_music_catalog","6780772534","","沒有人像我一樣 (影集《欠妳的那場婚禮》主題曲)","宇宙人","沒有人像我一樣 (影集《欠妳的那場婚禮》主題曲) - Single","247.0","ost","","","","","","","","","","","","","","","no_candidates","uncertain"
"v1","32","32:379:Kugou","Kugou","apple_music_catalog","1692508528","","海嶼你","馬也_Crabbit & Cole先生","海屿你 - Single","296.0","","8a510b6a9d88beb77568","海屿你","马也_Crabbit、Cole先生","","295.0","","0","c1c2a4e1f7d6a15c00a8","海屿你","王村长","","293.0","","0","below_threshold","uncertain"
"v1","32","32:379:NetEase","NetEase","apple_music_catalog","1692508528","","海嶼你","馬也_Crabbit & Cole先生","海屿你 - Single","296.0","","0aa07df1224910356ce5","海屿你 (Cover 马也_Crabbit & Cole先生 (Big Cole))","Lpd.","","181.76","cover","0","1afef3d35da5cac1c5ec","海屿你 (求你别离开我)（翻自 马也_Crabbit / Cole先生）","A.小林","","190.04","","0","below_threshold","uncertain"
"v1","32","32:379:QQ","QQ","apple_music_catalog","1692508528","","海嶼你","馬也_Crabbit & Cole先生","海屿你 - Single","296.0","","","","","","","","","","","","","","","","no_candidates","uncertain"
"v1","32","32:380:Kugou","Kugou","apple_music_catalog","1811528209","","浪人的…","張震嶽","Surfer's Love Story - Single","245.0","","1ba9651f9c86588e3dca","浪人的…","张震岳","","245.0","","0","f04941b18b5ea332637c","浪人的… (2026跟着感觉走巡回演唱会太原站)","张震岳","","223.0","","0","below_threshold","uncertain"
"v1","32","32:380:NetEase","NetEase","apple_music_catalog","1811528209","","浪人的…","張震嶽","Surfer's Love Story - Single","245.0","","f9c9f2d9b3f6df2dc3bd","浪人的…","张震岳","","245.188","","0","f897a1f7a777574540c5","路口","张震岳","","239.266","","0","below_threshold","uncertain"
"v1","32","32:380:QQ","QQ","apple_music_catalog","1811528209","","浪人的…","張震嶽","Surfer's Love Story - Single","245.0","","","","","","","","","","","","","","","","no_candidates","uncertain"
"v1","32","32:381:Kugou","Kugou","apple_music_catalog","1497822969","","離開我的依賴","王艷薇","離開我的依賴 - Single","234.0","","ef5625433d360db342ce","离开我的依赖","王艳薇","","233.0","","0","ac3322252561b39e14bd","离开我的依赖 (DJ铁柱版)","王艳薇","","234.0","","0","below_threshold","uncertain"
"v1","32","32:381:NetEase","NetEase","apple_music_catalog","1497822969","","離開我的依賴","王艷薇","離開我的依賴 - Single","234.0","","980c9cd3ca090d8fa4b6","离开我的依赖","王艳薇","","233.882","","0","7a7e9a7f3e2ddf7a2fb2","离开我的依赖","- 王艳薇 / INKK","","143.402","","0","below_threshold","uncertain"
"v1","32","32:381:QQ","QQ","apple_music_catalog","1497822969","","離開我的依賴","王艷薇","離開我的依賴 - Single","234.0","","","","","","","","","","","","","","","","no_candidates","uncertain"
"v1","32","32:382:Kugou","Kugou","apple_music_catalog","1868862384","","SWIM","防彈少年團","ARIRANG","159.0","","0e59f71ed70bdb4a5682","SWIM","BTS (防弹少年团)","","159.0","","0","94614f468fa00813df17","SWIM (2026 BTS THE COMEBACK LIVE ARIRANG现场)","BTS (防弹少年团)","","169.0","live","0","below_threshold","uncertain"
"v1","32","32:382:NetEase","NetEase","apple_music_catalog","1868862384","","SWIM","防彈少年團","ARIRANG","159.0","","3a43575e28275bf0bc88","Swim","Chase Atlantic","","228.786","","0","b113a2f21c710826429e","Spring Day (Japanese Version)","BTS (防弹少年团)","","276.693","","0","below_threshold","uncertain"
"v1","32","32:382:QQ","QQ","apple_music_catalog","1868862384","","SWIM","防彈少年團","ARIRANG","159.0","","","","","","","","","","","","","","","","no_candidates","uncertain"
"v1","32","32:383:Kugou","Kugou","apple_music_catalog","1321295662","","如果雨之後","周興哲","The Chaos After You","280.0","","0240c4369ad2cf7ed4fc","永不失联的爱","Eric周兴哲","","259.0","","0","587c59bc8f6a7c0a7966","如果雨之后","Eric周兴哲","","282.0","","0","below_threshold","uncertain"
"v1","32","32:383:NetEase","NetEase","apple_music_catalog","1321295662","","如果雨之後","周興哲","The Chaos After You","280.0","","7304ce38c6c3561b0955","如果雨之后","周兴哲","","281.2","","0","0db5634ccbe33ecdc01d","黏黏","周兴哲 / 许玮甯","","245.16","","0","below_threshold","uncertain"
"v1","32","32:383:QQ","QQ","apple_music_catalog","1321295662","","如果雨之後","周興哲","The Chaos After You","280.0","","","","","","","","","","","","","","","","no_candidates","uncertain"
"v1","32","32:384:LRCMux","LRCMux","apple_music_catalog","1462400556","","慢冷","梁靜茹","我好嗎? - 太陽如常升起","290.0","","5a9542f95bf8f5745d64","她","梁靜茹","","245.0","","0","","","","","","","","below_threshold","uncertain"
"v1","32","32:384:NetEase","NetEase","apple_music_catalog","1462400556","","慢冷","梁靜茹","我好嗎? - 太陽如常升起","290.0","","4d5838d0f63c710ea25c","慢冷 - 梁静茹","坤不悦","","276.144","","0","978c77d9959dec578eba","慢冷 (Live)","李荣浩","","164.321","live","0","below_threshold","uncertain"
"v1","32","32:384:QQ","QQ","apple_music_catalog","1462400556","","慢冷","梁靜茹","我好嗎? - 太陽如常升起","290.0","","","","","","","","","","","","","","","","no_candidates","uncertain"
"v1","32","32:385:Kugou","Kugou","apple_music_catalog","1839368227","","一夜一夜一夜","盧廣仲","HeartBreakFast","248.0","","7755bc95ff577f36b996","一夜一夜一夜","卢广仲","","247.0","","0","97be4f2885059b1451c7","一夜一夜一夜｜R&B 完整版本｜Night after night","凯文-Kevin","","243.0","","0","below_threshold","uncertain"
"v1","32","32:385:LRCLIB","LRCLIB","apple_music_catalog","1839368227","","一夜一夜一夜","盧廣仲","HeartBreakFast","248.0","","c34857321968f8120f18","一夜一夜一夜","盧廣仲","","276.0","","0","37697add60fee27d85fd","一夜一夜一夜 (Sleepless Night)","盧廣仲 (Crowd Lu)","","247.771","","0","below_threshold","uncertain"
"v1","32","32:385:NetEase","NetEase","apple_music_catalog","1839368227","","一夜一夜一夜","盧廣仲","HeartBreakFast","248.0","","82eaa4c2e6481a1054eb","一夜一夜一夜","卢广仲","","247.732","","0","a4dfbfbba4185f75fa71","最寂寞的时候","卢广仲","","274.493","","0","below_threshold","uncertain"
"v1","32","32:385:QQ","QQ","apple_music_catalog","1839368227","","一夜一夜一夜","盧廣仲","HeartBreakFast","248.0","","","","","","","","","","","","","","","","no_candidates","uncertain"
"v1","32","32:386:Kugou","Kugou","apple_music_catalog","1843518968","","Good Goodbye","HWASA","Good Goodbye - Single","223.0","","","","","","","","","","","","","","","","no_candidates","uncertain"
"v1","32","32:386:NetEase","NetEase","apple_music_catalog","1843518968","","Good Goodbye","HWASA","Good Goodbye - Single","223.0","","9782a2f929fa5ac9e65c","Good Goodbye","林可期","","170.14","","0","bf9053de0aba502a5421","Good Goodbye (Originally Performed by Hwasa) [Karaoke Instrumental Version]","Hit The Button Karaoke","","224.017","","0","below_threshold","uncertain"
"v1","32","32:386:QQ","QQ","apple_music_catalog","1843518968","","Good Goodbye","HWASA","Good Goodbye - Single","223.0","","","","","","","","","","","","","","","","no_candidates","uncertain"
"v1","32","32:387:Kugou","Kugou","apple_music_catalog","1579903651","","特別的人","方大同","危險世界","259.0","","6b8ebbd39503ef46c10f","特别的人","方大同","","259.0","","0","0cf818b5bd3108fe7c14","特别的人 (DJ歌者达达版)","方大同","","238.0","","0","below_threshold","uncertain"
"v1","32","32:387:NetEase","NetEase","apple_music_catalog","1579903651","","特別的人","方大同","危險世界","259.0","","5aee39089c02d06ee6d6","特别的人","方大同","","259.064","","0","3a981d56b3c7ec849648","特别的人 (live)","方大同","","241.371","live","0","below_threshold","uncertain"
"v1","32","32:387:QQ","QQ","apple_music_catalog","1579903651","","特別的人","方大同","危險世界","259.0","","","","","","","","","","","","","","","","no_candidates","uncertain"
"v1","32","32:388:Kugou","Kugou","apple_music_catalog","1824122176","","若無你我欲去佗位","黃奇斌","How Do I Go On Without You - Single","220.0","","146a122df4c641f2bc75","若无你我欲去佗位","黄奇斌","","221.0","","79","0aafeae1b95b53636454","若无你我欲去佗位","黄奇斌","","219.0","","79","below_threshold","uncertain"
"v1","32","32:388:LRCLIB","LRCLIB","apple_music_catalog","1824122176","","若無你我欲去佗位","黃奇斌","How Do I Go On Without You - Single","220.0","","5f8ad035dee953ed008d","若無你我欲去佗位","黃奇斌","","264.0","","0","fc951ef3c166ecba149d","若無你我欲去佗位","黃奇斌 - Topic","","221.0","","0","below_threshold","uncertain"
"v1","32","32:388:NetEase","NetEase","apple_music_catalog","1824122176","","若無你我欲去佗位","黃奇斌","How Do I Go On Without You - Single","220.0","","7a728832ffd64acade74","若无你我欲去佗位","黄奇斌","","221.219","","79","faf39eec813921148bad","若无你我欲去佗位","黄奇斌","","219.728","","79","below_threshold","uncertain"
"v1","32","32:388:QQ","QQ","apple_music_catalog","1824122176","","若無你我欲去佗位","黃奇斌","How Do I Go On Without You - Single","220.0","","","","","","","","","","","","","","","","no_candidates","uncertain"
"v1","32","32:389:NetEase","NetEase","apple_music_catalog","1861431711","","幸福在歌唱 (電影《陽光女子合唱團》幸福版主題曲)","A-Lin","Happiness Is Singing (Movie ""Sunshine Women's Choir"" Theme Song) - Single","280.0","ost","6dc3ee6e5bfda1f362c4","幸福在歌唱","黄丽玲","","279.986","","0","43b31fdda95889fccb40","幸福在歌唱(电影《阳光女子合唱团》合唱版)","阳光女子合唱团 / 呱呱华","","187.455","","0","below_threshold","uncertain"
"v1","32","32:389:QQ","QQ","apple_music_catalog","1861431711","","幸福在歌唱 (電影《陽光女子合唱團》幸福版主題曲)","A-Lin","Happiness Is Singing (Movie ""Sunshine Women's Choir"" Theme Song) - Single","280.0","ost","","","","","","","","","","","","","","","no_candidates","uncertain"
"v1","32","32:390:Kugou","Kugou","apple_music_catalog","905226305","","我懷念的","孫燕姿","逆光","289.0","","dcc70aeb1b38c0be068e","我怀念的","孙燕姿","","289.0","","0","bd67791d21c69b004eb0","我怀念的 (DJ 阿若版)","孙燕姿、DJ阿若","","103.0","","0","below_threshold","uncertain"
"v1","32","32:390:NetEase","NetEase","apple_music_catalog","905226305","","我懷念的","孫燕姿","逆光","289.0","","a95d83a7874bdab7b0aa","我怀念的","孙燕姿","","289.066","","0","c367697c1dddacabdb58","我怀念的 (Live)","孙燕姿","","332.105","live","0","below_threshold","uncertain"
"v1","32","32:390:QQ","QQ","apple_music_catalog","905226305","","我懷念的","孫燕姿","逆光","289.0","","","","","","","","","","","","","","","","no_candidates","uncertain"
"v1","32","32:391:Kugou","Kugou","apple_music_catalog","6775423606","","一個人","A-Lin","Alone - Single","298.0","","303ac392bbc1984a75cc","一个人","A-Lin","","298.0","","0","3a02618420ffcce174e4","一个人 (Live)","A-Lin、韩红","","261.0","live","0","below_threshold","uncertain"
"v1","32","32:391:NetEase","NetEase","apple_music_catalog","6775423606","","一個人","A-Lin","Alone - Single","298.0","","086dd47c00fbc65f5c42","一个人","黄丽玲","","298.37","","0","dae123c5f3bd4a6888e5","一个人","夏婉安","","194.095","","0","below_threshold","uncertain"
"v1","32","32:391:QQ","QQ","apple_music_catalog","6775423606","","一個人","A-Lin","Alone - Single","298.0","","","","","","","","","","","","","","","","no_candidates","uncertain"
"v1","32","32:392:Kugou","Kugou","apple_music_catalog","1834199249","","連名帶姓","張惠妹","偷故事的人","334.0","","14df81183f2456a34000","连名带姓","张惠妹","","333.0","","0","3165831aa87751047d4f","连名带姓 (Live)","张惠妹","","379.0","live","0","below_threshold","uncertain"
"v1","32","32:392:NetEase","NetEase","apple_music_catalog","1834199249","","連名帶姓","張惠妹","偷故事的人","334.0","","814896600d20641789fb","连名带姓 (Live版)","张碧晨 / 黄丽玲","","349.754","","0","8d56f9fed1e5a881a0da","连名带姓","宝宝宝宝宝耶 / 张惠妹","","241.502","","0","below_threshold","uncertain"
"v1","32","32:392:QQ","QQ","apple_music_catalog","1834199249","","連名帶姓","張惠妹","偷故事的人","334.0","","","","","","","","","","","","","","","","no_candidates","uncertain"
"v1","32","32:393:Kugou","Kugou","apple_music_catalog","298837675","","開始懂了","孫燕姿","My Desired Happiness","271.0","","a10cd90ac1166376447e","开始懂了","张松波","","211.0","","0","e3c286ed76d8de1bf49d","开始懂了","孙燕姿","","271.0","","0","below_threshold","uncertain"
"v1","32","32:393:NetEase","NetEase","apple_music_catalog","298837675","","開始懂了","孫燕姿","My Desired Happiness","271.0","","1fa29c0ac4e2e41d90de","开始懂了","孙燕姿","","271.493","","0","a00bc27469fd83c9c7bc","开始懂了(Live)","孙燕姿","","171.16","live","0","below_threshold","uncertain"
"v1","32","32:393:QQ","QQ","apple_music_catalog","298837675","","開始懂了","孫燕姿","My Desired Happiness","271.0","","","","","","","","","","","","","","","","no_candidates","uncertain"
"v1","32","32:394:Kugou","Kugou","apple_music_catalog","1837867201","","SPEED DEMON","Justin Bieber","SWAG II","212.0","","ecf90f8545eebd104f6c","SPEED DEMON","Justin Bieber","","211.0","","95","ca109062411d19c2195f","SPEED DEMON","Justin Bieber","","210.0","","95","ambiguous_gap","uncertain"
"v1","32","32:394:NetEase","NetEase","apple_music_catalog","1837867201","","SPEED DEMON","Justin Bieber","SWAG II","212.0","","8dc1548ddad0e31148b1","SPEED DEMON","Justin Bieber","","210.373","","95","c43762046621e8cd79df","SPEED DEMON","Justin Bieber","","211.546","","95","ambiguous_gap","uncertain"
"v1","32","32:394:QQ","QQ","apple_music_catalog","1837867201","","SPEED DEMON","Justin Bieber","SWAG II","212.0","","","","","","","","","","","","","","","","no_candidates","uncertain"
"v1","32","32:395:NetEase","NetEase","apple_music_catalog","6779521286","","Lemon Tang","Hearts2Hearts","Lemon Tang - The 2nd Mini Album - EP","163.0","","257cd5fd775501001f5f","RUDE!","XG","","200.046","","0","90523c180b91ecf3ff8a","Lemon Tang","XG","","163.272","","0","below_threshold","uncertain"
"v1","32","32:395:QQ","QQ","apple_music_catalog","6779521286","","Lemon Tang","Hearts2Hearts","Lemon Tang - The 2nd Mini Album - EP","163.0","","","","","","","","","","","","","","","","no_candidates","uncertain"
"v1","32","32:396:Kugou","Kugou","apple_music_catalog","1871400637","","不為誰而作的歌","林俊傑","From M.E. To Myself","266.0","","b850960d2a6be9fc6ad8","不为谁而作的歌","韩茹钰","","256.0","","0","fda3095da10640039714","不为谁而作的歌","林俊杰","","265.0","","0","below_threshold","uncertain"
"v1","32","32:396:NetEase","NetEase","apple_music_catalog","1871400637","","不為誰而作的歌","林俊傑","From M.E. To Myself","266.0","","aceeeb56d083515d2fd9","不为谁而作的歌","林俊杰","","265.8","","0","87a107a37e746c80cbfc","不为谁而作的歌(Live)","林俊杰","","237.766","live","0","below_threshold","uncertain"
"v1","32","32:396:QQ","QQ","apple_music_catalog","1871400637","","不為誰而作的歌","林俊傑","From M.E. To Myself","266.0","","","","","","","","","","","","","","","","no_candidates","uncertain"
"v1","32","32:397:Kugou","Kugou","apple_music_catalog","1342141668","","幾分之幾 (電影《花甲大人轉男孩》主題曲)","盧廣仲","You Complete Me - Single","229.0","ost","8fefc7011b0e17251ccb","几分之几","卢广仲","","228.0","","0","5897728ab6e43aaae834","几分之几","刘可以","","233.0","","0","below_threshold","uncertain"
"v1","32","32:397:LRCMux","LRCMux","apple_music_catalog","1342141668","","幾分之幾 (電影《花甲大人轉男孩》主題曲)","盧廣仲","You Complete Me - Single","229.0","ost","9a0631950ffa1c88356a","幾分之幾 (電影《花甲大人轉男孩》主題曲)","Crowd Lu","","228.0","ost","0","","","","","","","","below_threshold","uncertain"
"v1","32","32:397:NetEase","NetEase","apple_music_catalog","1342141668","","幾分之幾 (電影《花甲大人轉男孩》主題曲)","盧廣仲","You Complete Me - Single","229.0","ost","fdeb13142d393c658430","几分之几 (You Complete Me)","卢广仲","","228.57","","0","","","","","","","","below_threshold","uncertain"
"v1","32","32:397:QQ","QQ","apple_music_catalog","1342141668","","幾分之幾 (電影《花甲大人轉男孩》主題曲)","盧廣仲","You Complete Me - Single","229.0","ost","","","","","","","","","","","","","","","no_candidates","uncertain"
"v1","32","32:398:Kugou","Kugou","apple_music_catalog","1616484709","","摯友","A-Lin","LINK","319.0","","aedac88456c51e83eb3a","挚友","A-Lin","","318.0","","0","98f78431dac2494a20e2","挚友 (Live)","A-Lin","","319.0","live","0","below_threshold","uncertain"
"v1","32","32:398:LRCLIB","LRCLIB","apple_music_catalog","1616484709","","摯友","A-Lin","LINK","319.0","","be1e87ffdaa9963a4a33","摯友","A-Lin","","333.0","","0","01c4bc25b4c5f0de2615","摯友 - Best Friend","A-Lin","","332.0","","0","below_threshold","uncertain"
"v1","32","32:398:NetEase","NetEase","apple_music_catalog","1616484709","","摯友","A-Lin","LINK","319.0","","8414a005bb79c46cf979","挚友","黄丽玲","","318.995","","0","687fc452c22fe96245c4","挚友","Alin","","181.597","","0","below_threshold","uncertain"
"v1","32","32:398:QQ","QQ","apple_music_catalog","1616484709","","摯友","A-Lin","LINK","319.0","","","","","","","","","","","","","","","","no_candidates","uncertain"
"v1","32","32:399:Kugou","Kugou","apple_music_catalog","1776783766","","不愛就不愛","艾薇","Let Love Slip Away - Single","198.0","","f05d058af37e4affb90b","不爱就不爱","艾薇 Ivy","","197.0","","0","94c1648ff1309915e05d","不爱就不爱 (Live)","艾薇 Ivy","","197.0","live","0","below_threshold","uncertain"
"v1","32","32:399:NetEase","NetEase","apple_music_catalog","1776783766","","不愛就不愛","艾薇","Let Love Slip Away - Single","198.0","","425168e70369a8296249","不爱就不爱","艾薇 Ivy","","194.716","","0","4afa1251accf90903bec","不爱就不爱 (live)","艾薇 Ivy","","197.434","live","0","below_threshold","uncertain"
"v1","32","32:399:QQ","QQ","apple_music_catalog","1776783766","","不愛就不愛","艾薇","Let Love Slip Away - Single","198.0","","","","","","","","","","","","","","","","no_candidates","uncertain"
"v1","32","32:400:Kugou","Kugou","apple_music_catalog","1717034230","","唯一","鄧紫棋","T.I.M.E. - EP","254.0","","7dd6aadd8aa806963331","唯一","G.E.M. 邓紫棋","","253.0","","0","cd7c5abf47bf7440f3b9","唯一 (2023时光音乐会·老友记现场)","G.E.M. 邓紫棋","","257.0","live","0","below_threshold","uncertain"
"v1","32","32:400:NetEase","NetEase","apple_music_catalog","1717034230","","唯一","鄧紫棋","T.I.M.E. - EP","254.0","","edd3dc24a3d8af52b09c","唯一","G.E.M.邓紫棋","","253.735","","0","3e3419c6692252079963","唯一","Sazablue / G.E.M. 邓紫棋.","","209.621","","0","below_threshold","uncertain"
"v1","32","32:400:QQ","QQ","apple_music_catalog","1717034230","","唯一","鄧紫棋","T.I.M.E. - EP","254.0","","","","","","","","","","","","","","","","no_candidates","uncertain"
"v1","32","32:401:Kugou","Kugou","apple_music_catalog","1790602218","","跳樓機","LBI利比","Jumping Machine (跳楼机) - EP","202.0","","97baa319237f396d6ae9","跳楼机","LBI利比（时柏尘）","","201.0","","0","dc432966a8d2e4e92767","跳楼机 (DJ阿布版)","LBI利比（时柏尘）","","185.0","","0","below_threshold","uncertain"
"v1","32","32:401:LRCLIB","LRCLIB","apple_music_catalog","1790602218","","跳樓機","LBI利比","Jumping Machine (跳楼机) - EP","202.0","","cd3ffb5d4f4d2b86bd23","Jumping Machine (跳樓機)","LBI利比","","202.0","","0","","","","","","","","below_threshold","uncertain"
"v1","32","32:401:NetEase","NetEase","apple_music_catalog","1790602218","","跳樓機","LBI利比","Jumping Machine (跳楼机) - EP","202.0","","c0379315d8b99bb02068","跳楼机","LBI利比","","201.711","","0","384f0711339c7ea35c39","跳楼机 (1.1x)","LBI利比","","183.484","","0","below_threshold","uncertain"
"v1","32","32:401:QQ","QQ","apple_music_catalog","1790602218","","跳樓機","LBI利比","Jumping Machine (跳楼机) - EP","202.0","","","","","","","","","","","","","","","","no_candidates","uncertain"
"v1","32","32:402:Kugou","Kugou","apple_music_catalog","6773028284","","Gg Ez","M.Sasuke","Gg Ez - Single","168.0","","","","","","","","","","","","","","","","no_candidates","uncertain"
"v1","32","32:402:LRCMux","LRCMux","apple_music_catalog","6773028284","","Gg Ez","M.Sasuke","Gg Ez - Single","168.0","","c7cec3f928cb3d2f8930","GG EASY","Szpaku","","184.0","","0","","","","","","","","below_threshold","uncertain"
"v1","32","32:402:QQ","QQ","apple_music_catalog","6773028284","","Gg Ez","M.Sasuke","Gg Ez - Single","168.0","","","","","","","","","","","","","","","","no_candidates","uncertain"
"v1","32","32:403:Kugou","Kugou","apple_music_catalog","1871400641","","關鍵詞","林俊傑","From M.E. To Myself","208.0","","30446df63042ca60c2af","关键词","林俊杰","","210.0","","0","87b2863d6860f1e3c452","关键词 (2016极限挑战公益联欢会现场)","林俊杰","","195.0","live","0","below_threshold","uncertain"
"v1","32","32:403:NetEase","NetEase","apple_music_catalog","1871400641","","關鍵詞","林俊傑","From M.E. To Myself","208.0","","b288cd0811f758777be4","关键词","林俊杰","","210.266","","0","a34a86e9056a3889047a","关键词 (Live)","叶炫清","","234.523","live","0","below_threshold","uncertain"
"v1","32","32:403:QQ","QQ","apple_music_catalog","1871400641","","關鍵詞","林俊傑","From M.E. To Myself","208.0","","","","","","","","","","","","","","","","no_candidates","uncertain"
"v1","32","32:404:QQ","QQ","apple_music_catalog","542922095","","十年","陳奕迅","你的陳奕迅國語精選","205.0","","","","","","","","","","","","","","","","no_candidates","uncertain"
"v1","32","32:405:Kugou","Kugou","apple_music_catalog","1757799717","","愛你但說不出口","Karencici","Hard to say - Single","179.0","","cde20d589c02ba914aea","爱你但说不出口","Karencici","","179.0","","0","c53381efd8c71f03a7c7","爱你但说不出口 (Live)","Karencici","","68.0","live","0","below_threshold","uncertain"
"v1","32","32:405:NetEase","NetEase","apple_music_catalog","1757799717","","愛你但說不出口","Karencici","Hard to say - Single","179.0","","1c50f2eca294e91027f8","爱你但说不出口","Karencici","","179.022","","0","e16f0d4491831a86c9fe","爱你但说不出口（生日会降噪版）","Stillmint","","203.669","","0","below_threshold","uncertain"
"v1","32","32:405:QQ","QQ","apple_music_catalog","1757799717","","愛你但說不出口","Karencici","Hard to say - Single","179.0","","","","","","","","","","","","","","","","no_candidates","uncertain"
"v1","32","32:406:QQ","QQ","apple_music_catalog","1813490998","","THIS IS FOR","TWICE","THIS IS FOR","131.0","","","","","","","","","","","","","","","","no_candidates","uncertain"
"v1","32","32:407:Kugou","Kugou","apple_music_catalog","220365871","","愛愛愛","方大同","This Love","213.0","","b18fb67ca033f18dd504","爱爱爱","方大同","","213.0","","0","76d567a9210659ff0c4b","爱爱爱","方大同","","211.0","","0","below_threshold","uncertain"
"v1","32","32:407:LRCMux","LRCMux","apple_music_catalog","220365871","","愛愛愛","方大同","This Love","213.0","","ebe987836666c831961d","Ai!","Khalil Fong","","220.0","","0","","","","","","","","below_threshold","uncertain"
"v1","32","32:407:NetEase","NetEase","apple_music_catalog","220365871","","愛愛愛","方大同","This Love","213.0","","59c97887491110b1a54c","爱爱爱","方大同","","213.266","","0","4b8e2b900235d5602075","爱爱爱 [Timeless Live 2009]","方大同","","213.906","live","0","below_threshold","uncertain"
"v1","32","32:407:QQ","QQ","apple_music_catalog","220365871","","愛愛愛","方大同","This Love","213.0","","","","","","","","","","","","","","","","no_candidates","uncertain"
"v1","32","32:408:Kugou","Kugou","apple_music_catalog","1788007696","","可惜沒如果","林俊傑","Brave New World","298.0","","ae83d46b7fb81c54a940","可惜没如果","林俊杰","","298.0","","0","ce856039e2815dd37cba","可惜没如果 (Live)","林俊杰","","275.0","live","0","below_threshold","uncertain"
"v1","32","32:408:LRCLIB","LRCLIB","apple_music_catalog","1788007696","","可惜沒如果","林俊傑","Brave New World","298.0","","2d3983778949ed696a82","可惜沒如果","林俊傑","","724.0","","0","706c4a98d3fcd1762ce1","可惜沒如果","林俊傑 (JJ Lin)","","298.0","","0","below_threshold","uncertain"
"v1","32","32:408:QQ","QQ","apple_music_catalog","1788007696","","可惜沒如果","林俊傑","Brave New World","298.0","","","","","","","","","","","","","","","","no_candidates","uncertain"
"v1","32","32:409:Kugou","Kugou","apple_music_catalog","597217626","","一個人想著一個人","曾沛慈","KO One Return (Original Soundtrack)","244.0","ost","944c5cc6be00940256a1","一个人想着一个人","曾沛慈","","243.0","","0","f90aebbd7dc3324474ee","一个人想着一个人 (Live)","曾沛慈","","90.0","live","0","below_threshold","uncertain"
"v1","32","32:409:LRCMux","LRCMux","apple_music_catalog","597217626","","一個人想著一個人","曾沛慈","KO One Return (Original Soundtrack)","244.0","ost","91c0020ccb60bc161cbd","一個人還是想著一個人","曾沛慈","","292.0","","0","","","","","","","","below_threshold","uncertain"
"v1","32","32:409:NetEase","NetEase","apple_music_catalog","597217626","","一個人想著一個人","曾沛慈","KO One Return (Original Soundtrack)","244.0","ost","49b77ea00525e951e6c3","一个人想着一个人","曾沛慈","","243.666","","0","895750deddbcaa725432","一个人想着一个人 (Live)","曾沛慈","","90.649","live","0","below_threshold","uncertain"
"v1","32","32:409:QQ","QQ","apple_music_catalog","597217626","","一個人想著一個人","曾沛慈","KO One Return (Original Soundtrack)","244.0","ost","","","","","","","","","","","","","","","no_candidates","uncertain"
"v1","32","32:410:Kugou","Kugou","apple_music_catalog","6781607876","","綿綿無絕期","黃奇斌","The Dream of Vanity Cuts Deep","252.0","","88d93d0482856e6b512c","绵绵无绝期","黄奇斌","","252.0","","0","","","","","","","","below_threshold","uncertain"
"v1","32","32:410:LRCLIB","LRCLIB","apple_music_catalog","6781607876","","綿綿無絕期","黃奇斌","The Dream of Vanity Cuts Deep","252.0","","eac53e1d44e4314c7f07","綿綿無絕期","黃奇斌","","267.0","","0","","","","","","","","below_threshold","uncertain"
"v1","32","32:410:NetEase","NetEase","apple_music_catalog","6781607876","","綿綿無絕期","黃奇斌","The Dream of Vanity Cuts Deep","252.0","","3b5978b7610150f25f07","绵绵无绝期","黄奇斌","","252.458","","0","7a728832ffd64acade74","若无你我欲去佗位","黄奇斌","","221.219","","0","below_threshold","uncertain"
"v1","32","32:410:QQ","QQ","apple_music_catalog","6781607876","","綿綿無絕期","黃奇斌","The Dream of Vanity Cuts Deep","252.0","","","","","","","","","","","","","","","","no_candidates","uncertain"
"v1","32","32:411:Kugou","Kugou","apple_music_catalog","1712228426","","離開的一路上","理想混蛋","Sunny-side Up","255.0","","581ea75c9fcc9bb73260","离开的一路上","理想混蛋","","254.0","","0","4042430856ef539c4358","离开的一路上 - Origin Sessions","理想混蛋","","253.0","","0","below_threshold","uncertain"
"v1","32","32:411:LRCLIB","LRCLIB","apple_music_catalog","1712228426","","離開的一路上","理想混蛋","Sunny-side Up","255.0","","02ff16bdea8cc5af705d","離開的一路上","理想混蛋","","50.0","","0","a341a10474a078329481","離開的一路上 (Paused)","理想混蛋","","255.0","","0","below_threshold","uncertain"
"v1","32","32:411:NetEase","NetEase","apple_music_catalog","1712228426","","離開的一路上","理想混蛋","Sunny-side Up","255.0","","d0d965470b8ff90a01aa","离开的一路上","理想混蛋Bestards","","255.024","","0","25647ecd1e1e3e1d3c95","留守的童年","杨皮鹏","","168.12","","0","below_threshold","uncertain"
"v1","32","32:411:QQ","QQ","apple_music_catalog","1712228426","","離開的一路上","理想混蛋","Sunny-side Up","255.0","","","","","","","","","","","","","","","","no_candidates","uncertain"
"v1","32","32:412:Kugou","Kugou","apple_music_catalog","1771105929","","toxic till the end","ROSÉ","rosie","157.0","","","","","","","","","","","","","","","","no_candidates","uncertain"
"v1","32","32:412:QQ","QQ","apple_music_catalog","1771105929","","toxic till the end","ROSÉ","rosie","157.0","","","","","","","","","","","","","","","","no_candidates","uncertain"
"v1","32","32:413:Kugou","Kugou","apple_music_catalog","1443352465","","愛情轉移","陳奕迅","認了吧 (台灣版)","260.0","","9631b3f23b9fb6295a53","爱情转移","陈奕迅","","259.0","","0","9ce834ceb3bff838ac23","爱情转移","陈奕迅","","262.0","","0","below_threshold","uncertain"
"v1","32","32:413:LRCMux","LRCMux","apple_music_catalog","1443352465","","愛情轉移","陳奕迅","認了吧 (台灣版)","260.0","","9b0ac16526705171bbc2","愛情轉移","Eason Chan","","259.0","","0","","","","","","","","below_threshold","uncertain"
"v1","32","32:413:NetEase","NetEase","apple_music_catalog","1443352465","","愛情轉移","陳奕迅","認了吧 (台灣版)","260.0","","087d0b33d20a2332c0ff","爱情转移","陈奕迅","","259.986","","0","b86b1e6e6125a116b994","爱情转移(国)","陈奕迅","","262.0","","0","below_threshold","uncertain"
"v1","32","32:413:QQ","QQ","apple_music_catalog","1443352465","","愛情轉移","陳奕迅","認了吧 (台灣版)","260.0","","","","","","","","","","","","","","","","no_candidates","uncertain"
"v1","32","32:414:Kugou","Kugou","apple_music_catalog","1081309211","","我不願讓你一個人","五月天","第二人生 (明日版)","266.0","","027f99c0586aab91df75","我不愿 让你一个人","五月天","","265.0","","0","75c282edb17e90456e00","我不愿让你一个人","五月天","","255.0","","0","below_threshold","uncertain"
"v1","32","32:414:NetEase","NetEase","apple_music_catalog","1081309211","","我不願讓你一個人","五月天","第二人生 (明日版)","266.0","","2785efab630fff584dc5","我不愿让你一个人","五月天","","265.65","","0","ba601916cd0d944eb078","我不愿让你一个人","五月天","","265.146","","0","below_threshold","uncertain"
"v1","32","32:414:QQ","QQ","apple_music_catalog","1081309211","","我不願讓你一個人","五月天","第二人生 (明日版)","266.0","","","","","","","","","","","","","","","","no_candidates","uncertain"
"v1","32","32:415:Kugou","Kugou","apple_music_catalog","1734500896","","Magnetic","ILLIT","SUPER REAL ME - EP","161.0","","699cab6203aaf40fc719","Lucky Girl Syndrome","短腿柯基、By道明寺","","140.0","","0","6f68fa02c91c49f3ce0e","Magnetic Illit","Serene Songs","","202.0","","0","below_threshold","uncertain"
"v1","32","32:415:LRCLIB","LRCLIB","apple_music_catalog","1734500896","","Magnetic","ILLIT","SUPER REAL ME - EP","161.0","","e0246301545523847302","Magnetic","ILLIT","","235.0","","0","","","","","","","","below_threshold","uncertain"
"v1","32","32:415:NetEase","NetEase","apple_music_catalog","1734500896","","Magnetic","ILLIT","SUPER REAL ME - EP","161.0","","df771ed3e2c78c94b0aa","Magnetic (Live)","ILLIT","","164.963","live","0","bcf98617cb4b1eb8510c","Magnetic (Ferry Remix)","ILLIT","","173.609","remix","0","below_threshold","uncertain"
"v1","32","32:415:QQ","QQ","apple_music_catalog","1734500896","","Magnetic","ILLIT","SUPER REAL ME - EP","161.0","","","","","","","","","","","","","","","","no_candidates","uncertain"
"v1","32","32:416:Kugou","Kugou","apple_music_catalog","1687085293","","摯友","周興哲","Best Friend - Single","313.0","","0579a296de892b087f96","挚友","Eric周兴哲","","313.0","","0","6eb8c54c4fd0f8a7f3dd","挚友 (Live)","Eric周兴哲","","160.0","live","0","below_threshold","uncertain"
"v1","32","32:416:LRCLIB","LRCLIB","apple_music_catalog","1687085293","","摯友","周興哲","Best Friend - Single","313.0","","797c25581f414d03e414","摯友","周興哲","","161.0","","0","","","","","","","","below_threshold","uncertain"
"v1","32","32:416:NetEase","NetEase","apple_music_catalog","1687085293","","摯友","周興哲","Best Friend - Single","313.0","","35ca8a5afa6c7bcda9c4","挚友","周兴哲","","313.313","","0","1b2dda76869a6f924d67","挚友（Cover 周兴哲）","雾侍-","","313.687","cover","0","below_threshold","uncertain"
"v1","32","32:416:QQ","QQ","apple_music_catalog","1687085293","","摯友","周興哲","Best Friend - Single","313.0","","","","","","","","","","","","","","","","no_candidates","uncertain"
"v1","32","32:417:Kugou","Kugou","apple_music_catalog","1824672652","","JUMP","BLACKPINK","JUMP - Single","165.0","","9598a27370595398dd7d","JUMP","BLACKPINK","","164.754","","95","2e1c389a4a673e9bbd33","JUMP","BLACKPINK","","164.0","","95","ambiguous_gap","uncertain"
"v1","32","32:417:QQ","QQ","apple_music_catalog","1824672652","","JUMP","BLACKPINK","JUMP - Single","165.0","","","","","","","","","","","","","","","","no_candidates","uncertain"
"v1","32","32:418:Kugou","Kugou","apple_music_catalog","1448253831","","怎麼了","周興哲","Freedom - EP","321.0","","878858fb51aa2818ea22","怎么了","Eric周兴哲","","321.0","","0","8d05b2c515638f9696bf","怎么了","Eric周兴哲","","318.0","","0","below_threshold","uncertain"
"v1","32","32:418:NetEase","NetEase","apple_music_catalog","1448253831","","怎麼了","周興哲","Freedom - EP","321.0","","514f5f14df6b5de24329","怎么了","周兴哲","","321.039","","0","87996c95917c6b275867","怎么了 (Live)","苏运莹 / 周兴哲 / 伍嘉成","","311.291","live","0","below_threshold","uncertain"
"v1","32","32:418:QQ","QQ","apple_music_catalog","1448253831","","怎麼了","周興哲","Freedom - EP","321.0","","","","","","","","","","","","","","","","no_candidates","uncertain"
"v1","32","32:419:Kugou","Kugou","apple_music_catalog","1773262055","","DRIP","BABYMONSTER","DRIP","181.0","","48a5e85cf365b634ff65","DRIP","BABYMONSTER","","180.897","","95","21fbe6b37f506efefdb7","DRIP","BABYMONSTER","","180.0","","95","ambiguous_gap","uncertain"
"v1","32","32:419:LRCLIB","LRCLIB","apple_music_catalog","1773262055","","DRIP","BABYMONSTER","DRIP","181.0","","f05b38c2e60abcf27f16","DRIP","BABYMONSTER","","537.0","","0","","","","","","","","below_threshold","uncertain"
"v1","32","32:419:NetEase","NetEase","apple_music_catalog","1773262055","","DRIP","BABYMONSTER","DRIP","181.0","","eb648b54d934744b3c94","DRIP","BABYMONSTER","","180.845","","95","1108e3ad3a7bf66d8d3e","Drip (ROCK VERSION)","BABYMONSTER","","184.946","","91","ambiguous_gap","uncertain"
"v1","32","32:419:QQ","QQ","apple_music_catalog","1773262055","","DRIP","BABYMONSTER","DRIP","181.0","","","","","","","","","","","","","","","","no_candidates","uncertain"
"v1","32","32:420:Kugou","Kugou","apple_music_catalog","1804838435","","愚人節快樂","盧廣仲","All Fool's Day - Single","258.0","","620e1de478582315cd58","愚人节快乐","卢广仲","","258.0","","0","aa7ea7474b79121c57eb","愚人节快乐 (DJ 阿树版)","卢广仲","","106.0","","0","below_threshold","uncertain"
"v1","32","32:420:NetEase","NetEase","apple_music_catalog","1804838435","","愚人節快樂","盧廣仲","All Fool's Day - Single","258.0","","7c5de8a388613eeeb9dd","愚人节快乐","卢广仲","","258.0","","0","a4dfbfbba4185f75fa71","最寂寞的时候","卢广仲","","274.493","","0","below_threshold","uncertain"
"v1","32","32:420:QQ","QQ","apple_music_catalog","1804838435","","愚人節快樂","盧廣仲","All Fool's Day - Single","258.0","","","","","","","","","","","","","","","","no_candidates","uncertain"
"v1","32","32:421:LRCLIB","LRCLIB","apple_music_catalog","1438207200","","有一種悲傷 (電影《比悲傷更悲傷的故事》主題曲)","A-Lin","A Kind of Sorrow (The Movie Theme Song of ""More Than Blue"") - Single","237.0","ost","a990896c4bdf511c5084","有一種悲傷 - 電影《比悲傷更悲傷的故事》主題曲","A-Lin","","237.0","ost","0","5e203e79ad277a252a01","有一種悲傷 (電影《比悲傷更悲傷的故事》主題曲) - A Kind of Sorrow (The movie theme song of ""More than Blue"")","A-Lin","","237.0","ost","0","below_threshold","uncertain"
"v1","32","32:421:NetEase","NetEase","apple_music_catalog","1438207200","","有一種悲傷 (電影《比悲傷更悲傷的故事》主題曲)","A-Lin","A Kind of Sorrow (The Movie Theme Song of ""More Than Blue"") - Single","237.0","ost","0fe07516af7399c44fa5","有一种悲伤","黄丽玲","","237.052","","0","4f8dac1ee9dcc32476e7","有一种悲伤- cover：A-Lin","章鱼妹（李兰）","","234.154","cover","0","below_threshold","uncertain"
"v1","32","32:421:QQ","QQ","apple_music_catalog","1438207200","","有一種悲傷 (電影《比悲傷更悲傷的故事》主題曲)","A-Lin","A Kind of Sorrow (The Movie Theme Song of ""More Than Blue"") - Single","237.0","ost","","","","","","","","","","","","","","","no_candidates","uncertain"
"v1","32","32:422:Kugou","Kugou","apple_music_catalog","1694849138","","修煉愛情","林俊傑","Stories Untold","287.0","","397bd1713cbcabc160e2","修炼爱情","林俊杰","","287.0","","0","1cd4ffa5c79c78baf35a","修炼爱情 (Live)","林俊杰","","184.0","live","0","below_threshold","uncertain"
"v1","32","32:422:NetEase","NetEase","apple_music_catalog","1694849138","","修煉愛情","林俊傑","Stories Untold","287.0","","dac1e033e35ea03e936f","修炼爱情","林俊杰","","287.0","","0","9b9dcce805b138718940","修炼爱情","夏蔓蔓 / 林俊杰-","","231.445","","0","below_threshold","uncertain"
"v1","32","32:422:QQ","QQ","apple_music_catalog","1694849138","","修煉愛情","林俊傑","Stories Untold","287.0","","","","","","","","","","","","","","","","no_candidates","uncertain"
"v1","32","32:423:Kugou","Kugou","apple_music_catalog","808110752","","淚橋","伍佰 & China Blue","淚橋","225.0","","d50bd25a448b71cf5fe6","再度重相逢","伍佰 & China Blue","","209.0","","0","e23988ac6b874cb78daf","晚风","伍佰 & China Blue","","225.0","","0","below_threshold","uncertain"
"v1","32","32:423:NetEase","NetEase","apple_music_catalog","808110752","","淚橋","伍佰 & China Blue","淚橋","225.0","","a1720dd418d84baf0cbf","泪桥","伍佰 & China Blue","","225.186","","0","1d5b67a6c430c1c3dea7","泪桥-Cover伍佰&China Blue","Desert / Desert","","225.187","","0","below_threshold","uncertain"
"v1","32","32:423:QQ","QQ","apple_music_catalog","808110752","","淚橋","伍佰 & China Blue","淚橋","225.0","","","","","","","","","","","","","","","","no_candidates","uncertain"
"v1","32","32:424:Kugou","Kugou","apple_music_catalog","1811349432","","顏色","Gareth.T","顏色 - Single","211.0","","e39c1c89b3b527ee3d1a","颜色","Gareth.T","","211.0","","0","ba942db387768445d47a","颜色 (1.1x DJ 氛围版)","Gareth.T","","153.0","","0","below_threshold","uncertain"
"v1","32","32:424:LRCLIB","LRCLIB","apple_music_catalog","1811349432","","顏色","Gareth.T","顏色 - Single","211.0","","97c316d79f6022846d7d","顏色","Gareth.T","","229.0","","0","f8ec0b8050c80b936c06","顏色 - colors","Gareth.T","","229.0","","0","below_threshold","uncertain"
"v1","32","32:424:NetEase","NetEase","apple_music_catalog","1811349432","","顏色","Gareth.T","顏色 - Single","211.0","","1387655945ab3adbaf30","颜色","Gareth.T","","211.04","","0","1bb8e2d30cf168455dfd","玻璃","Gareth.T","","185.04","","0","below_threshold","uncertain"
"v1","32","32:424:QQ","QQ","apple_music_catalog","1811349432","","顏色","Gareth.T","顏色 - Single","211.0","","","","","","","","","","","","","","","","no_candidates","uncertain"
"v1","32","32:425:Kugou","Kugou","apple_music_catalog","1722205331","","忽然之間","莫文蔚","就是莫文蔚","202.0","","9f1963c1bd0136885024","忽然之间","莫文蔚","","201.0","","0","7ff4e39cfb520e9cd3cb","忽然之间","莫文蔚","","202.0","","0","below_threshold","uncertain"
"v1","32","32:425:NetEase","NetEase","apple_music_catalog","1722205331","","忽然之間","莫文蔚","就是莫文蔚","202.0","","71fa588322308cc30a52","忽然之间","莫文蔚","","199.24","","0","17f9fe899381f50ebfdb","忽然之间","莫文蔚","","201.666","","0","below_threshold","uncertain"
"v1","32","32:425:QQ","QQ","apple_music_catalog","1722205331","","忽然之間","莫文蔚","就是莫文蔚","202.0","","","","","","","","","","","","","","","","no_candidates","uncertain"
"v1","32","32:426:QQ","QQ","apple_music_catalog","6774417990","","SUGAR HONEY ICE TEA","BABYMONSTER","SUGAR HONEY ICE TEA - Single","178.0","","","","","","","","","","","","","","","","no_candidates","uncertain"
"v1","32","32:427:Kugou","Kugou","apple_music_catalog","1134344911","","愛錯","王力宏","Shangri-La","239.0","","224557d8a938581d7df1","爱错","王力宏","","238.0","","0","08b809d2d573dfd98ea6","爱错 (feat. 单依纯)(Live)","王力宏、单依纯","","252.0","live|feat","0","below_threshold","uncertain"
"v1","32","32:427:LRCMux","LRCMux","apple_music_catalog","1134344911","","愛錯","王力宏","Shangri-La","239.0","","167335699f3b00d1c627","雪人","王力宏","","285.0","","0","","","","","","","","below_threshold","uncertain"
"v1","32","32:427:NetEase","NetEase","apple_music_catalog","1134344911","","愛錯","王力宏","Shangri-La","239.0","","3fe46180aadfcd5b7fc1","爱错(Live)","王力宏","","243.53","live","0","db3fd271f81ac94c785a","爱错","Montagem / 王力宏-","","155.875","","0","below_threshold","uncertain"
"v1","32","32:427:QQ","QQ","apple_music_catalog","1134344911","","愛錯","王力宏","Shangri-La","239.0","","","","","","","","","","","","","","","","no_candidates","uncertain"
"v1","32","32:428:Kugou","Kugou","apple_music_catalog","1795979745","","like JENNIE","JENNIE","Ruby","124.0","","3079b40cb6a9ceed43c8","like JENNIE","JENNIE","","123.559","","95","8becb9132a784812d0ac","like JENNIE","JENNIE","","123.0","","95","ambiguous_gap","uncertain"
"v1","32","32:428:QQ","QQ","apple_music_catalog","1795979745","","like JENNIE","JENNIE","Ruby","124.0","","","","","","","","","","","","","","","","no_candidates","uncertain"
"v1","32","32:429:Kugou","Kugou","apple_music_catalog","1455326451","","愛情怎麼了嗎","盧廣仲","Self-Complacent - Single","248.0","","14e7aee0ac6d373c7cf4","爱情怎么了吗","卢广仲","","248.0","","0","e259dfcab52be044c434","爱情怎么了吗 (Karaoke Version)","卢广仲","","246.0","","0","below_threshold","uncertain"
"v1","32","32:429:LRCLIB","LRCLIB","apple_music_catalog","1455326451","","愛情怎麼了嗎","盧廣仲","Self-Complacent - Single","248.0","","6cdc224e32033c2c83e1","愛情怎麼了嗎","盧廣仲","","248.0","","95","75cd4ae6d6fe7d613e33","愛情怎麼了嗎 [Karaoke Version]","盧廣仲","","246.64","","95","ambiguous_gap","uncertain"
"v1","32","32:429:LRCMux","LRCMux","apple_music_catalog","1455326451","","愛情怎麼了嗎","盧廣仲","Self-Complacent - Single","248.0","","3eb37487aaf0e77a40e3","愛情怎麼了嗎","Crowd Lu","","248.0","","0","","","","","","","","below_threshold","uncertain"
"v1","32","32:429:NetEase","NetEase","apple_music_catalog","1455326451","","愛情怎麼了嗎","盧廣仲","Self-Complacent - Single","248.0","","1479930206bfa967d2f3","爱情怎么了吗","卢广仲","","246.426","","0","34864181758b0b22ea63","爱情怎么了吗 (Self-complacent) - Karaoke Version","卢广仲","","246.089","","0","below_threshold","uncertain"
"v1","32","32:429:QQ","QQ","apple_music_catalog","1455326451","","愛情怎麼了嗎","盧廣仲","Self-Complacent - Single","248.0","","","","","","","","","","","","","","","","no_candidates","uncertain"
"v1","32","32:430:Kugou","Kugou","apple_music_catalog","280911996","","遇見","孫燕姿","Your Song (2006 新歌+精選)","210.0","","9fd2e161fc4ba3d3fb32","遇见","孙燕姿","","210.0","","0","ec3c32d37fc6f7cfac15","遇见","孙燕姿","","209.0","","0","below_threshold","uncertain"
"v1","32","32:430:LRCMux","LRCMux","apple_music_catalog","280911996","","遇見","孫燕姿","Your Song (2006 新歌+精選)","210.0","","c0e29771d3da4a92cfc2","風衣","孫燕姿","","243.0","","0","","","","","","","","below_threshold","uncertain"
"v1","32","32:430:NetEase","NetEase","apple_music_catalog","280911996","","遇見","孫燕姿","Your Song (2006 新歌+精選)","210.0","","e087b064f9474e340ed6","遇见","孙燕姿","","209.76","","0","db8017c5057929ff691b","遇见 (Live)","孙燕姿","","239.699","live","0","below_threshold","uncertain"
"v1","32","32:430:QQ","QQ","apple_music_catalog","280911996","","遇見","孫燕姿","Your Song (2006 新歌+精選)","210.0","","","","","","","","","","","","","","","","no_candidates","uncertain"
"v1","32","32:431:Kugou","Kugou","apple_music_catalog","1810572087","","想和你看五月的晚霞","陳華","Hua’s Romance","233.0","","a216d700ca2b84706212","想和你看五月的晚霞","陈华","","233.0","","0","c944417efd3af851bbcf","想和你看五月的晚霞 (轻快版)","陈华","","186.0","","0","below_threshold","uncertain"
"v1","32","32:431:NetEase","NetEase","apple_music_catalog","1810572087","","想和你看五月的晚霞","陳華","Hua’s Romance","233.0","","9bfc6ab527f1b0558b28","想和你看五月的晚霞","陈华","","233.453","","0","473e0d47c98aafa69a1b","想和你看五月的晚霞：夏日续章","陈华","","167.802","","0","below_threshold","uncertain"
"v1","32","32:431:QQ","QQ","apple_music_catalog","1810572087","","想和你看五月的晚霞","陳華","Hua’s Romance","233.0","","","","","","","","","","","","","","","","no_candidates","uncertain"
"v1","32","32:432:Kugou","Kugou","apple_music_catalog","1575900922","","愛久見人心","梁靜茹","愛久見人心","297.0","","aed1f627bece2d3d2eff","爱久见人心","梁静茹","","296.0","","0","c640d76c9018d09b06fd","爱久见人心 (CCTV音乐频道)(单曲)","梁静茹","","296.0","","0","below_threshold","uncertain"
"v1","32","32:432:LRCLIB","LRCLIB","apple_music_catalog","1575900922","","愛久見人心","梁靜茹","愛久見人心","297.0","","57d930faba48fdae19c6","愛久見人心","梁靜茹","","2893.0","","0","","","","","","","","below_threshold","uncertain"
"v1","32","32:432:NetEase","NetEase","apple_music_catalog","1575900922","","愛久見人心","梁靜茹","愛久見人心","297.0","","ae3aa3bccadb8ca4b83b","爱久见人心","梁静茹","","296.619","","0","3f1fb1f401199f9fb109","爱久见人心 梁静茹","故事外的人","","296.643","","0","below_threshold","uncertain"
"v1","32","32:432:QQ","QQ","apple_music_catalog","1575900922","","愛久見人心","梁靜茹","愛久見人心","297.0","","","","","","","","","","","","","","","","no_candidates","uncertain"
"v1","32","32:433:Kugou","Kugou","apple_music_catalog","1788007693","","手心的薔薇 (feat. 鄧紫棋)","林俊傑","Brave New World","280.0","feat","42dbfa7dedfcd1e07ad1","手心的蔷薇","林俊杰、G.E.M. 邓紫棋","","280.0","","0","41678e8f3313dc95dd37","手心的蔷薇 (Single Version)","林俊杰、G.E.M. 邓紫棋","","280.0","","0","below_threshold","uncertain"
"v1","32","32:433:NetEase","NetEase","apple_music_catalog","1788007693","","手心的薔薇 (feat. 鄧紫棋)","林俊傑","Brave New World","280.0","feat","768d53d9d14d2bdee78b","手心的蔷薇","林俊杰 / G.E.M.邓紫棋","","280.053","","0","26012a70d97c0701e2d2","手心的蔷薇","元乔 / 弦羽VinceR","","279.719","","0","below_threshold","uncertain"
"v1","32","32:433:QQ","QQ","apple_music_catalog","1788007693","","手心的薔薇 (feat. 鄧紫棋)","林俊傑","Brave New World","280.0","feat","","","","","","","","","","","","","","","no_candidates","uncertain"
"v1","32","32:435:Kugou","Kugou","apple_music_catalog","1739088799","","ライラック","Mrs. GREEN APPLE","Lilac - Single","288.0","","b3af4601546d455e7836","ライラック","Mrs. GREEN APPLE","","288.0","","95","df0eaf0fd55895c5df55","ライラック","Mrs. GREEN APPLE","","289.0","","95","ambiguous_gap","uncertain"
"v1","32","32:435:QQ","QQ","apple_music_catalog","1739088799","","ライラック","Mrs. GREEN APPLE","Lilac - Single","288.0","","49cf33bdcb8730c92de3","ライラック (丁香)","Mrs. GREEN APPLE","","288.0","","0","44fadba93b4373a56a15","ライラック (Instrumental)","Mrs. GREEN APPLE","","289.0","","0","below_threshold","uncertain"
"v1","32","32:436:Kugou","Kugou","apple_music_catalog","1846753946","","好きすぎて滅!","M!LK","Sukisugite METSU! - Single","212.0","","39cd0e992521ababf2bf","好きすぎて滅！","M!LK","","212.0","","95","0e9edbc2b05cd13f6aeb","好きすぎて滅！","M!LK","","213.0","","95","ambiguous_gap","uncertain"
"v1","32","32:436:NetEase","NetEase","apple_music_catalog","1846753946","","好きすぎて滅!","M!LK","Sukisugite METSU! - Single","212.0","","1f45d038a28f76489370","好きすぎて滅！","M!LK","","212.4","","95","90885c7b34520667966b","好きすぎて滅！","M!LK","","213.2","","95","ambiguous_gap","uncertain"
"v1","32","32:438:LRCMux","LRCMux","apple_music_catalog","1837658529","","IRIS OUT","米津玄師","IRIS OUT - Single","152.0","","37d307cdbdc46b9d401c","IRIS OUT","Kenshi Yonezu","","151.0","","0","","","","","","","","below_threshold","uncertain"
"v1","32","32:440:Kugou","Kugou","apple_music_catalog","604748203","","夜の踊り子","サカナクション","Sakanaction","303.0","","39fb2379e5ab74e8af91","夜の踊り子","サカナクション","","302.21","","95","3bcfdf3043b6b8bc125e","夜の踊り子","サカナクション","","302.968","","95","ambiguous_gap","uncertain"
"v1","32","32:440:LRCLIB","LRCLIB","apple_music_catalog","604748203","","夜の踊り子","サカナクション","Sakanaction","303.0","","76cdcfa78cac2fdd19de","夜の踊り子","サカナクション","","238.0","","0","","","","","","","","below_threshold","uncertain"
"v1","32","32:440:NetEase","NetEase","apple_music_catalog","604748203","","夜の踊り子","サカナクション","Sakanaction","303.0","","c7b09b492ade80839028","夜の踊り子","サカナクション","","302.92","","95","9faf81e2b4651fcf900a","夜の踊り子","サカナクション","","302.079","","95","ambiguous_gap","uncertain"
"v1","32","32:440:QQ","QQ","apple_music_catalog","604748203","","夜の踊り子","サカナクション","Sakanaction","303.0","","048c62b8ea7ce19bf75d","夜の踊り子 (深夜的舞女)","sakanaction","","302.0","","0","d6a4cb7db4a07219a48c","夜の踊り子 (agraph Remix)","サカナクション","","30.0","remix","0","below_threshold","uncertain"
"v1","32","32:441:Kugou","Kugou","apple_music_catalog","1451570480","","花束","back number","Super Star","286.0","","23dc5201f9911054c45c","花束","back number","","285.0","","95","42dc085470ac864c5c0c","花束","back number","","286.0","","95","ambiguous_gap","uncertain"
"v1","32","32:441:LRCMux","LRCMux","apple_music_catalog","1451570480","","花束","back number","Super Star","286.0","","5ee5c9aed8cae36a0d50","Koi","back number","","253.0","","0","","","","","","","","below_threshold","uncertain"
"v1","32","32:441:NetEase","NetEase","apple_music_catalog","1451570480","","花束","back number","Super Star","286.0","","0bdbbfaca179a0c18cde","花束","back number","","286.053","","95","d045321ba82e3456ceec","花束","back number","","289.955","","91","ambiguous_gap","uncertain"
"v1","32","32:442:Kugou","Kugou","apple_music_catalog","1451567963","","高嶺の花子さん","back number","Love Story","295.0","","d7b62813fea54c44ffe6","高嶺の花子さん","back number","","294.0","","95","82086ac43ae9dd9dd426","高嶺の花子さん","back number","","293.0","","95","ambiguous_gap","uncertain"
"v1","32","32:442:QQ","QQ","apple_music_catalog","1451567963","","高嶺の花子さん","back number","Love Story","295.0","","","","","","","","","","","","","","","","no_candidates","uncertain"
"v1","32","32:443:LRCMux","LRCMux","apple_music_catalog","6785367852","","夜鷹 - Yodaka","米津玄師","Yodaka - Single","198.0","","07fe632ef5f23fb576ba","Yodaka","Kenshi Yonezu","","198.0","","0","","","","","","","","below_threshold","uncertain"
"v1","32","32:443:QQ","QQ","apple_music_catalog","6785367852","","夜鷹 - Yodaka","米津玄師","Yodaka - Single","198.0","","","","","","","","","","","","","","","","no_candidates","uncertain"
"v1","32","32:444:Kugou","Kugou","apple_music_catalog","1821849522","","Blue Jeans","HANA","Blue Jeans - Single","207.0","","","","","","","","","","","","","","","","no_candidates","uncertain"
"v1","32","32:444:QQ","QQ","apple_music_catalog","1821849522","","Blue Jeans","HANA","Blue Jeans - Single","207.0","","","","","","","","","","","","","","","","no_candidates","uncertain"
"v1","32","32:445:Kugou","Kugou","apple_music_catalog","1648865575","","Soranji","Mrs. GREEN APPLE","Soranji - Single","344.0","","","","","","","","","","","","","","","","no_candidates","uncertain"
"v1","32","32:445:NetEase","NetEase","apple_music_catalog","1648865575","","Soranji","Mrs. GREEN APPLE","Soranji - Single","344.0","","cfed836bf99c006d06a2","Soranji","Mrs. GREEN APPLE","","344.226","","95","65169d669ce73f23df58","Soranji","Mrs. GREEN APPLE","","342.16","","95","ambiguous_gap","uncertain"
"v1","32","32:445:QQ","QQ","apple_music_catalog","1648865575","","Soranji","Mrs. GREEN APPLE","Soranji - Single","344.0","","","","","","","","","","","","","","","","no_candidates","uncertain"
"v1","32","32:446:Kugou","Kugou","apple_music_catalog","1867354081","","lulu.","Mrs. GREEN APPLE","lulu. - Single","271.0","","35956ffb9aee02e62519","Lulu. / Mrs. Green Apple","Vmak Music","","276.0","","0","","","","","","","","below_threshold","uncertain"
"v1","32","32:446:LRCLIB","LRCLIB","apple_music_catalog","1867354081","","lulu.","Mrs. GREEN APPLE","lulu. - Single","271.0","","32b694fb693c27a353f9","lulu.","Mrs. GREEN APPLE","","295.0","","0","","","","","","","","below_threshold","uncertain"
"v1","32","32:446:QQ","QQ","apple_music_catalog","1867354081","","lulu.","Mrs. GREEN APPLE","lulu. - Single","271.0","","","","","","","","","","","","","","","","no_candidates","uncertain"
"v1","32","32:447:LRCMux","LRCMux","apple_music_catalog","1879525016","","Five","嵐","Five - Single","268.0","","d8d311b8e6e96fb2b424","Five","ARASHI","","267.0","","0","","","","","","","","below_threshold","uncertain"
"v1","32","32:447:QQ","QQ","apple_music_catalog","1879525016","","Five","嵐","Five - Single","268.0","","","","","","","","","","","","","","","","no_candidates","uncertain"
"v1","32","32:448:QQ","QQ","apple_music_catalog","1451567751","","ハッピーエンド","back number","Happy End - EP","314.0","","","","","","","","","","","","","","","","no_candidates","uncertain"
"v1","32","32:449:QQ","QQ","apple_music_catalog","6762737233","","アイドルパワー","M!LK","IDOLPOWER - Single","230.0","","","","","","","","","","","","","","","","no_candidates","uncertain"
"v1","32","32:450:Kugou","Kugou","apple_music_catalog","1456063581","","HAPPY BIRTHDAY","back number","Magic","258.0","","df402dd2844440060584","HAPPY BIRTHDAY / back number","春茶","","264.0","","0","","","","","","","","below_threshold","uncertain"
"v1","32","32:450:QQ","QQ","apple_music_catalog","1456063581","","HAPPY BIRTHDAY","back number","Magic","258.0","","","","","","","","","","","","","","","","no_candidates","uncertain"
"v1","32","32:451:LRCLIB","LRCLIB","apple_music_catalog","1681600508","","ケセラセラ","Mrs. GREEN APPLE","Que Sera Sera - Single","273.0","","2691c48703917914e855","ケセラセラ","Mrs. GREEN APPLE","","30.0","","0","2bf498ba4905fbf8e2ed","ケセラセラ (Instrumental)","Mrs. GREEN APPLE","","272.013","","0","below_threshold","uncertain"
"v1","32","32:451:NetEase","NetEase","apple_music_catalog","1681600508","","ケセラセラ","Mrs. GREEN APPLE","Que Sera Sera - Single","273.0","","7cec450cb5bf03ece64c","ケセラセラ","Mrs. GREEN APPLE","","272.229","","95","2762816de38190de412c","ケセラセラ","Mrs. GREEN APPLE","","272.533","","95","ambiguous_gap","uncertain"
"v1","32","32:451:QQ","QQ","apple_music_catalog","1681600508","","ケセラセラ","Mrs. GREEN APPLE","Que Sera Sera - Single","273.0","","","","","","","","","","","","","","","","no_candidates","uncertain"
"v1","32","32:452:QQ","QQ","apple_music_catalog","1794066813","","とくべチュ、して","=LOVE","Tokubechu Shite - Single","239.0","","","","","","","","","","","","","","","","no_candidates","uncertain"
"v1","32","32:453:Kugou","Kugou","apple_music_catalog","1790599512","","ダーリン","Mrs. GREEN APPLE","Darling - EP","281.0","","eb480c76f7d06d333059","ダーリン","Mrs. GREEN APPLE","","280.0","","95","60e69987d7c9a060d549","ダーリン","Mrs. GREEN APPLE","","278.0","","91","ambiguous_gap","uncertain"
"v1","32","32:453:LRCLIB","LRCLIB","apple_music_catalog","1790599512","","ダーリン","Mrs. GREEN APPLE","Darling - EP","281.0","","686d703b9c1ac7548375","ダーリン","Mrs. GREEN APPLE","","297.0","","0","","","","","","","","below_threshold","uncertain"
"v1","32","32:453:QQ","QQ","apple_music_catalog","1790599512","","ダーリン","Mrs. GREEN APPLE","Darling - EP","281.0","","","","","","","","","","","","","","","","no_candidates","uncertain"
"v1","32","32:454:Kugou","Kugou","apple_music_catalog","1446781787","","マリーゴールド","あいみょん","Momentary Sixth Sense","307.0","","e1cecb2515883c452475","マリーゴールド","あいみょん","","308.0","","95","352dfa10d69ea777250f","マリーゴールド","あいみょん","","306.0","","95","ambiguous_gap","uncertain"
"v1","32","32:454:LRCLIB","LRCLIB","apple_music_catalog","1446781787","","マリーゴールド","あいみょん","Momentary Sixth Sense","307.0","","222cd5cc6ec715c1d9b7","マリーゴールド (Live in 阪神甲子園球場, 2022.11.05)","あいみょん","","307.0","live","0","","","","","","","","below_threshold","uncertain"
"v1","32","32:454:NetEase","NetEase","apple_music_catalog","1446781787","","マリーゴールド","あいみょん","Momentary Sixth Sense","307.0","","b315bf50d9a3c108c38c","マリーゴールド","あいみょん","","308.106","","95","c5252010b8cbbc21ddd9","マリーゴールド","あいみょん","","306.626","","95","ambiguous_gap","uncertain"
"v1","32","32:454:QQ","QQ","apple_music_catalog","1446781787","","マリーゴールド","あいみょん","Momentary Sixth Sense","307.0","","","","","","","","","","","","","","","","no_candidates","uncertain"
"v1","32","32:455:Kugou","Kugou","apple_music_catalog","1803063210","","ROSE","HANA","ROSE - Single","165.0","","f77cf851f2fb14a96287","ROSE","HANA","","164.0","","95","75ad88067268cebd2c3f","ROSE","HANA","","165.0","","95","ambiguous_gap","uncertain"
"v1","32","32:455:LRCLIB","LRCLIB","apple_music_catalog","1803063210","","ROSE","HANA","ROSE - Single","165.0","","7d8391b5d24afcaa598b","ROSE","HANA","","208.0","","0","79cb131885d27d9f6523","ROSE - From THE FIRST TAKE","HANA","","172.0","","0","below_threshold","uncertain"
"v1","32","32:455:NetEase","NetEase","apple_music_catalog","1803063210","","ROSE","HANA","ROSE - Single","165.0","","ad37e929c29f9fedc297","ROSE","HANA","","164.838","","95","2068f3c4d8fcd5cb03e5","ROSE","HANA","","165.52","","95","ambiguous_gap","uncertain"
"v1","32","32:455:QQ","QQ","apple_music_catalog","1803063210","","ROSE","HANA","ROSE - Single","165.0","","","","","","","","","","","","","","","","no_candidates","uncertain"
"v1","32","32:456:QQ","QQ","apple_music_catalog","6785411720","","グッタイム","Snow Man","Good Time - Single","201.0","","","","","","","","","","","","","","","","no_candidates","uncertain"
"v1","32","32:457:QQ","QQ","apple_music_catalog","1860538548","","AIZO","King Gnu","AIZO - Single","216.0","","","","","","","","","","","","","","","","no_candidates","uncertain"
"v1","32","32:458:LRCLIB","LRCLIB","apple_music_catalog","1795905600","","怪獣","サカナクション","Kaiju - Single","253.0","","ab5718e9301efd3c48ee","怪獣","サカナクション","","289.0","","0","","","","","","","","below_threshold","uncertain"
"v1","32","32:458:QQ","QQ","apple_music_catalog","1795905600","","怪獣","サカナクション","Kaiju - Single","253.0","","","","","","","","","","","","","","","","no_candidates","uncertain"
"v1","32","32:459:Kugou","Kugou","apple_music_catalog","1808852932","","ブルーアンバー","back number","Blue Amber - Single","208.0","","c1f5016a564755067835","ブルーアンバー","back number","","207.0","","95","834f1752b03af52f8419","ブルーアンバー","back number","","207.882","","95","ambiguous_gap","uncertain"
"v1","32","32:459:QQ","QQ","apple_music_catalog","1808852932","","ブルーアンバー","back number","Blue Amber - Single","208.0","","","","","","","","","","","","","","","","no_candidates","uncertain"
"v1","32","32:460:Kugou","Kugou","apple_music_catalog","1445145789","","僕のこと","Mrs. GREEN APPLE","Bokuno Koto - EP","322.0","","ccc0dce4a7070bf20e9b","僕のこと","Mrs. GREEN APPLE","","321.0","","95","c954de7bbb5ceecc8b47","僕のこと (Remastered 2020)","Mrs. GREEN APPLE","","323.0","remaster","95","ambiguous_gap","uncertain"
"v1","32","32:460:NetEase","NetEase","apple_music_catalog","1445145789","","僕のこと","Mrs. GREEN APPLE","Bokuno Koto - EP","322.0","","a25096d5d613eb631915","僕のこと","Mrs. GREEN APPLE","","321.76","","95","b94512652eb03816d30e","僕のこと","Mrs. GREEN APPLE","","321.306","","95","ambiguous_gap","uncertain"
"v1","32","32:460:QQ","QQ","apple_music_catalog","1445145789","","僕のこと","Mrs. GREEN APPLE","Bokuno Koto - EP","322.0","","","","","","","","","","","","","","","","no_candidates","uncertain"
"v1","32","32:461:QQ","QQ","apple_music_catalog","6777027010","","Missing","BE:FIRST","Missing - Single","172.0","","","","","","","","","","","","","","","","no_candidates","uncertain"
"v1","32","32:462:Kugou","Kugou","apple_music_catalog","1579439168","","水平線","back number","Suiheisen - Single","285.0","","50d952aa32a136e2257f","水平線","back number","","285.0","","95","db0d69454a7856a96ba7","水平線","back number","","288.0","","91","ambiguous_gap","uncertain"
"v1","32","32:462:LRCLIB","LRCLIB","apple_music_catalog","1579439168","","水平線","back number","Suiheisen - Single","285.0","","d9dc7f3985095e202cd2","水平線","back number","","312.0","","0","","","","","","","","below_threshold","uncertain"
"v1","32","32:462:NetEase","NetEase","apple_music_catalog","1579439168","","水平線","back number","Suiheisen - Single","285.0","","7468c39d573025e22681","水平線","back number","","285.396","","95","8a4bb21b46399815d47e","水平線","back number","","288.013","","91","ambiguous_gap","uncertain"
"v1","32","32:462:QQ","QQ","apple_music_catalog","1579439168","","水平線","back number","Suiheisen - Single","285.0","","","","","","","","","","","","","","","","no_candidates","uncertain"
"v1","32","32:463:Kugou","Kugou","apple_music_catalog","1892738152","","BPM (feat. KREVA)","Kvi Baba","Bpm (feat. KREVA) - Single","174.0","feat","efe8609ea33873c4b484","BPM","Kvi Baba、KREVA","","173.0","","80","88f7a2f0f64ac7a85fcd","BPM (feat. KREVA)","Kvi Baba、KREVA","","173.0","feat","80","ambiguous_gap","uncertain"
"v1","32","32:463:QQ","QQ","apple_music_catalog","1892738152","","BPM (feat. KREVA)","Kvi Baba","Bpm (feat. KREVA) - Single","174.0","feat","","","","","","","","","","","","","","","no_candidates","uncertain"
"v1","32","32:464:Kugou","Kugou","apple_music_catalog","947748526","","いとしのエリー","サザンオールスターズ","10 Numbers Carat","265.0","","54222bf9fd9eefdf58d5","いとしのエリー","サザンオールスターズ","","266.0","","95","af16300c9bedd288eeab","いとしのエリー","サザンオールスターズ","","264.0","","95","ambiguous_gap","uncertain"
"v1","32","32:464:LRCMux","LRCMux","apple_music_catalog","947748526","","いとしのエリー","サザンオールスターズ","10 Numbers Carat","265.0","","e31b463d5f44948a77a2","Itoshi no Ellie [2024 Remaster] (Remastered 2024)","サザンオールスターズ","","264.0","remaster","0","","","","","","","","below_threshold","uncertain"
"v1","32","32:464:NetEase","NetEase","apple_music_catalog","947748526","","いとしのエリー","サザンオールスターズ","10 Numbers Carat","265.0","","f692c5fe63f02cfab86f","いとしのエリー","サザンオールスターズ","","266.066","","95","ff11124d0b68121fc1ad","いとしのエリー","サザンオールスターズ","","265.373","","95","ambiguous_gap","uncertain"
"v1","32","32:464:QQ","QQ","apple_music_catalog","947748526","","いとしのエリー","サザンオールスターズ","10 Numbers Carat","265.0","","","","","","","","","","","","","","","","no_candidates","uncertain"
"v1","32","32:465:Kugou","Kugou","apple_music_catalog","1451566361","","ヒロイン","back number","Heroine - EP","270.0","","2e8eaef293f245dfc6f5","ヒロイン","back number","","270.0","","95","4863ff5fc4823b92a90a","ヒロイン","back number","","269.0","","95","ambiguous_gap","uncertain"
"v1","32","32:465:QQ","QQ","apple_music_catalog","1451566361","","ヒロイン","back number","Heroine - EP","270.0","","","","","","","","","","","","","","","","no_candidates","uncertain"
"v1","32","32:466:Kugou","Kugou","apple_music_catalog","1691229801","","Magic","Mrs. GREEN APPLE","Antenna","263.0","","","","","","","","","","","","","","","","no_candidates","uncertain"
"v1","32","32:466:NetEase","NetEase","apple_music_catalog","1691229801","","Magic","Mrs. GREEN APPLE","Antenna","263.0","","413648fde996bb4a17b4","Magic","Mrs. GREEN APPLE","","263.114","","95","515ed65fe8f8fe7b0632","Magic","Mrs. GREEN APPLE","","261.933","","95","ambiguous_gap","uncertain"
"v1","32","32:466:QQ","QQ","apple_music_catalog","1691229801","","Magic","Mrs. GREEN APPLE","Antenna","263.0","","","","","","","","","","","","","","","","no_candidates","uncertain"
"v1","32","32:467:Kugou","Kugou","apple_music_catalog","1468137287","","Never Grow Up","ちゃんみな","Never Grow Up","196.0","","bb563a4340509695b5ba","Never Grow Up","ちゃんみな","","196.284","","95","d271971478a96a24936c","Never Grow Up","ちゃんみな","","198.0","","95","ambiguous_gap","uncertain"
"v1","32","32:467:LRCMux","LRCMux","apple_music_catalog","1468137287","","Never Grow Up","ちゃんみな","Never Grow Up","196.0","","605632ab89a542a7d279","Never Grow Up","CHANMINA","","196.0","","0","","","","","","","","below_threshold","uncertain"
"v1","32","32:467:QQ","QQ","apple_music_catalog","1468137287","","Never Grow Up","ちゃんみな","Never Grow Up","196.0","","","","","","","","","","","","","","","","no_candidates","uncertain"
"v1","32","32:468:LRCLIB","LRCLIB","apple_music_catalog","1468137516","","SAD SONG","ちゃんみな","Never Grow Up","217.0","","93fc9e4fde68f7964420","SAD SONG - From THE FIRST TAKE (feat. No No Girls FINALISTS)","ちゃんみな","","287.0","feat","0","73dad49753d15dd23ef6","SAD SONG - From THE FIRST TAKE","ちゃんみな feat. NO NO GIRLS FINALISTS","","287.0","","0","below_threshold","uncertain"
"v1","32","32:468:LRCMux","LRCMux","apple_music_catalog","1468137516","","SAD SONG","ちゃんみな","Never Grow Up","217.0","","a8cc45ff4592652db75b","Sad Song","CHANMINA","","217.0","","0","","","","","","","","below_threshold","uncertain"
"v1","32","32:468:QQ","QQ","apple_music_catalog","1468137516","","SAD SONG","ちゃんみな","Never Grow Up","217.0","","","","","","","","","","","","","","","","no_candidates","uncertain"
"v1","32","32:469:Kugou","Kugou","apple_music_catalog","6785734870","","マイオンリー","SixTONES","My Only - Single","227.0","","2d30c8954a415095d5a0","My Only Wish(This Year)","Britney Spears","","255.0","","0","b8445ca6dc5584b46fee","My Only Wish (This Year)","Britney Spears","","254.0","","0","below_threshold","uncertain"
"v1","32","32:469:QQ","QQ","apple_music_catalog","6785734870","","マイオンリー","SixTONES","My Only - Single","227.0","","","","","","","","","","","","","","","","no_candidates","uncertain"
"v1","32","32:470:Kugou","Kugou","apple_music_catalog","1451567084","","わたがし","back number","Watagashi - EP","262.0","","211d9b9f869e06202fd6","わたがし","back number","","261.0","","95","9e493e26791e88f1034f","わたがし","back number","","262.0","","95","ambiguous_gap","uncertain"
"v1","32","32:470:QQ","QQ","apple_music_catalog","1451567084","","わたがし","back number","Watagashi - EP","262.0","","","","","","","","","","","","","","","","no_candidates","uncertain"
"v1","32","32:471:Kugou","Kugou","apple_music_catalog","1627629624","","ブルーアンビエンス (feat. asmi)","Mrs. GREEN APPLE","Unity - EP","251.0","feat","f5d0c84119a4c38b06dd","アイワナムチュー","MAISONdes、asmi、すりぃ","","205.0","","0","c5da5105f1bb146c267e","ドキメキダイアリー","asmi","","199.0","","0","below_threshold","uncertain"
"v1","32","32:471:NetEase","NetEase","apple_music_catalog","1627629624","","ブルーアンビエンス (feat. asmi)","Mrs. GREEN APPLE","Unity - EP","251.0","feat","c5e8ef69b504dfe192a6","ブルーアンビエンス (feat. asmi) [Cover Ver.] [Mixed]","Amaris / asmi","","36.336","cover|feat","0","aef7c04b5dbf054bf302","ブルーアンビエンス (オルゴール) [Cover] [『今日、好きになりました。』より] [オリジナル歌手：Mrs. GREEN APPLE feat. asmi]","RiNG-O Orgel","","44.715","cover|feat","0","below_threshold","uncertain"
"v1","32","32:471:QQ","QQ","apple_music_catalog","1627629624","","ブルーアンビエンス (feat. asmi)","Mrs. GREEN APPLE","Unity - EP","251.0","feat","","","","","","","","","","","","","","","no_candidates","uncertain"
"v1","32","32:472:Kugou","Kugou","apple_music_catalog","1623304209","","ダンスホール","Mrs. GREEN APPLE","Dance Hall - Single","203.0","","3f330a081911069f6675","ダンスホール","Mrs. GREEN APPLE","","203.0","","95","bedf3cee6682ae457c0e","ダンスホール","Mrs. GREEN APPLE","","199.0","","91","ambiguous_gap","uncertain"
"v1","32","32:472:QQ","QQ","apple_music_catalog","1623304209","","ダンスホール","Mrs. GREEN APPLE","Dance Hall - Single","203.0","","","","","","","","","","","","","","","","no_candidates","uncertain"
"v1","32","32:473:Kugou","Kugou","apple_music_catalog","1585848051","","ハレンチ","ちゃんみな","Harenchi","199.0","","3265a9e5b6410b1366d2","ハレンチ","ちゃんみな","","198.0","","95","4bc98f99c71a56c5ee8a","ハレンチ (From THE FIRST TAKE)","ちゃんみな","","200.0","","95","ambiguous_gap","uncertain"
"v1","32","32:473:LRCMux","LRCMux","apple_music_catalog","1585848051","","ハレンチ","ちゃんみな","Harenchi","199.0","","3398aa8998cc424572ea","SUN","CHANMINA","","192.0","","0","","","","","","","","below_threshold","uncertain"
"v1","32","32:473:QQ","QQ","apple_music_catalog","1585848051","","ハレンチ","ちゃんみな","Harenchi","199.0","","","","","","","","","","","","","","","","no_candidates","uncertain"
"v1","32","32:474:Kugou","Kugou","apple_music_catalog","1485857408","","Love so sweet","嵐","Love so Sweet - Single","290.0","","7ce6c048994fae5dca85","Love so sweet","嵐","","289.436","","95","9b4f83309e1b3c1e6b21","Love so sweet","嵐","","289.88","","95","ambiguous_gap","uncertain"
"v1","32","32:474:LRCMux","LRCMux","apple_music_catalog","1485857408","","Love so sweet","嵐","Love so Sweet - Single","290.0","","df154ff4be6e2d2fa59b","Love so sweet","ARASHI","","289.0","","0","","","","","","","","below_threshold","uncertain"
"v1","32","32:474:QQ","QQ","apple_music_catalog","1485857408","","Love so sweet","嵐","Love so Sweet - Single","290.0","","","","","","","","","","","","","","","","no_candidates","uncertain"
"v1","32","32:475:Kugou","Kugou","apple_music_catalog","1459216694","","Pretender","Official髭男dism","Pretender - Single","326.0","","8b95833f685b0af26d57","Pretender","Official髭男dism","","326.478","","95","d50c8c16cac142203caa","Pretender","Official鬍子男dism","","326.478","","92","ambiguous_gap","uncertain"
"v1","32","32:475:LRCLIB","LRCLIB","apple_music_catalog","1459216694","","Pretender","Official髭男dism","Pretender - Single","326.0","","843c856455d63bb7c2e9","Pretender","Official髭男dism","","270.0","","0","2f0081fd96452d46ac6f","Pretender (LIVE)","Official髭男dism","","345.0","live","0","below_threshold","uncertain"
"v1","32","32:475:LRCMux","LRCMux","apple_music_catalog","1459216694","","Pretender","Official髭男dism","Pretender - Single","326.0","","69a1270620ea0cd59c24","Pretender (OFFICIAL HIGE DANDISM LIVE at STADIUM 2025)","Official髭男dism","","348.0","live","0","","","","","","","","below_threshold","uncertain"
"v1","32","32:475:NetEase","NetEase","apple_music_catalog","1459216694","","Pretender","Official髭男dism","Pretender - Single","326.0","","ba54b4cf2f36c4d74a00","Pretender","Official髭男dism","","326.44","","95","0d6027553feb1eb4c6ad","Pretender","Official髭男dism","","326.842","","95","ambiguous_gap","uncertain"
"v1","32","32:475:QQ","QQ","apple_music_catalog","1459216694","","Pretender","Official髭男dism","Pretender - Single","326.0","","","","","","","","","","","","","","","","no_candidates","uncertain"
"v1","32","32:476:LRCLIB","LRCLIB","apple_music_catalog","1831676531","","カリスマックス","Snow Man","CHARISMAX - Single","177.0","","993cdd725e16805e0c6f","カリスマックス","Snow Man","","194.0","","0","4f21fc3de42d5eb9352e","カリスマックス - CHARISMAX","Snow Man","","177.0","","0","below_threshold","uncertain"
"v1","32","32:476:NetEase","NetEase","apple_music_catalog","1831676531","","カリスマックス","Snow Man","CHARISMAX - Single","177.0","","5c9d2bd47807d9416cf7","カリスマックス","Snow Man","","177.433","","95","cd8d11648aebe5845ff8","カリスマックス","Snow Man","","177.733","","95","ambiguous_gap","uncertain"
"v1","32","32:476:QQ","QQ","apple_music_catalog","1831676531","","カリスマックス","Snow Man","CHARISMAX - Single","177.0","","","","","","","","","","","","","","","","no_candidates","uncertain"
"v1","32","32:477:Kugou","Kugou","apple_music_catalog","1440745441","","StaRt","Mrs. GREEN APPLE","Variety - EP","211.0","","","","","","","","","","","","","","","","no_candidates","uncertain"
"v1","32","32:477:LRCLIB","LRCLIB","apple_music_catalog","1440745441","","StaRt","Mrs. GREEN APPLE","Variety - EP","211.0","","31d37faeb6a5a44c23ea","StaRt","Mrs. GREEN APPLE","","211.0","","95","435ed7577055bd4a0c5e","StaRt - Remastered 2020","Mrs. GREEN APPLE","","212.0","remaster","95","ambiguous_gap","uncertain"
"v1","32","32:477:NetEase","NetEase","apple_music_catalog","1440745441","","StaRt","Mrs. GREEN APPLE","Variety - EP","211.0","","a41b8d9fd8ce46b84e70","StaRt (Remastered 2020)","Mrs. GREEN APPLE","","212.08","remaster","95","4b4961965431053b67b9","StaRt","Mrs. GREEN APPLE","","213.426","","91","ambiguous_gap","uncertain"
"v1","32","32:477:QQ","QQ","apple_music_catalog","1440745441","","StaRt","Mrs. GREEN APPLE","Variety - EP","211.0","","","","","","","","","","","","","","","","no_candidates","uncertain"
"v1","32","32:478:Kugou","Kugou","apple_music_catalog","1440763351","","Automatic (Remastered 2014)","宇多田ヒカル","First Love (Remastered 2014)","328.0","remaster","b7f6c7da504b863afd83","Automatic","宇多田ヒカル","","328.646","","95","8cfee18bcb78d4430c9c","Automatic","宇多田ヒカル","","328.0","","95","ambiguous_gap","uncertain"
"v1","32","32:478:LRCMux","LRCMux","apple_music_catalog","1440763351","","Automatic (Remastered 2014)","宇多田ヒカル","First Love (Remastered 2014)","328.0","remaster","f01274f584c39e2d3971","Automatic","Hikaru Utada","","328.0","","0","","","","","","","","below_threshold","uncertain"
"v1","32","32:478:NetEase","NetEase","apple_music_catalog","1440763351","","Automatic (Remastered 2014)","宇多田ヒカル","First Love (Remastered 2014)","328.0","remaster","cf0c9b8bce381f9f644c","Automatic","宇多田ヒカル","","312.066","","0","cf75be75f777b252ce5f","Automatic (Album Edit)","宇多田ヒカル","","328.0","","0","below_threshold","uncertain"
"v1","32","32:478:QQ","QQ","apple_music_catalog","1440763351","","Automatic (Remastered 2014)","宇多田ヒカル","First Love (Remastered 2014)","328.0","remaster","","","","","","","","","","","","","","","no_candidates","uncertain"
"v1","32","32:479:Kugou","Kugou","apple_music_catalog","1821087731","","革命道中 - On The Way","アイナ・ジ・エンド","On The Way - Single","198.0","","fb35bc41709a70558ee4","革命道中 - On The Way","AiNA THE END","","197.0","","0","63fe04ecf5def5d69fa3","革命道中","AiNA THE END","","197.0","","0","below_threshold","uncertain"
"v1","32","32:479:LRCLIB","LRCLIB","apple_music_catalog","1821087731","","革命道中 - On The Way","アイナ・ジ・エンド","On The Way - Single","198.0","","561c9e01501a31b5f19c","革命道中 - On The Way","アイナ・ジ・エンド","","218.0","","0","1dadd25980df37a93f10","革命道中 - On The Way","アイナ・ジ・エンド Official","","198.0","","0","below_threshold","uncertain"
"v1","32","32:479:QQ","QQ","apple_music_catalog","1821087731","","革命道中 - On The Way","アイナ・ジ・エンド","On The Way - Single","198.0","","","","","","","","","","","","","","","","no_candidates","uncertain"
"v1","32","32:480:Kugou","Kugou","apple_music_catalog","1538265741","","Lemon","米津玄師","STRAY SHEEP","256.0","","3dcbdd386849928b311a","Lemon","米津玄師","","255.0","","95","6e7cf103d09a1cc4d457","Lemon","米津玄師","","256.0","","95","ambiguous_gap","uncertain"
"v1","32","32:480:LRCMux","LRCMux","apple_music_catalog","1538265741","","Lemon","米津玄師","STRAY SHEEP","256.0","","12ea2e184178356ae2a4","Lemon","Kenshi Yonezu","","256.0","","0","","","","","","","","below_threshold","uncertain"
"v1","32","32:480:QQ","QQ","apple_music_catalog","1538265741","","Lemon","米津玄師","STRAY SHEEP","256.0","","","","","","","","","","","","","","","","no_candidates","uncertain"
"v1","32","32:481:QQ","QQ","apple_music_catalog","1884257489","","Bad Girl","HANA","Bad Girl - Single","214.0","","","","","","","","","","","","","","","","no_candidates","uncertain"
"v1","32","32:482:QQ","QQ","apple_music_catalog","1874221480","","劇薬中毒","=LOVE","GekiyakuChudoku - Single","277.0","","","","","","","","","","","","","","","","no_candidates","uncertain"
"v1","32","32:483:QQ","QQ","apple_music_catalog","1886067575","","お姫様の作り方","=LOVE","GekiyakuChudoku - EP","233.0","","","","","","","","","","","","","","","","no_candidates","uncertain"
"v1","32","32:484:QQ","QQ","apple_music_catalog","1891943326","","風と町","Mrs. GREEN APPLE","Wind and Town - Single","219.0","","","","","","","","","","","","","","","","no_candidates","uncertain"
"v1","32","32:485:Kugou","Kugou","apple_music_catalog","949250892","","TSUNAMI","サザンオールスターズ","Tsunami - Single","316.0","","2186dcaeea0d62290e5e","TSUNAMI","サザンオールスターズ","","316.0","","95","81b4414936d8206ec86a","TSUNAMI","サザンオールスターズ","","314.0","","95","ambiguous_gap","uncertain"
"v1","32","32:485:NetEase","NetEase","apple_music_catalog","949250892","","TSUNAMI","サザンオールスターズ","Tsunami - Single","316.0","","2e95090e0f3196eb71df","TSUNAMI","サザンオールスターズ","","315.5","","95","b2d63270ef3783c60cf5","TSUNAMI (Remastered 2018)","サザンオールスターズ","","314.253","remaster","95","ambiguous_gap","uncertain"
"v1","32","32:485:QQ","QQ","apple_music_catalog","949250892","","TSUNAMI","サザンオールスターズ","Tsunami - Single","316.0","","","","","","","","","","","","","","","","no_candidates","uncertain"
"v1","32","32:486:Kugou","Kugou","apple_music_catalog","1804230388","","クスシキ","Mrs. GREEN APPLE","KUSUSHIKI - Single","188.0","","f2b9c82e055c72e6ec02","クスシキ","Mrs. GREEN APPLE","","188.0","","95","76805a06e7ec066ff03f","クスシキ","Mrs. GREEN APPLE","","189.0","","95","ambiguous_gap","uncertain"
"v1","32","32:486:LRCLIB","LRCLIB","apple_music_catalog","1804230388","","クスシキ","Mrs. GREEN APPLE","KUSUSHIKI - Single","188.0","","0c89b7b18d7297716daf","クスシキ","Mrs. GREEN APPLE","","225.0","","0","463a0b28eb38a415640f","クスシキ - KUSUSHIKI","Mrs. GREEN APPLE","","188.0","","0","below_threshold","uncertain"
"v1","32","32:486:QQ","QQ","apple_music_catalog","1804230388","","クスシキ","Mrs. GREEN APPLE","KUSUSHIKI - Single","188.0","","","","","","","","","","","","","","","","no_candidates","uncertain"
"v1","32","32:487:LRCMux","LRCMux","apple_music_catalog","1840081736","","JANE DOE","米津玄師 & 宇多田ヒカル","JANE DOE - Single","236.0","","bb8c6d4bdf8cfe167ccc","JANE DOE","Kenshi Yonezu","","235.0","","0","","","","","","","","below_threshold","uncertain"
"v1","32","32:487:QQ","QQ","apple_music_catalog","1840081736","","JANE DOE","米津玄師 & 宇多田ヒカル","JANE DOE - Single","236.0","","","","","","","","","","","","","","","","no_candidates","uncertain"
"v1","32","32:488:Kugou","Kugou","apple_music_catalog","1438144188","","今夜このまま","あいみょん","Let the Night - EP","238.0","","17ebe398c3ab7bd306a3","今夜このまま","あいみょん","","237.0","","95","04dc4ed36aad0cc648e3","今夜このまま","あいみょん","","238.0","","95","ambiguous_gap","uncertain"
"v1","32","32:488:LRCMux","LRCMux","apple_music_catalog","1438144188","","今夜このまま","あいみょん","Let the Night - EP","238.0","","dbe450625024dc411bd6","Let the Night","Aimyon","","238.0","","0","","","","","","","","below_threshold","uncertain"
"v1","32","32:488:NetEase","NetEase","apple_music_catalog","1438144188","","今夜このまま","あいみょん","Let the Night - EP","238.0","","a6aad7367b1448a9a096","今夜このまま","あいみょん","","237.933","","95","925cbe9aff3b7ed3e3a5","今夜このまま","あいみょん","","236.193","","95","ambiguous_gap","uncertain"
"v1","32","32:488:QQ","QQ","apple_music_catalog","1438144188","","今夜このまま","あいみょん","Let the Night - EP","238.0","","","","","","","","","","","","","","","","no_candidates","uncertain"
"v1","32","32:489:Kugou","Kugou","apple_music_catalog","1820264150","","Golden","HUNTR/X, EJAE, オードリー・ヌナ, REI AMI & KPop Demon Hunters Cast","KPop Demon Hunters (Soundtrack from the Netflix Film)","195.0","ost","e944bc8e004620c94b1e","Golden","HUNTR/X、EJAE、AUDREY NUNA、REI AMI、KPop Demon Hunters Cast","","194.0","","90","4acefd9720b618fe1baf","Golden","HUNTR/X、AUDREY NUNA、REI AMI、KPop Demon Hunters Cast、EJAE","","194.0","","90","ambiguous_gap","uncertain"
"v1","32","32:489:LRCMux","LRCMux","apple_music_catalog","1820264150","","Golden","HUNTR/X, EJAE, オードリー・ヌナ, REI AMI & KPop Demon Hunters Cast","KPop Demon Hunters (Soundtrack from the Netflix Film)","195.0","ost","1cb07c2f7ab3b2f630cb","Golden","HUNTR/X","","192.0","","0","","","","","","","","below_threshold","uncertain"
"v1","32","32:489:NetEase","NetEase","apple_music_catalog","1820264150","","Golden","HUNTR/X, EJAE, オードリー・ヌナ, REI AMI & KPop Demon Hunters Cast","KPop Demon Hunters (Soundtrack from the Netflix Film)","195.0","ost","b5cae914f2bb0167cd0e","Golden","HUNTR/X / EJAE / Audrey Nuna / REI AMI / KPop Demon Hunters Cast","","194.607","","90","6bdd11167b05d022ee2f","Golden (Glowin' Version)","HUNTR/X / Ejae / Audrey Nuna / REI AMI / KPop Demon Hunters Cast","","190.517","","86","ambiguous_gap","uncertain"
"v1","32","32:489:QQ","QQ","apple_music_catalog","1820264150","","Golden","HUNTR/X, EJAE, オードリー・ヌナ, REI AMI & KPop Demon Hunters Cast","KPop Demon Hunters (Soundtrack from the Netflix Film)","195.0","ost","","","","","","","","","","","","","","","no_candidates","uncertain"
"v1","32","32:490:Kugou","Kugou","apple_music_catalog","949248404","","真夏の果実","サザンオールスターズ","Inamura Jane","299.0","","1feaf580d601b093d3d7","真夏の果実","サザンオールスターズ","","299.0","","95","790013bc5ec3bb340ecc","真夏の果実 (Remastered 2024)","サザンオールスターズ","","299.0","remaster","95","ambiguous_gap","uncertain"
"v1","32","32:490:LRCLIB","LRCLIB","apple_music_catalog","949248404","","真夏の果実","サザンオールスターズ","Inamura Jane","299.0","","229b10986fe9e72b7908","真夏の果実","サザンオールスターズ","","280.0","","0","","","","","","","","below_threshold","uncertain"
"v1","32","32:490:QQ","QQ","apple_music_catalog","949248404","","真夏の果実","サザンオールスターズ","Inamura Jane","299.0","","","","","","","","","","","","","","","","no_candidates","uncertain"
"v1","32","32:491:Kugou","Kugou","apple_music_catalog","1648108988","","Subtitle","Official髭男dism","Subtitle - Single","306.0","","99d489955c8d7b7e40ba","Subtitle","Official髭男dism","","305.0","","95","32726fd47d227947ce1e","Subtitle","Official髭男dism","","304.0","","95","ambiguous_gap","uncertain"
"v1","32","32:491:LRCLIB","LRCLIB","apple_music_catalog","1648108988","","Subtitle","Official髭男dism","Subtitle - Single","306.0","","a45d8e9a2bf2ac4648f0","Subtitle","Official髭男dism","","321.0","","0","9be011d9b79100359f40","Official髭男dism - Subtitle","Official髭男dism","","322.0","","0","below_threshold","uncertain"
"v1","32","32:491:LRCMux","LRCMux","apple_music_catalog","1648108988","","Subtitle","Official髭男dism","Subtitle - Single","306.0","","b7a37315f9cb7d9a9ee2","Subtitle (OFFICIAL HIGE DANDISM LIVE at STADIUM 2025)","Official髭男dism","","323.0","live","0","","","","","","","","below_threshold","uncertain"
"v1","32","32:491:NetEase","NetEase","apple_music_catalog","1648108988","","Subtitle","Official髭男dism","Subtitle - Single","306.0","","bad695b485ed91f5d6c5","Subtitle","Official髭男dism","","305.509","","95","2d9e9b59661385729254","Subtitle","Official髭男dism","","304.555","","95","ambiguous_gap","uncertain"
"v1","32","32:491:QQ","QQ","apple_music_catalog","1648108988","","Subtitle","Official髭男dism","Subtitle - Single","306.0","","","","","","","","","","","","","","","","no_candidates","uncertain"
"v1","32","32:492:Kugou","Kugou","apple_music_catalog","1648411352","","アイラブユー","back number","I Love You - Single","236.0","","8276c69cfb2c9afb83ae","アイラブユー","back number","","235.728","","95","b03e5923c6784270c558","アイラブユー","back number","","235.0","","95","ambiguous_gap","uncertain"
"v1","32","32:492:QQ","QQ","apple_music_catalog","1648411352","","アイラブユー","back number","I Love You - Single","236.0","","","","","","","","","","","","","","","","no_candidates","uncertain"
"v1","32","32:493:Kugou","Kugou","apple_music_catalog","1807959956","","夢中","BE:FIRST","Muchu - Single","190.0","","8caac04a091221e8dd5f","夢中","BE:FIRST","","189.0","","95","5d9ec6397ebf299c4ec9","夢中","BE:FIRST","","190.0","","95","ambiguous_gap","uncertain"
"v1","32","32:493:NetEase","NetEase","apple_music_catalog","1807959956","","夢中","BE:FIRST","Muchu - Single","190.0","","185613b5d5e364ffe892","夢中","BE:FIRST","","189.64","","95","b602404f715d1d65cdf5","夢中","BE:FIRST","","190.8","","95","ambiguous_gap","uncertain"
"v1","32","32:493:QQ","QQ","apple_music_catalog","1807959956","","夢中","BE:FIRST","Muchu - Single","190.0","","","","","","","","","","","","","","","","no_candidates","uncertain"
"v1","32","32:494:Kugou","Kugou","apple_music_catalog","1471459432","","インフェルノ","Mrs. GREEN APPLE","Inferno - Single","213.0","","e88e820f27573510ecd3","インフェルノ","Mrs. GREEN APPLE","","212.0","","95","fd00e86851fff7f9d565","インフェルノ","Mrs. GREEN APPLE","","211.0","","95","ambiguous_gap","uncertain"
"v1","32","32:494:NetEase","NetEase","apple_music_catalog","1471459432","","インフェルノ","Mrs. GREEN APPLE","Inferno - Single","213.0","","186e5379bff7f0b22ce4","インフェルノ","Mrs. GREEN APPLE","","211.6","","95","b93f9616781067a60197","インフェルノ (Remastered 2020)","Mrs. GREEN APPLE","","213.573","remaster","95","ambiguous_gap","uncertain"
"v1","32","32:494:QQ","QQ","apple_music_catalog","1471459432","","インフェルノ","Mrs. GREEN APPLE","Inferno - Single","213.0","","","","","","","","","","","","","","","","no_candidates","uncertain"
"v1","32","32:495:Kugou","Kugou","apple_music_catalog","269573364","","ビリー・ジーン","マイケル・ジャクソン","Thriller","294.0","","d70c55044b6eadcba673","ビリー・ジーン","Winterplay","","234.0","","0","fd538969554236905c41","ビリー・ジーン · ਬਿਲੀ ਜੀਨ","Undiandeye Adie","","169.0","","0","below_threshold","uncertain"
"v1","32","32:495:LRCMux","LRCMux","apple_music_catalog","269573364","","ビリー・ジーン","マイケル・ジャクソン","Thriller","294.0","","37264c4300ce2e97a121","Billie Jean","Michael Jackson","","293.0","","0","","","","","","","","below_threshold","uncertain"
"v1","32","32:495:NetEase","NetEase","apple_music_catalog","269573364","","ビリー・ジーン","マイケル・ジャクソン","Thriller","294.0","","6da4588a0ad8ac3a5041","ビリー・ジーン","1966カルテット","","253.57","","0","418d839a20292cc1305e","今夜はビート・イット","1966カルテット","","160.862","","0","below_threshold","uncertain"
"v1","32","32:495:QQ","QQ","apple_music_catalog","269573364","","ビリー・ジーン","マイケル・ジャクソン","Thriller","294.0","","","","","","","","","","","","","","","","no_candidates","uncertain"
"v1","32","32:496:Kugou","Kugou","apple_music_catalog","1490256995","","夜に駆ける","YOASOBI","夜に駆ける - Single","261.0","","6c8f5e8df2aca3316c34","夜に駆ける","YOASOBI","","261.0","","95","4edced2116fa6c44b5b9","夜に駆ける","YOASOBI","","258.0","","91","ambiguous_gap","uncertain"
"v1","32","32:496:NetEase","NetEase","apple_music_catalog","1490256995","","夜に駆ける","YOASOBI","夜に駆ける - Single","261.0","","91e056b801b2a9966bf8","夜に駆ける","YOASOBI","","261.013","","95","786f16163e57efa7a2d3","夜に駆ける","YOASOBI","","258.84","","91","ambiguous_gap","uncertain"
"v1","32","32:496:QQ","QQ","apple_music_catalog","1490256995","","夜に駆ける","YOASOBI","夜に駆ける - Single","261.0","","","","","","","","","","","","","","","","no_candidates","uncertain"
"v1","32","32:497:Kugou","Kugou","apple_music_catalog","1485847849","","Happiness","嵐","Happiness - Single","258.0","","cc310120d13a5f2cdac0","Happiness","嵐","","258.0","","95","f07cc2b66ff3d00bed44","Happiness","嵐","","257.0","","95","ambiguous_gap","uncertain"
"v1","32","32:497:LRCMux","LRCMux","apple_music_catalog","1485847849","","Happiness","嵐","Happiness - Single","258.0","","741e4193840d7a3d3e23","Happiness","ARASHI","","258.0","","0","","","","","","","","below_threshold","uncertain"
"v1","32","32:497:QQ","QQ","apple_music_catalog","1485847849","","Happiness","嵐","Happiness - Single","258.0","","","","","","","","","","","","","","","","no_candidates","uncertain"
"v1","32","32:498:LRCLIB","LRCLIB","apple_music_catalog","1273709797","","君はロックを聴かない","あいみょん","Excitement of Youth","246.0","","6c473f2b65bb20897dd2","君はロックを聴かない (Live in 阪神甲子園球場, 2022.11.05)","あいみょん","","270.373","live","0","","","","","","","","below_threshold","uncertain"
"v1","32","32:498:QQ","QQ","apple_music_catalog","1273709797","","君はロックを聴かない","あいみょん","Excitement of Youth","246.0","","","","","","","","","","","","","","","","no_candidates","uncertain"
"v1","32","32:499:Kugou","Kugou","apple_music_catalog","1485847813","","One Love","嵐","One Love - Single","285.0","","3d762ad76d999705046a","One Love","嵐","","285.0","","95","d20f44681c3ea935fa52","One Love","嵐","","289.0","","91","ambiguous_gap","uncertain"
"v1","32","32:499:LRCMux","LRCMux","apple_music_catalog","1485847813","","One Love","嵐","One Love - Single","285.0","","73412c63b385a53112c5","One Love","ARASHI","","285.0","","0","","","","","","","","below_threshold","uncertain"
"v1","32","32:499:QQ","QQ","apple_music_catalog","1485847813","","One Love","嵐","One Love - Single","285.0","","","","","","","","","","","","","","","","no_candidates","uncertain"
"v1","32","32:500:Kugou","Kugou","apple_music_catalog","1838917139","","Wherever you are","ONE OK ROCK","Niche Syndrome","296.0","","6f7a03fbba513ee53139","Wherever You Are One Ok Rock","小潘音乐","","266.0","","0","","","","","","","","below_threshold","uncertain"
"v1","32","32:500:QQ","QQ","apple_music_catalog","1838917139","","Wherever you are","ONE OK ROCK","Niche Syndrome","296.0","","","","","","","","","","","","","","","","no_candidates","uncertain"
"v1","32","32:501:Kugou","Kugou","apple_music_catalog","1735702871","","君が眩しいから僕は星が見えない","SIX LOUNGE","All Right - EP","236.0","","","","","","","","","","","","","","","","no_candidates","uncertain"
"v1","32","32:501:QQ","QQ","apple_music_catalog","1735702871","","君が眩しいから僕は星が見えない","SIX LOUNGE","All Right - EP","236.0","","","","","","","","","","","","","","","","no_candidates","uncertain"
"v1","32","32:502:Kugou","Kugou","apple_music_catalog","1808822211","","Tiger","HANA","ROSE - Single","190.0","","","","","","","","","","","","","","","","no_candidates","uncertain"
"v1","32","32:502:QQ","QQ","apple_music_catalog","1808822211","","Tiger","HANA","ROSE - Single","190.0","","","","","","","","","","","","","","","","no_candidates","uncertain"
"v1","32","32:503:Kugou","Kugou","apple_music_catalog","1083422439","","波乗りジョニー","桑田佳祐","Naminori Johnny - Single","268.0","","293658be811479c16a92","波乗りジョニー","桑田佳祐","","267.0","","95","54a33b6004cc24d964f1","波乗りジョニー (Remaster)","桑田佳祐","","269.0","remaster","95","ambiguous_gap","uncertain"
"v1","32","32:503:NetEase","NetEase","apple_music_catalog","1083422439","","波乗りジョニー","桑田佳祐","Naminori Johnny - Single","268.0","","0b7d4c24e40766371def","波乗りジョニー","桑田佳祐","","267.533","","95","5734e41bb2d4005f2332","波乗りジョニー (Remastered 2022)","桑田佳祐","","269.466","remaster","95","ambiguous_gap","uncertain"
"v1","32","32:503:QQ","QQ","apple_music_catalog","1083422439","","波乗りジョニー","桑田佳祐","Naminori Johnny - Single","268.0","","","","","","","","","","","","","","","","no_candidates","uncertain"
"v1","32","32:504:QQ","QQ","apple_music_catalog","1860453512","","どうしてもどうしても","back number","Want Want Want - Single","227.0","","","","","","","","","","","","","","","","no_candidates","uncertain"
"v1","32","32:505:Kugou","Kugou","apple_music_catalog","1528119630","","群青","YOASOBI","Gunjou - Single","248.0","","2474ac892595db8319c1","群青","YOASOBI","","248.476","","95","d640a6a21be46e2da454","群青","YOASOBI","","248.593","","95","ambiguous_gap","uncertain"
"v1","32","32:505:QQ","QQ","apple_music_catalog","1528119630","","群青","YOASOBI","Gunjou - Single","248.0","","","","","","","","","","","","","","","","no_candidates","uncertain"
"v1","32","32:506:Kugou","Kugou","apple_music_catalog","1534620183","","ドライフラワー","優里","Dried Flower - Single","286.0","","28315fb727d4c2e7ca4f","ドライフラワー","優里","","285.0","","95","5a050bd1bfbab0a81c85","ドライフラワー","優里","","286.0","","95","ambiguous_gap","uncertain"
"v1","32","32:506:LRCMux","LRCMux","apple_music_catalog","1534620183","","ドライフラワー","優里","Dried Flower - Single","286.0","","914eafedeaa9e6f200a9","Dried Flower","Yuuri","","285.0","","0","","","","","","","","below_threshold","uncertain"
"v1","32","32:506:QQ","QQ","apple_music_catalog","1534620183","","ドライフラワー","優里","Dried Flower - Single","286.0","","","","","","","","","","","","","","","","no_candidates","uncertain"
"v1","32","32:507:Kugou","Kugou","apple_music_catalog","1854334753","","NON STOP","HANA","NON STOP - Single","174.0","","","","","","","","","","","","","","","","no_candidates","uncertain"
"v1","32","32:507:LRCLIB","LRCLIB","apple_music_catalog","1854334753","","NON STOP","HANA","NON STOP - Single","174.0","","ad82d7fdcb61a1186102","NON STOP","HANA","","205.0","","0","","","","","","","","below_threshold","uncertain"
"v1","32","32:507:NetEase","NetEase","apple_music_catalog","1854334753","","NON STOP","HANA","NON STOP - Single","174.0","","81e1e62b316595534f53","NON STOP","HANA","","173.685","","95","bbe65346a8d88bc2111e","NON STOP","HANA","","175.133","","95","ambiguous_gap","uncertain"
"v1","32","32:507:QQ","QQ","apple_music_catalog","1854334753","","NON STOP","HANA","NON STOP - Single","174.0","","","","","","","","","","","","","","","","no_candidates","uncertain"
"v1","32","32:508:QQ","QQ","apple_music_catalog","1566811795","","怪盗","back number","Phantom thief - Single","196.0","","","","","","","","","","","","","","","","no_candidates","uncertain"
"v1","32","32:509:QQ","QQ","apple_music_catalog","6784598729","","How Many Girls (feat. 変態紳士クラブ)","Kvi Baba","How Many Girls (feat. HENTAI SHINSHI CLUB) - Single","249.0","feat","","","","","","","","","","","","","","","no_candidates","uncertain"
"v1","32","32:510:QQ","QQ","apple_music_catalog","1835368696","","ラブソングに襲われる","=LOVE","LOVE Song ni Osowareru - Single","218.0","","","","","","","","","","","","","","","","no_candidates","uncertain"
"v1","32","32:511:Kugou","Kugou","apple_music_catalog","1479397583","","イエスタデイ","Official髭男dism","Traveler","299.0","","c211cccdd63f99559370","イエスタデイ","Official髭男dism","","299.345","","95","99321a123cc0c31fe9a1","イエスタデイ","Official鬍子男dism","","299.206","","92","ambiguous_gap","uncertain"
"v1","32","32:511:LRCLIB","LRCLIB","apple_music_catalog","1479397583","","イエスタデイ","Official髭男dism","Traveler","299.0","","86d39c09bf01b4238be6","イエスタデイ","Official髭男dism","","286.0","","0","99de0de8d2e7f6213ed7","イエスタデイ(Instrumental)","Official髭男dism","","299.164","","0","below_threshold","uncertain"
"v1","32","32:511:LRCMux","LRCMux","apple_music_catalog","1479397583","","イエスタデイ","Official髭男dism","Traveler","299.0","","3b2a5a35f10d584a99ef","イエスタデイ (OFFICIAL HIGE DANDISM LIVE at STADIUM 2025)","Official髭男dism","","348.0","live","0","","","","","","","","below_threshold","uncertain"
"v1","32","32:511:QQ","QQ","apple_music_catalog","1479397583","","イエスタデイ","Official髭男dism","Traveler","299.0","","","","","","","","","","","","","","","","no_candidates","uncertain"
"v1","32","32:512:Kugou","Kugou","apple_music_catalog","1564752145","","きらり","藤井 風","Kirari - Single","232.0","","28b66b2feb19b4634e59","きらり","藤井風","","231.0","","95","2ba625462e6672f9f746","きらり","藤井風","","227.0","","91","ambiguous_gap","uncertain"
"v1","32","32:512:NetEase","NetEase","apple_music_catalog","1564752145","","きらり","藤井 風","Kirari - Single","232.0","","147bf31fad75c590e5a0","きらり","藤井風","","231.882","","95","c9f63d63e174f74a87ee","きらり","藤井風","","227.899","","91","ambiguous_gap","uncertain"
"v1","32","32:512:QQ","QQ","apple_music_catalog","1564752145","","きらり","藤井 風","Kirari - Single","232.0","","9f2eaebca46e2de50d2d","きらり (闪耀)","藤井风","","231.0","","0","c843083c8aa3849ebb7e","きらり (Live at Tiny Desk Concerts Japan)","藤井風","","249.0","live","0","below_threshold","uncertain"
"v1","32","32:513:Kugou","Kugou","apple_music_catalog","1733130377","","満ちてゆく","藤井 風","Michi Teyu Ku (Overflowing) - Single","311.0","","2d69f6544e7565e07dc6","満ちてゆく","藤井風","","310.0","","95","b6b64bca0cef0f82dd10","満ちてゆく","藤井風","","311.0","","95","ambiguous_gap","uncertain"
"v1","32","32:513:NetEase","NetEase","apple_music_catalog","1733130377","","満ちてゆく","藤井 風","Michi Teyu Ku (Overflowing) - Single","311.0","","f66f04f00bacf8ea30d2","満ちてゆく","藤井風","","310.997","","95","861748458b9b91b9ab87","満ちてゆく","藤井風","","315.386","","91","ambiguous_gap","uncertain"
"v1","32","32:513:QQ","QQ","apple_music_catalog","1733130377","","満ちてゆく","藤井 風","Michi Teyu Ku (Overflowing) - Single","311.0","","5d74217437ef543a1c25","満ちてゆく (心海渐满)","藤井风","","310.0","","0","ee77691cfd5de49999fd","満ちてゆく (Live at Tiny Desk Concerts Japan)","藤井風","","312.0","live","0","below_threshold","uncertain"
"v1","32","32:514:Kugou","Kugou","apple_music_catalog","6776482882","","777 (feat. Awich, CHICO CARLITO, ONE OK ROCK & Paledusk)","YAO","777 (feat. Awich, CHICO CARLITO, ONE OK ROCK & Paledusk) - Single","186.0","feat","ae485b3ef97c35f54fbc","奈非天","Ice Paper","","267.0","","0","41c41e2899d43af591cf","守夜人","Ice Paper","","213.0","","0","below_threshold","uncertain"
"v1","32","32:514:NetEase","NetEase","apple_music_catalog","6776482882","","777 (feat. Awich, CHICO CARLITO, ONE OK ROCK & Paledusk)","YAO","777 (feat. Awich, CHICO CARLITO, ONE OK ROCK & Paledusk) - Single","186.0","feat","2edb961b5dfdf143d868","777 (feat. Awich, CHICO CARLITO, ONE OK ROCK & Paledusk)","YAO / Awich / CHICO CARLITO / ONE OK ROCK / Paledusk","","185.697","feat","0","ea85c1ef5e8b474ffac3","777 (feat. Awich, CHICO CARLITO, ONE OK ROCK & Paledusk)","纸飞机","","184.189","feat","0","below_threshold","uncertain"
"v1","32","32:514:QQ","QQ","apple_music_catalog","6776482882","","777 (feat. Awich, CHICO CARLITO, ONE OK ROCK & Paledusk)","YAO","777 (feat. Awich, CHICO CARLITO, ONE OK ROCK & Paledusk) - Single","186.0","feat","6e767d98b1792847d444","777 (feat. Awich, CHICO CARLITO, ONE OK ROCK & Paledusk)","YAO / Awich / CHICO CARLITO / ONE OK ROCK / Paledusk","","185.0","feat","0","c9b59c516532d0dd27fa","最简单的声音 (Remix)","孙子涵 / 耀乐团","","267.0","remix","0","below_threshold","uncertain"
"v1","32","32:515:QQ","QQ","apple_music_catalog","1890060756","","飛ぶ時","Vaundy","fly away / way out - Single","253.0","","8de28b965a1520317ef5","飛ぶ時 (fly away)","Vaundy","","252.0","","0","39f6dbce7e961b34bd50","飛ぼうよ (way out)","yama","","259.0","","0","below_threshold","uncertain"
"v1","32","32:516:LRCMux","LRCMux","apple_music_catalog","1794499543","","イイじゃん","M!LK","E Jan - Single","198.0","","5fdfc853d95ad1a75a4e","イイじゃん (カラオケ)[原曲歌手:M!LK]","歌っちゃ王","","203.0","","0","","","","","","","","below_threshold","uncertain"
"v1","32","32:517:Kugou","Kugou","apple_music_catalog","1440763358","","First Love (Remastered 2014)","宇多田ヒカル","First Love (Remastered 2014)","258.0","remaster","ef6362328453bb27ca76","First Love","宇多田ヒカル","","257.0","","95","744f1a5dc9378e0c6542","First Love","宇多田ヒカル","","258.0","","95","ambiguous_gap","uncertain"
"v1","32","32:517:LRCMux","LRCMux","apple_music_catalog","1440763358","","First Love (Remastered 2014)","宇多田ヒカル","First Love (Remastered 2014)","258.0","remaster","78d3bef360ea54228913","First Love","Hikaru Utada","","258.0","","0","","","","","","","","below_threshold","uncertain"
"v1","32","32:517:NetEase","NetEase","apple_music_catalog","1440763358","","First Love (Remastered 2014)","宇多田ヒカル","First Love (Remastered 2014)","258.0","remaster","a32017b7992e32f1ad2a","First Love","宇多田ヒカル","","257.893","","95","e03a722efae6f6a5ac8c","First Love","宇多田ヒカル","","258.693","","95","ambiguous_gap","uncertain"
"v1","32","32:518:Kugou","Kugou","apple_music_catalog","1751409888","","絶対アイドル辞めないで","=LOVE","Zettai idol yamenaide - Single","232.0","","600ae7facd90c64f0a6c","絶対アイドル辞めないで - From THE FIRST TAKE","=LOVE","","232.0","","0","760bb001e5fc65097f16","仲直りシュークリーム","=LOVE","","241.0","","0","below_threshold","uncertain"
"v1","32","32:518:NetEase","NetEase","apple_music_catalog","1751409888","","絶対アイドル辞めないで","=LOVE","Zettai idol yamenaide - Single","232.0","","147f0a29280a1a3df16a","絶対アイドル辞めないで","=LOVE","","232.571","","95","562fa5eb787be69532e1","絶対アイドル辞めないで","=LOVE","","233.848","","95","ambiguous_gap","uncertain"
"v1","32","32:518:QQ","QQ","apple_music_catalog","1751409888","","絶対アイドル辞めないで","=LOVE","Zettai idol yamenaide - Single","232.0","","39ee4cd77ab6f467dbb2","絶対アイドル辞めないで","=LOVE","","232.0","","95","27b3e2d0c958571e0e07","絶対アイドル辞めないで (Opening version|＝LOVE 7th ANNIVERSARY PREMIUM CONCERT)","=LOVE","","233.0","","95","ambiguous_gap","uncertain"
"v1","32","32:519:LRCLIB","LRCLIB","apple_music_catalog","1639449127","","ベルベットの詩","back number","Velvet - Single","254.0","","3cd6e0d8348d74fa7c43","ベルベットの詩","back number","","233.0","","0","fac2e0aea1d2a5f4efd2","ベルベットの詩 - Velvet","back number","","255.0","","0","below_threshold","uncertain"
"v1","32","32:519:QQ","QQ","apple_music_catalog","1639449127","","ベルベットの詩","back number","Velvet - Single","254.0","","faf8418b2698cd055b7b","ベルベットの詩 (天鹅绒之诗)","back number","","254.0","","0","0e1c087d832589f09465","クリスマスソング (圣诞歌)","back number","","340.0","","0","below_threshold","uncertain"
"v1","32","32:520:Kugou","Kugou","apple_music_catalog","1039793121","","新宝島","サカナクション","Shin Takara Jima - EP","306.0","","b7df2095f758c7423352","新宝島","サカナクション","","306.0","","95","4b862f618d691709897b","新宝島","サカナクション","","305.0","","95","ambiguous_gap","uncertain"
"v1","32","32:520:NetEase","NetEase","apple_music_catalog","1039793121","","新宝島","サカナクション","Shin Takara Jima - EP","306.0","","dc961e8b4756825203e3","新宝島","サカナクション","","305.0","","95","94c8adda81d5f833518e","新宝島","サカナクション","","306.12","","95","ambiguous_gap","uncertain"
"v1","32","32:520:QQ","QQ","apple_music_catalog","1039793121","","新宝島","サカナクション","Shin Takara Jima - EP","306.0","","","","","","","","","","","","","","","","no_candidates","uncertain"
"v1","32","32:521:Kugou","Kugou","apple_music_catalog","1867687787","","Cold Night","HANA","Cold Night - Single","193.0","","","","","","","","","","","","","","","","no_candidates","uncertain"
"v1","32","32:521:QQ","QQ","apple_music_catalog","1867687787","","Cold Night","HANA","Cold Night - Single","193.0","","","","","","","","","","","","","","","","no_candidates","uncertain"
"v1","32","32:522:Kugou","Kugou","apple_music_catalog","1816111098","","Burning Flower","HANA","Burning Flower - Single","178.0","","","","","","","","","","","","","","","","no_candidates","uncertain"
"v1","32","32:522:QQ","QQ","apple_music_catalog","1816111098","","Burning Flower","HANA","Burning Flower - Single","178.0","","","","","","","","","","","","","","","","no_candidates","uncertain"
"v1","32","32:523:Kugou","Kugou","apple_music_catalog","1109978628","","花火","aiko","Sakura no Ki no Shita","279.0","","6f3f1cbac5a9c6dd1244","花火","aiko","","278.0","","95","a505c75ee010b323dcc7","花火","aiko","","280.0","","95","ambiguous_gap","uncertain"
"v1","32","32:523:NetEase","NetEase","apple_music_catalog","1109978628","","花火","aiko","Sakura no Ki no Shita","279.0","","9c5b2e9fdf46dd8ca919","花火","aiko","","280.76","","95","a781340cda4d4dc23839","花火","aiko","","279.013","","95","ambiguous_gap","uncertain"
"v1","32","32:523:QQ","QQ","apple_music_catalog","1109978628","","花火","aiko","Sakura no Ki no Shita","279.0","","","","","","","","","","","","","","","","no_candidates","uncertain"
"v1","32","32:524:Kugou","Kugou","apple_music_catalog","1887671067","","REDRED","코르티스","GREENGREEN - EP","163.0","","6b39a4055d70ea8891eb","REDRED","CORTIS","","163.0","","0","7afd6cd35f01ed4f5ce4","REDRED (2026 The Seasons-성시경의 고막남친现场)","CORTIS","","163.0","live","0","below_threshold","uncertain"
"v1","32","32:524:LRCMux","LRCMux","apple_music_catalog","1887671067","","REDRED","코르티스","GREENGREEN - EP","163.0","","8928b5c7691f941fa828","REDRED","CORTIS","","163.0","","0","","","","","","","","below_threshold","uncertain"
"v1","32","32:524:NetEase","NetEase","apple_music_catalog","1887671067","","REDRED","코르티스","GREENGREEN - EP","163.0","","2d7b83a7debdebce121e","REDRED","Bandii / J 40","","122.707","","0","28a9f4cb39d7ad8da3ac","REDRED","金主训","","195.674","","0","below_threshold","uncertain"
"v1","32","32:524:QQ","QQ","apple_music_catalog","1887671067","","REDRED","코르티스","GREENGREEN - EP","163.0","","","","","","","","","","","","","","","","no_candidates","uncertain"
"v1","32","32:525:Kugou","Kugou","apple_music_catalog","1764485170","","LOVE ATTACK","리센느","SCENEDROME - EP","182.0","","b73357c882c6850bd76d","LOVE ATTACK","RESCENE","","181.0","","0","0adfffdf378c548207d3","Love Attack (Pop Mix)","DEAMN","","148.0","","0","below_threshold","uncertain"
"v1","32","32:525:LRCLIB","LRCLIB","apple_music_catalog","1764485170","","LOVE ATTACK","리센느","SCENEDROME - EP","182.0","","a53935271bd161046c94","LOVE ATTACK","RESCENE (리센느)","","172.0","","0","","","","","","","","below_threshold","uncertain"
"v1","32","32:525:LRCMux","LRCMux","apple_music_catalog","1764485170","","LOVE ATTACK","리센느","SCENEDROME - EP","182.0","","7710d367d5071df5b962","LOVE ATTACK","RESCENE","","181.0","","0","","","","","","","","below_threshold","uncertain"
"v1","32","32:525:NetEase","NetEase","apple_music_catalog","1764485170","","LOVE ATTACK","리센느","SCENEDROME - EP","182.0","","4200c5f6fff09a51be80","LOVE ATTACK","RESCENE","","181.56","","0","29ba22e9d760c240f372","LOVE ATTACK（cover）","RESCENE","","205.113","cover","0","below_threshold","uncertain"
"v1","32","32:525:QQ","QQ","apple_music_catalog","1764485170","","LOVE ATTACK","리센느","SCENEDROME - EP","182.0","","","","","","","","","","","","","","","","no_candidates","uncertain"
"v1","32","32:526:Kugou","Kugou","apple_music_catalog","6786111946","","Pretty Girl","리센느","Pretty Girl - Single","210.0","","6c50e058f5ecaab0acd1","Pretty Girl","RESCENE","","210.0","","0","","","","","","","","below_threshold","uncertain"
"v1","32","32:526:LRCMux","LRCMux","apple_music_catalog","6786111946","","Pretty Girl","리센느","Pretty Girl - Single","210.0","","a36c2394618eff1ea481","Pretty Girl","RESCENE","","210.0","","0","","","","","","","","below_threshold","uncertain"
"v1","32","32:526:NetEase","NetEase","apple_music_catalog","6786111946","","Pretty Girl","리센느","Pretty Girl - Single","210.0","","c1a14d2f1cc435d0bcf8","Pretty Girl","RESCENE","","210.0","","0","564b9852619f4708677d","Pretty Girl","音屿","","204.826","","0","below_threshold","uncertain"
"v1","32","32:526:QQ","QQ","apple_music_catalog","6786111946","","Pretty Girl","리센느","Pretty Girl - Single","210.0","","","","","","","","","","","","","","","","no_candidates","uncertain"
"v1","32","32:527:Kugou","Kugou","apple_music_catalog","1887194026","","It's Me","아일릿","MAMIHLAPINATAPAI - EP","138.0","","d4ea99d2263f1bae951e","It's Me","ILLIT","","138.0","","0","492287ed4fc5c96b2c2b","It's Me (2026 MCD打歌舞台现场)","ILLIT","","187.0","live","0","below_threshold","uncertain"
"v1","32","32:527:LRCMux","LRCMux","apple_music_catalog","1887194026","","It's Me","아일릿","MAMIHLAPINATAPAI - EP","138.0","","9c45b2e16858b5589167","It's Me","ILLIT","","138.0","","0","","","","","","","","below_threshold","uncertain"
"v1","32","32:527:NetEase","NetEase","apple_music_catalog","1887194026","","It's Me","아일릿","MAMIHLAPINATAPAI - EP","138.0","","1acbddc3bb3268454322","IT'S ME","乐乐仔","","135.116","","0","d87349a7abaf300e72d4","It’s Me (By ILLIT (아일릿)) (Instrumental Karaoke Version)","ZZang KARAOKE","","140.0","","0","below_threshold","uncertain"
"v1","32","32:527:QQ","QQ","apple_music_catalog","1887194026","","It's Me","아일릿","MAMIHLAPINATAPAI - EP","138.0","","","","","","","","","","","","","","","","no_candidates","uncertain"
"v1","32","32:528:Kugou","Kugou","apple_music_catalog","1822439986","","Deja Vu","리센느","Dearest - Single","184.0","","98d7c7468918a89f4590","Deja Vu","RESCENE","","184.0","","0","15a0db49b89c31929429","Deja Vu (Sped Up Version)","RESCENE","","152.0","","0","below_threshold","uncertain"
"v1","32","32:528:LRCLIB","LRCLIB","apple_music_catalog","1822439986","","Deja Vu","리센느","Dearest - Single","184.0","","65f54c5fd8e1da186981","Deja Vu","RESCENE (리센느)","","170.0","","0","","","","","","","","below_threshold","uncertain"
"v1","32","32:528:LRCMux","LRCMux","apple_music_catalog","1822439986","","Deja Vu","리센느","Dearest - Single","184.0","","6521913811d948c33583","Deja Vu","RESCENE","","184.0","","0","","","","","","","","below_threshold","uncertain"
"v1","32","32:528:NetEase","NetEase","apple_music_catalog","1822439986","","Deja Vu","리센느","Dearest - Single","184.0","","5f7d6e3ec5cea0b7bd39","Deja Vu","RESCENE","","184.0","","0","6d559563d89bef422fb4","Deja Vu (Sped Up Version)","RESCENE","","152.76","","0","below_threshold","uncertain"
"v1","32","32:528:QQ","QQ","apple_music_catalog","1822439986","","Deja Vu","리센느","Dearest - Single","184.0","","","","","","","","","","","","","","","","no_candidates","uncertain"
"v1","32","32:529:Kugou","Kugou","apple_music_catalog","6770401926","","BAD","에이티즈","GOLDEN HOUR : Part.5 - EP","156.0","","7c0858863b7285c098ea","BAD","ATEEZ","","156.0","","0","379b7753c29f8fa3cbcb","HIGHER","ATEEZ","","198.0","","0","below_threshold","uncertain"
"v1","32","32:529:LRCMux","LRCMux","apple_music_catalog","6770401926","","BAD","에이티즈","GOLDEN HOUR : Part.5 - EP","156.0","","4684dde6584a25992100","BAD","ATEEZ","","156.0","","0","","","","","","","","below_threshold","uncertain"
"v1","32","32:529:NetEase","NetEase","apple_music_catalog","6770401926","","BAD","에이티즈","GOLDEN HOUR : Part.5 - EP","156.0","","aae9462881f9922cdcd0","BAD","ATEEZ","","156.081","","0","168069d8c23e33d1a6f6","BAD (Japanese Ver.)","ATEEZ","","155.014","","0","below_threshold","uncertain"
"v1","32","32:529:QQ","QQ","apple_music_catalog","6770401926","","BAD","에이티즈","GOLDEN HOUR : Part.5 - EP","156.0","","","","","","","","","","","","","","","","no_candidates","uncertain"
"v1","32","32:530:Kugou","Kugou","apple_music_catalog","1887671068","","ACAI","코르티스","GREENGREEN - EP","174.0","","55a039b401514146d3eb","ACAI","CORTIS","","173.0","","0","df44d410fc00e6757146","ACAI (2026 PUT YOUR PHONE DOWN巡回演唱会仁川站)","CORTIS","","168.0","","0","below_threshold","uncertain"
"v1","32","32:530:LRCMux","LRCMux","apple_music_catalog","1887671068","","ACAI","코르티스","GREENGREEN - EP","174.0","","624f1f0258b67835e4cc","ACAI","CORTIS","","173.0","","0","","","","","","","","below_threshold","uncertain"
"v1","32","32:530:NetEase","NetEase","apple_music_catalog","1887671068","","ACAI","코르티스","GREENGREEN - EP","174.0","","c2be4e64c6dcdb1b355d","ACAI (By CORTIS (코르티스)) (Instrumental Karaoke Version)","ZZang KARAOKE","","175.5","","0","0f93b333e6e543a63935","ACAI (By CORTIS (코르티스)) (Melody Karaoke Version)","ZZang KARAOKE","","175.5","","0","below_threshold","uncertain"
"v1","32","32:530:QQ","QQ","apple_music_catalog","1887671068","","ACAI","코르티스","GREENGREEN - EP","174.0","","","","","","","","","","","","","","","","no_candidates","uncertain"
"v1","32","32:531:NetEase","NetEase","apple_music_catalog","6783734896","","만찬가","태연","J-POP REMAKE Vol.1 - Single","219.0","","a856f39afe606cd91b25","만찬가","太妍","","219.0","","0","d43cf01f22ba3181e20d","만찬가 (Inst.)","太妍","","219.0","","0","below_threshold","uncertain"
"v1","32","32:531:QQ","QQ","apple_music_catalog","6783734896","","만찬가","태연","J-POP REMAKE Vol.1 - Single","219.0","","","","","","","","","","","","","","","","no_candidates","uncertain"
"v1","32","32:532:Kugou","Kugou","apple_music_catalog","6769328214","","갑자기","아이오아이","I.O.I 3rd MINI ALBUM (I.O.I : LOOP) - EP","195.0","","f8ad87b4734ec1f0bde2","Suddenly (갑자기) (By I.O.I (아이오아이)) (Melody Karaoke Version)","ZZang KARAOKE","","194.0","","0","437605bdbfb550906745","Suddenly (갑자기) (By I.O.I (아이오아이)) (Instrumental Karaoke Version)","ZZang KARAOKE","","194.0","","0","below_threshold","uncertain"
"v1","32","32:532:NetEase","NetEase","apple_music_catalog","6769328214","","갑자기","아이오아이","I.O.I 3rd MINI ALBUM (I.O.I : LOOP) - EP","195.0","","d2207af5953121c3c1db","갑자기","I.O.I","","195.0","","0","b9adfbec96fd980e48d9","갑자기 (Suddenly) (Cover I.O.I (아이오아이))","Niuk","","194.979","cover","0","below_threshold","uncertain"
"v1","32","32:532:QQ","QQ","apple_music_catalog","6769328214","","갑자기","아이오아이","I.O.I 3rd MINI ALBUM (I.O.I : LOOP) - EP","195.0","","","","","","","","","","","","","","","","no_candidates","uncertain"
"v1","32","32:533:Kugou","Kugou","apple_music_catalog","1887671072","","YOUNGCREATORCREW","코르티스","GREENGREEN - EP","177.0","","a51acbcc8e135ccb4e27","YOUNGCREATORCREW","CORTIS","","176.0","","0","5f5e9d39680f1612281d","YOUNGCREATORCREW (2026 KBS音乐银行现场)","CORTIS","","165.0","live","0","below_threshold","uncertain"
"v1","32","32:533:LRCMux","LRCMux","apple_music_catalog","1887671072","","YOUNGCREATORCREW","코르티스","GREENGREEN - EP","177.0","","af1c07f71f542dc87c15","YOUNGCREATORCREW","CORTIS","","176.0","","0","","","","","","","","below_threshold","uncertain"
"v1","32","32:533:NetEase","NetEase","apple_music_catalog","1887671072","","YOUNGCREATORCREW","코르티스","GREENGREEN - EP","177.0","","48772f11f24af1280cc3","YoungCreatorCrew舞蹈.","DJa日","","52.057","","0","b634b0faedb376efa92e","YOUNGCREATORCREW","金主训","","173.685","","0","below_threshold","uncertain"
"v1","32","32:533:QQ","QQ","apple_music_catalog","1887671072","","YOUNGCREATORCREW","코르티스","GREENGREEN - EP","177.0","","","","","","","","","","","","","","","","no_candidates","uncertain"
"v1","32","32:534:QQ","QQ","apple_music_catalog","1703196825","","사랑하게 될 거야","한로로","Take-off - EP","165.0","","","","","","","","","","","","","","","","no_candidates","uncertain"
"v1","32","32:535:LRCMux","LRCMux","apple_music_catalog","1828393595","","0+0","한로로","JAMONG SALGU CLUB","192.0","","ec80dea131034d94617a","0+0","HANRORO","","192.0","","0","","","","","","","","below_threshold","uncertain"
"v1","32","32:535:QQ","QQ","apple_music_catalog","1828393595","","0+0","한로로","JAMONG SALGU CLUB","192.0","","","","","","","","","","","","","","","","no_candidates","uncertain"
"v1","32","32:536:Kugou","Kugou","apple_music_catalog","1889474652","","Runaway","리센느","Runaway - Single","182.0","","ecd2fcad1be9003e9c4d","Runaway","RESCENE","","182.0","","0","de87f2c7896743f9fad5","Runaway","走路摇zly","","184.0","","0","below_threshold","uncertain"
"v1","32","32:536:LRCMux","LRCMux","apple_music_catalog","1889474652","","Runaway","리센느","Runaway - Single","182.0","","c69980b36201d709dcac","Runaway","RESCENE","","182.0","","0","","","","","","","","below_threshold","uncertain"
"v1","32","32:536:NetEase","NetEase","apple_music_catalog","1889474652","","Runaway","리센느","Runaway - Single","182.0","","7b109f86d1e03fdca0e1","Runaway","RESCENE","","182.0","","0","aed299f938265d8f6128","Runaway","音屿","","197.276","","0","below_threshold","uncertain"
"v1","32","32:536:QQ","QQ","apple_music_catalog","1889474652","","Runaway","리센느","Runaway - Single","182.0","","","","","","","","","","","","","","","","no_candidates","uncertain"
"v1","32","32:537:Kugou","Kugou","apple_music_catalog","1886030615","","KISS KISS KISS (Prod. by Hukky Shibaseki) [feat. SUNWOO]","나우아임영 & Royal 44","Show Me The Money 12 Episode 2","219.0","feat","7b918cad627324067e95","Kiss Kiss Kiss","BENI","","258.0","","0","ff23af45da0e98c2deb7","Kiss Kiss Kiss","BENI","","259.0","","0","below_threshold","uncertain"
"v1","32","32:537:NetEase","NetEase","apple_music_catalog","1886030615","","KISS KISS KISS (Prod. by Hukky Shibaseki) [feat. SUNWOO]","나우아임영 & Royal 44","Show Me The Money 12 Episode 2","219.0","feat","767d873de9e88072d25a","KISS KISS KISS (Prod. by Hukky Shibaseki)","NOWIMYOUNG / Royal 44 / 善旴","","218.796","","0","2c9ccd691f0cc6d31208","KISS KISS KISS (Inst.) (Prod. by Hukky Shibaseki)","NOWIMYOUNG / Royal 44","","218.796","","0","below_threshold","uncertain"
"v1","32","32:537:QQ","QQ","apple_music_catalog","1886030615","","KISS KISS KISS (Prod. by Hukky Shibaseki) [feat. SUNWOO]","나우아임영 & Royal 44","Show Me The Money 12 Episode 2","219.0","feat","","","","","","","","","","","","","","","no_candidates","uncertain"
"v1","32","32:538:LRCLIB","LRCLIB","apple_music_catalog","1613687889","","입춘","한로로","Let Me Love My Youth - Single","248.0","","8434f54a2b822900566d","입춘","한로로","","170.0","","0","","","","","","","","below_threshold","uncertain"
"v1","32","32:538:QQ","QQ","apple_music_catalog","1613687889","","입춘","한로로","Let Me Love My Youth - Single","248.0","","","","","","","","","","","","","","","","no_candidates","uncertain"
"v1","32","32:539:Kugou","Kugou","apple_music_catalog","1832031345","","FaSHioN","코르티스","COLOR OUTSIDE THE LINES - EP","175.0","","7480fa21cf78c5f10597","FaSHioN","CORTIS","","174.0","","0","612766600fbe7e4c4930","FaSHioN (2026 PUT YOUR PHONE DOWN巡回演唱会仁川站)","CORTIS","","170.0","","0","below_threshold","uncertain"
"v1","32","32:539:LRCMux","LRCMux","apple_music_catalog","1832031345","","FaSHioN","코르티스","COLOR OUTSIDE THE LINES - EP","175.0","","8e3e2c98393d54dc0649","FaSHioN","CORTIS","","174.0","","0","","","","","","","","below_threshold","uncertain"
"v1","32","32:539:NetEase","NetEase","apple_music_catalog","1832031345","","FaSHioN","코르티스","COLOR OUTSIDE THE LINES - EP","175.0","","77ed251195269a24338d","FASHION (Cover)","Sylven","","179.118","cover","0","e261deab7d53d19f9c67","Jingle Bell Rock (Live)","CORTIS","","115.043","live","0","below_threshold","uncertain"
"v1","32","32:539:QQ","QQ","apple_music_catalog","1832031345","","FaSHioN","코르티스","COLOR OUTSIDE THE LINES - EP","175.0","","","","","","","","","","","","","","","","no_candidates","uncertain"
"v1","32","32:540:Kugou","Kugou","apple_music_catalog","1744448416","","How Sweet","뉴진스","How Sweet - EP","219.0","","314ce1bcc9dd8646d740","How Sweet","NewJeans","","219.0","","0","11b80725bb8e3e258853","How Sweet (莓帕與子贝斯版)","NewJeans","","76.0","","0","below_threshold","uncertain"
"v1","32","32:540:LRCLIB","LRCLIB","apple_music_catalog","1744448416","","How Sweet","뉴진스","How Sweet - EP","219.0","","223aefb59b9c947ab96b","How Sweet","NewJeans (뉴진스)","","219.0","","0","","","","","","","","below_threshold","uncertain"
"v1","32","32:540:LRCMux","LRCMux","apple_music_catalog","1744448416","","How Sweet","뉴진스","How Sweet - EP","219.0","","42329911f726fa716823","How Sweet","NewJeans","","219.0","","0","","","","","","","","below_threshold","uncertain"
"v1","32","32:540:NetEase","NetEase","apple_music_catalog","1744448416","","How Sweet","뉴진스","How Sweet - EP","219.0","","48545fc93adc7e8410e5","How Sweet (UK Garage Remix)","NewJeans","","212.035","remix","0","f9d869fdb50385f649d4","How Sweet (BRLLNT Remix)","NewJeans","","191.895","remix","0","below_threshold","uncertain"
"v1","32","32:540:QQ","QQ","apple_music_catalog","1744448416","","How Sweet","뉴진스","How Sweet - EP","219.0","","","","","","","","","","","","","","","","no_candidates","uncertain"
"v1","32","32:541:Kugou","Kugou","apple_music_catalog","1764485172","","Pinball","리센느","SCENEDROME - EP","193.0","","c08c91e0578c13d179a8","ピンボール","RESCENE","","193.0","","0","5735de1d55068c1eef3c","Pinball","RESCENE","","192.0","","0","below_threshold","uncertain"
"v1","32","32:541:LRCLIB","LRCLIB","apple_music_catalog","1764485172","","Pinball","리센느","SCENEDROME - EP","193.0","","b5cffcaaa74654aa125f","Pinball","RESCENE (리센느)","","80.0","","0","","","","","","","","below_threshold","uncertain"
"v1","32","32:541:LRCMux","LRCMux","apple_music_catalog","1764485172","","Pinball","리센느","SCENEDROME - EP","193.0","","b5fab196cba35fecdb71","Pinball","RESCENE","","193.0","","0","","","","","","","","below_threshold","uncertain"
"v1","32","32:541:NetEase","NetEase","apple_music_catalog","1764485172","","Pinball","리센느","SCENEDROME - EP","193.0","","3064b31d1440c90b5c92","Pinball (Japanese Ver.)","RESCENE","","193.0","","0","8be4d7520953fd972315","Pinball","RESCENE","","192.973","","0","below_threshold","uncertain"
"v1","32","32:541:QQ","QQ","apple_music_catalog","1764485172","","Pinball","리센느","SCENEDROME - EP","193.0","","","","","","","","","","","","","","","","no_candidates","uncertain"
"v1","32","32:542:Kugou","Kugou","apple_music_catalog","1569920439","","And July (feat. DEAN & dj friz)","헤이즈","And July - EP","226.0","feat","e4a82a0b65ae8ec8fc3c","And July","Heize、DEAN、dj friz","","226.0","","0","d25db78b9678a620eae9","and July (Live)","NOAH","","207.0","live","0","below_threshold","uncertain"
"v1","32","32:542:LRCLIB","LRCLIB","apple_music_catalog","1569920439","","And July (feat. DEAN & dj friz)","헤이즈","And July - EP","226.0","feat","27c024cae7def3c46d48","And July (Feat. DEAN, DJ Friz)","헤이즈 (Heize)","","226.142","feat","81","eae9c5954fda8253ac8f","And July (feat. DEAN & DJ Friz)","Heize (헤이즈)","","225.0","feat","81","ambiguous_gap","uncertain"
"v1","32","32:542:LRCMux","LRCMux","apple_music_catalog","1569920439","","And July (feat. DEAN & dj friz)","헤이즈","And July - EP","226.0","feat","cec13842c8df1fce7017","And July (Feat. DEAN & DJ Friz)","Heize","","226.0","feat","0","","","","","","","","below_threshold","uncertain"
"v1","32","32:542:NetEase","NetEase","apple_music_catalog","1569920439","","And July (feat. DEAN & dj friz)","헤이즈","And July - EP","226.0","feat","57086b68b08de1850249","And July","Heize / DEAN / DJ Friz","","226.128","","0","a9f645fd8a43fd39d0b2","And July(cover)","BAE / JIWOO","","232.96","cover","0","below_threshold","uncertain"
"v1","32","32:542:QQ","QQ","apple_music_catalog","1569920439","","And July (feat. DEAN & dj friz)","헤이즈","And July - EP","226.0","feat","","","","","","","","","","","","","","","no_candidates","uncertain"
"v1","32","32:543:Kugou","Kugou","apple_music_catalog","1242155573","","한시 오분 (1:05)","검정치마","TEAM BABY","240.0","","42336ebda1a890172db6","EVERYTHING","The Black Skirts","","293.0","","0","a77f61da26434e6744ca","Fruit Fly","窦靖童、The Black Skirts","","334.0","","0","below_threshold","uncertain"
"v1","32","32:543:NetEase","NetEase","apple_music_catalog","1242155573","","한시 오분 (1:05)","검정치마","TEAM BABY","240.0","","ce1cfa4c4c5d9da7c1a8","한시 오분 (1:05)","黑裙子","","240.0","","0","ad0ca55172abcd8e0bfe","EVERYTHING","黑裙子","","293.0","","0","below_threshold","uncertain"
"v1","32","32:543:QQ","QQ","apple_music_catalog","1242155573","","한시 오분 (1:05)","검정치마","TEAM BABY","240.0","","","","","","","","","","","","","","","","no_candidates","uncertain"
"v1","32","32:544:Kugou","Kugou","apple_music_catalog","1887671066","","TNT","코르티스","GREENGREEN - EP","123.0","","3590b5dd7fc681829407","TNT","CORTIS","","122.0","","0","f62c64d64077c79629d6","TNT (2026 PUT YOUR PHONE DOWN巡回演唱会仁川站)","CORTIS","","202.0","","0","below_threshold","uncertain"
"v1","32","32:544:LRCMux","LRCMux","apple_music_catalog","1887671066","","TNT","코르티스","GREENGREEN - EP","123.0","","95fba188b99c67c02e9d","TNT","CORTIS","","122.0","","0","","","","","","","","below_threshold","uncertain"
"v1","32","32:544:NetEase","NetEase","apple_music_catalog","1887671066","","TNT","코르티스","GREENGREEN - EP","123.0","","180abf6ddcc5a5899d80","TNT (By CORTIS (코르티스)) (Melody Karaoke Version)","ZZang KARAOKE","","125.0","","0","cb3528201804bd5b1b96","TNT (By CORTIS (코르티스)) (Instrumental Karaoke Version)","ZZang KARAOKE","","125.0","","0","below_threshold","uncertain"
"v1","32","32:544:QQ","QQ","apple_music_catalog","1887671066","","TNT","코르티스","GREENGREEN - EP","123.0","","","","","","","","","","","","","","","","no_candidates","uncertain"
"v1","32","32:545:QQ","QQ","apple_music_catalog","6786677970","","너와 나","한로로","You and I - Single","218.0","","","","","","","","","","","","","","","","no_candidates","uncertain"
"v1","32","32:546:LRCLIB","LRCLIB","apple_music_catalog","1841828520","","FOCUS","Hearts2Hearts","FOCUS - The 1st Mini Album - EP","177.0","","20c40f486d570902176b","FOCUS","Hearts2Hearts","","246.0","","0","","","","","","","","below_threshold","uncertain"
"v1","32","32:546:NetEase","NetEase","apple_music_catalog","1841828520","","FOCUS","Hearts2Hearts","FOCUS - The 1st Mini Album - EP","177.0","","d15406e132910defe37d","FOCUS","noli / Sawako碎花","","177.056","","0","4e69f7beb08a0a7f83bb","FOCUS (TIFFVNYJOY REMIX) - Hearts2Hearts","TIFFVNYJOY","","169.846","remix","0","below_threshold","uncertain"
"v1","32","32:546:QQ","QQ","apple_music_catalog","1841828520","","FOCUS","Hearts2Hearts","FOCUS - The 1st Mini Album - EP","177.0","","","","","","","","","","","","","","","","no_candidates","uncertain"
"v1","32","32:547:Kugou","Kugou","apple_music_catalog","1459216694","","Pretender","OFFICIAL HIGE DANDISM","Pretender - Single","326.0","","","","","","","","","","","","","","","","no_candidates","uncertain"
"v1","32","32:547:LRCLIB","LRCLIB","apple_music_catalog","1459216694","","Pretender","OFFICIAL HIGE DANDISM","Pretender - Single","326.0","","779657b506d5c5eea967","Pretender","OFFICIAL HIGE DANDISM","","428.0","","0","","","","","","","","below_threshold","uncertain"
"v1","32","32:547:NetEase","NetEase","apple_music_catalog","1459216694","","Pretender","OFFICIAL HIGE DANDISM","Pretender - Single","326.0","","ba54b4cf2f36c4d74a00","Pretender","Official髭男dism","","326.44","","87","0d6027553feb1eb4c6ad","Pretender","Official髭男dism","","326.842","","87","ambiguous_gap","uncertain"
"v1","32","32:547:QQ","QQ","apple_music_catalog","1459216694","","Pretender","OFFICIAL HIGE DANDISM","Pretender - Single","326.0","","","","","","","","","","","","","","","","no_candidates","uncertain"
"v1","32","32:548:Kugou","Kugou","apple_music_catalog","1635469694","","Attention","뉴진스","NewJeans 1st EP 'New Jeans'","180.0","","1bdaf307ff1e7402d4a1","Attention","NewJeans","","178.0","","0","9784fcd80b2627803162","Attention","NewJeans","","205.0","","0","below_threshold","uncertain"
"v1","32","32:548:LRCLIB","LRCLIB","apple_music_catalog","1635469694","","Attention","뉴진스","NewJeans 1st EP 'New Jeans'","180.0","","43019847c6e70564dc4a","Attention","NewJeans (뉴진스)","","180.0","","0","a74d26904b607713579b","Attention – 250 Remix","NewJeans (뉴진스)","","137.0","remix","0","below_threshold","uncertain"
"v1","32","32:548:LRCMux","LRCMux","apple_music_catalog","1635469694","","Attention","뉴진스","NewJeans 1st EP 'New Jeans'","180.0","","332391098f712c15b121","Attention","NewJeans","","180.0","","0","","","","","","","","below_threshold","uncertain"
"v1","32","32:548:NetEase","NetEase","apple_music_catalog","1635469694","","Attention","뉴진스","NewJeans 1st EP 'New Jeans'","180.0","","73a906fb86bf77b30b6d","Supernatural (City Pop Remix)","NewJeans","","316.839","remix","0","7d01e6231619aa2ac92e","Attention","Charlie Puth","","208.786","","0","below_threshold","uncertain"
"v1","32","32:548:QQ","QQ","apple_music_catalog","1635469694","","Attention","뉴진스","NewJeans 1st EP 'New Jeans'","180.0","","","","","","","","","","","","","","","","no_candidates","uncertain"
"v1","32","32:549:Kugou","Kugou","apple_music_catalog","1734500896","","Magnetic","아일릿","SUPER REAL ME - EP","161.0","","7d5c27b066f04e7d8c57","Magnetic","ILLIT","","160.0","","0","f8e94d757c85f5018e08","Magnetic (Live)","ILLIT","","160.0","live","0","below_threshold","uncertain"
"v1","32","32:549:LRCLIB","LRCLIB","apple_music_catalog","1734500896","","Magnetic","아일릿","SUPER REAL ME - EP","161.0","","5a777497b09d7c3db66e","Magnetic (Starlight Remix)","아일릿 (ILLIT)","","169.0","remix","0","9c4aa3a96fa302ba26c5","Magnetic (Sped Up)","아일릿 (ILLIT)","","124.0","","0","below_threshold","uncertain"
"v1","32","32:549:LRCMux","LRCMux","apple_music_catalog","1734500896","","Magnetic","아일릿","SUPER REAL ME - EP","161.0","","9771e8ea195477347745","Magnetic","ILLIT","","160.0","","0","","","","","","","","below_threshold","uncertain"
"v1","32","32:549:NetEase","NetEase","apple_music_catalog","1734500896","","Magnetic","아일릿","SUPER REAL ME - EP","161.0","","bcf98617cb4b1eb8510c","Magnetic (Ferry Remix)","ILLIT","","173.609","remix","0","df771ed3e2c78c94b0aa","Magnetic (Live)","ILLIT","","164.963","live","0","below_threshold","uncertain"
"v1","32","32:549:QQ","QQ","apple_music_catalog","1734500896","","Magnetic","아일릿","SUPER REAL ME - EP","161.0","","","","","","","","","","","","","","","","no_candidates","uncertain"
"v1","32","32:550:Kugou","Kugou","apple_music_catalog","1635469851","","Hype Boy","뉴진스","NewJeans 1st EP 'New Jeans'","179.0","","dba4ca9cd9979859ce4f","Hype Boy","NewJeans","","176.0","","0","96f15d6175a4b5d21b37","Hype Boy (2023 Weverse Con Festival现场)","NewJeans","","139.0","live","0","below_threshold","uncertain"
"v1","32","32:550:LRCLIB","LRCLIB","apple_music_catalog","1635469851","","Hype Boy","뉴진스","NewJeans 1st EP 'New Jeans'","179.0","","0918aa338301785a4dcf","Hype Boy","뉴진스 (NewJeans)","","179.0","","0","bae075d636910d4b6349","Hype Boy","NewJeans (뉴진스)","","176.0","","0","below_threshold","uncertain"
"v1","32","32:550:NetEase","NetEase","apple_music_catalog","1635469851","","Hype Boy","뉴진스","NewJeans 1st EP 'New Jeans'","179.0","","b9ec93a8c4713129d5c6","Hype Boy(Bossa Nova X Funk Remix) (Prod. MINDA)","NewJeans","","180.035","remix","0","2b4fb7e09ac6bcc2f7f5","Hype Boy(Remix Hyper Ver.)","NewJeans","","175.255","remix","0","below_threshold","uncertain"
"v1","32","32:550:QQ","QQ","apple_music_catalog","1635469851","","Hype Boy","뉴진스","NewJeans 1st EP 'New Jeans'","179.0","","","","","","","","","","","","","","","","no_candidates","uncertain"
"v1","32","32:551:Kugou","Kugou","apple_music_catalog","1832031336","","GO!","코르티스","COLOR OUTSIDE THE LINES - EP","171.0","","94ff48831fad4fd3c32a","GO!","CORTIS","","170.0","","0","8dd2a394928b3d1e7c40","GO (MV版)","CORTIS","","185.0","","0","below_threshold","uncertain"
"v1","32","32:551:LRCMux","LRCMux","apple_music_catalog","1832031336","","GO!","코르티스","COLOR OUTSIDE THE LINES - EP","171.0","","7b45caec79d4e0b99462","GO!","CORTIS","","170.0","","0","","","","","","","","below_threshold","uncertain"
"v1","32","32:551:NetEase","NetEase","apple_music_catalog","1832031336","","GO!","코르티스","COLOR OUTSIDE THE LINES - EP","171.0","","e261deab7d53d19f9c67","Jingle Bell Rock (Live)","CORTIS","","115.043","live","0","bba653d1d4dda95d0edd","GO!（Cover:CORTIS）","KAWOO咔呜","","170.1","cover","0","below_threshold","uncertain"
"v1","32","32:551:QQ","QQ","apple_music_catalog","1832031336","","GO!","코르티스","COLOR OUTSIDE THE LINES - EP","171.0","","","","","","","","","","","","","","","","no_candidates","uncertain"
"v1","32","32:552:NetEase","NetEase","apple_music_catalog","1819694546","","STYLE","Hearts2Hearts","STYLE - Single","210.0","","845febb3922d6524b8df","Hearts2Hearts(하츠투하츠) - Style Lyrics","na (나)","","224.769","","0","cccf96a4adb0dd20c4bc","STYLE Hearts2Hearts","MIYA米娅","","209.682","","0","below_threshold","uncertain"
"v1","32","32:552:QQ","QQ","apple_music_catalog","1819694546","","STYLE","Hearts2Hearts","STYLE - Single","210.0","","","","","","","","","","","","","","","","no_candidates","uncertain"
"v1","32","32:553:Kugou","Kugou","apple_music_catalog","1453379466","","Rose (feat. Skinny Brown & Homeboy)","양홍원","Stranger","267.0","feat","a2485c5f90cebf8c5fd5","玫瑰窃贼","柳爽","","289.0","","0","debd3c30e82a5fc640b2","狼煙","John","","182.0","","0","below_threshold","uncertain"
"v1","32","32:553:LRCMux","LRCMux","apple_music_catalog","1453379466","","Rose (feat. Skinny Brown & Homeboy)","양홍원","Stranger","267.0","feat","064db2ea261929360e42","Faraway (feat. Doc Rose)","Young B","","158.0","feat","0","","","","","","","","below_threshold","uncertain"
"v1","32","32:553:NetEase","NetEase","apple_music_catalog","1453379466","","Rose (feat. Skinny Brown & Homeboy)","양홍원","Stranger","267.0","feat","7c24033ea6168af61a78","toxic till the end","ROSÉ","","156.685","","0","8beaac00877803caba73","Cute","Prod by Rose / Artsounds Chill","","178.654","","0","below_threshold","uncertain"
"v1","32","32:553:QQ","QQ","apple_music_catalog","1453379466","","Rose (feat. Skinny Brown & Homeboy)","양홍원","Stranger","267.0","feat","","","","","","","","","","","","","","","no_candidates","uncertain"
"v1","32","32:554:Kugou","Kugou","apple_music_catalog","1733432325","","영원은 그렇듯","리도어","Forever Has Always Been - Single","237.0","","cedc5ef3176fba6c4330","영원은 그렇듯","Redoor","","237.0","","0","","","","","","","","below_threshold","uncertain"
"v1","32","32:554:NetEase","NetEase","apple_music_catalog","1733432325","","영원은 그렇듯","리도어","Forever Has Always Been - Single","237.0","","36ca3b7bce1c2faadc5d","영원은 그렇듯","Redoor","","237.215","","0","11a030720c853c7b308c","snow8","Redoor","","220.536","","0","below_threshold","uncertain"
"v1","32","32:554:QQ","QQ","apple_music_catalog","1733432325","","영원은 그렇듯","리도어","Forever Has Always Been - Single","237.0","","","","","","","","","","","","","","","","no_candidates","uncertain"
"v1","32","32:555:Kugou","Kugou","apple_music_catalog","1242155576","","EVERYTHING","검정치마","TEAM BABY","293.0","","42336ebda1a890172db6","EVERYTHING","The Black Skirts","","293.0","","0","22fa5c8e2f1e52046567","Everything","王力宏","","299.0","","0","below_threshold","uncertain"
"v1","32","32:555:LRCLIB","LRCLIB","apple_music_catalog","1242155576","","EVERYTHING","검정치마","TEAM BABY","293.0","","f992bad43ea4ea55f4f1","EVERYTHING","검정치마 (The Black Skirts)","","293.0","","0","","","","","","","","below_threshold","uncertain"
"v1","32","32:555:QQ","QQ","apple_music_catalog","1242155576","","EVERYTHING","검정치마","TEAM BABY","293.0","","","","","","","","","","","","","","","","no_candidates","uncertain"
"v1","32","32:556:Kugou","Kugou","apple_music_catalog","1832031349","","JoyRide","코르티스","COLOR OUTSIDE THE LINES - EP","158.0","","88d96ec0472d92ea1aa0","JoyRide","CORTIS","","157.0","","0","90045d2bc49fea8b1228","JoyRide (2026 PUT YOUR PHONE DOWN巡回演唱会仁川站)","CORTIS","","146.0","","0","below_threshold","uncertain"
"v1","32","32:556:LRCMux","LRCMux","apple_music_catalog","1832031349","","JoyRide","코르티스","COLOR OUTSIDE THE LINES - EP","158.0","","dc8ef59a651557ad5dea","JoyRide","CORTIS","","157.0","","0","","","","","","","","below_threshold","uncertain"
"v1","32","32:556:NetEase","NetEase","apple_music_catalog","1832031349","","JoyRide","코르티스","COLOR OUTSIDE THE LINES - EP","158.0","","e261deab7d53d19f9c67","Jingle Bell Rock (Live)","CORTIS","","115.043","live","0","976a2e80b7ecc2a4e85b","JoyRide","金主训","","164.675","","0","below_threshold","uncertain"
"v1","32","32:556:QQ","QQ","apple_music_catalog","1832031349","","JoyRide","코르티스","COLOR OUTSIDE THE LINES - EP","158.0","","","","","","","","","","","","","","","","no_candidates","uncertain"
"v1","32","32:557:Kugou","Kugou","apple_music_catalog","1683448656","","Drowning","WOODZ","OO-LI","245.0","","4a0af6f18b6c66859bfb","Drowning","WOODZ","","244.0","","95","898a4603f79dfe9193f4","Drowning","WOODZ","","245.0","","95","ambiguous_gap","uncertain"
"v1","32","32:557:QQ","QQ","apple_music_catalog","1683448656","","Drowning","WOODZ","OO-LI","245.0","","","","","","","","","","","","","","","","no_candidates","uncertain"
"v1","32","32:558:Kugou","Kugou","apple_music_catalog","1610108181","","Love Love Love (feat. 융진)","에픽하이","Remapping the Human Soul","231.0","feat","ac691f4fc4d71b1b373d","Love Love Love","蔡依林","","229.0","","0","3d5d1708c02c366020a5","Love Love Love","蔡依林","","227.0","","0","below_threshold","uncertain"
"v1","32","32:558:LRCLIB","LRCLIB","apple_music_catalog","1610108181","","Love Love Love (feat. 융진)","에픽하이","Remapping the Human Soul","231.0","feat","566fe6d97a60307bcb50","love love love (feat. 융진)","에픽하이","","231.0","feat","95","346b3359be7d7c7acd83","Love Love Love (Feat. 융진 Of Casker)","에픽하이","","229.369","feat","95","ambiguous_gap","uncertain"
"v1","32","32:558:LRCMux","LRCMux","apple_music_catalog","1610108181","","Love Love Love (feat. 융진)","에픽하이","Remapping the Human Soul","231.0","feat","2b2bbb75d36b9a200a72","Love Love Love (Feat. Yoong Jin of Casker))","Epik High","","231.0","feat","0","","","","","","","","below_threshold","uncertain"
"v1","32","32:558:NetEase","NetEase","apple_music_catalog","1610108181","","Love Love Love (feat. 융진)","에픽하이","Remapping the Human Soul","231.0","feat","24f73171512c265c0851","Love Love Love (Allegro in Three Hearts No. 3 in C♯ minor)","Epikase Orchestra","","76.712","","0","9ce67bd12b3c13b18afa","Love Love Love (Zwette Club Mix)","Zwette / jackson / James Yuill","","349.335","","0","below_threshold","uncertain"
"v1","32","32:558:QQ","QQ","apple_music_catalog","1610108181","","Love Love Love (feat. 융진)","에픽하이","Remapping the Human Soul","231.0","feat","","","","","","","","","","","","","","","no_candidates","uncertain"
"v1","32","32:559:Kugou","Kugou","apple_music_catalog","1817427565","","빌려온 고양이 (Do the Dance)","아일릿","bomb - EP","189.0","","4552c05ed0d4459faa9f","빌려온 고양이 (Sunlight Remix)","ILLIT","","195.0","remix","0","cd1088d43cd5f19fb37d","빌려온 고양이 (网友改编)","ILLIT","","158.0","","0","below_threshold","uncertain"
"v1","32","32:559:NetEase","NetEase","apple_music_catalog","1817427565","","빌려온 고양이 (Do the Dance)","아일릿","bomb - EP","189.0","","da77cbf7a0763b0caf86","빌려온 고양이 (Do the Dance) (借来的猫) (cover.ILLIT)","starkstar","","188.682","cover","0","ba1502e20a3d89556079","Do the Dance (빌려온 고양이) (By ILLIT(아일릿)) (Melody Karaoke Version)","ZZang KARAOKE","","189.57","","0","below_threshold","uncertain"
"v1","32","32:559:QQ","QQ","apple_music_catalog","1817427565","","빌려온 고양이 (Do the Dance)","아일릿","bomb - EP","189.0","","","","","","","","","","","","","","","","no_candidates","uncertain"
"v1","32","32:560:Kugou","Kugou","apple_music_catalog","1692738275","","It's You (feat. NO:EL)","한요한","Shining Star","248.0","feat","81af45a600d4ff38774c","It's You","HENRY刘宪华","","231.0","","0","8cd43d41c46f34d055e8","It's You","蔡徐坤","","225.0","","0","below_threshold","uncertain"
"v1","32","32:560:LRCMux","LRCMux","apple_music_catalog","1692738275","","It's You (feat. NO:EL)","한요한","Shining Star","248.0","feat","580e7517561cf52cc026","It's You (Feat. NO:EL)","HAN YO HAN","","248.0","feat","0","","","","","","","","below_threshold","uncertain"
"v1","32","32:560:NetEase","NetEase","apple_music_catalog","1692738275","","It's You (feat. NO:EL)","한요한","Shining Star","248.0","feat","006adc95b084d8073dda","It's You","HAN YO HAN / NO:EL","","248.149","","0","f1932010020430ae7586","IT'S YOU (feat. keshi)","MAX / keshi","","173.426","feat","0","below_threshold","uncertain"
"v1","32","32:560:QQ","QQ","apple_music_catalog","1692738275","","It's You (feat. NO:EL)","한요한","Shining Star","248.0","feat","","","","","","","","","","","","","","","no_candidates","uncertain"
"v1","32","32:561:Kugou","Kugou","apple_music_catalog","1857831147","","아크라포빅","하모","Akrapovic - Single","136.0","","c84cf67600deddabed1a","그라문 안 돼 / 하모하모S.17 / 기발하고 유니크한 (틈새음악) / 스포티파이 애플 FLO 아마죤 아이튠즈","하모 하모","","252.0","","0","d989caba35d127627a19","아하레이모트 Ahareimot","토라포션 프레이즈 Torah Portion Praise","","200.0","","0","below_threshold","uncertain"
"v1","32","32:561:QQ","QQ","apple_music_catalog","1857831147","","아크라포빅","하모","Akrapovic - Single","136.0","","","","","","","","","","","","","","","","no_candidates","uncertain"
"v1","32","32:562:Kugou","Kugou","apple_music_catalog","1316404636","","Antifreeze","검정치마","201 (Special Edition)","244.0","deluxe","2883d033f27c43c64a2a","Antifreeze","The Black Skirts","","244.0","","0","","","","","","","","below_threshold","uncertain"
"v1","32","32:562:NetEase","NetEase","apple_music_catalog","1316404636","","Antifreeze","검정치마","201 (Special Edition)","244.0","deluxe","c54b7500d5bda03d270e","Antifreeze","黑裙子","","242.0","","0","b4e08befbe50dbd77ff9","Antifreeze","黑裙子","","244.035","","0","below_threshold","uncertain"
"v1","32","32:562:QQ","QQ","apple_music_catalog","1316404636","","Antifreeze","검정치마","201 (Special Edition)","244.0","deluxe","","","","","","","","","","","","","","","no_candidates","uncertain"
"v1","32","32:563:Kugou","Kugou","apple_music_catalog","1887773335","","소문의 낙원","악뮤","FLOWERING","218.0","","d5d8f2396ca7ac6e2e70","소문의 낙원","AKMU","","218.0","","0","67e57e4033b1f5d2a76a","소문의 낙원 (2026 The Seasons-성시경의 고막남친现场)","AKMU","","212.0","live","0","below_threshold","uncertain"
"v1","32","32:563:LRCLIB","LRCLIB","apple_music_catalog","1887773335","","소문의 낙원","악뮤","FLOWERING","218.0","","08534f466af6565be8c3","소문의 낙원","AKMU (악뮤)","","110.0","","0","7a48480f550ca75bb3ec","AKMU (악뮤) - 소문의 낙원 {가사 Lyrics}","AKMU (악뮤)","","218.0","","0","below_threshold","uncertain"
"v1","32","32:563:NetEase","NetEase","apple_music_catalog","1887773335","","소문의 낙원","악뮤","FLOWERING","218.0","","6fc9e3013506cacbc335","소문의 낙원","AKMU","","218.48","","0","7d8f9324ed57e9623d9c","아로하 (Busking Ver.)","李秀贤 / HENRY刘宪华","","212.845","","0","below_threshold","uncertain"
"v1","32","32:563:QQ","QQ","apple_music_catalog","1887773335","","소문의 낙원","악뮤","FLOWERING","218.0","","","","","","","","","","","","","","","","no_candidates","uncertain"
"v1","32","32:564:Kugou","Kugou","apple_music_catalog","1832509922","","What You Want","코르티스","What You Want - Single","194.0","","bfc2d54aee5375f7f9c3","What You Want (feat. Teezo Touchdown)","CORTIS、Teezo Touchdown","","194.0","feat","0","5544c99075dbacbd6f77","What You Want (2026 PUT YOUR PHONE DOWN巡回演唱会仁川站)","CORTIS","","193.0","","0","below_threshold","uncertain"
"v1","32","32:564:LRCMux","LRCMux","apple_music_catalog","1832509922","","What You Want","코르티스","What You Want - Single","194.0","","482cb6150f38359518bf","What You Want","CORTIS","","194.0","","0","","","","","","","","below_threshold","uncertain"
"v1","32","32:564:NetEase","NetEase","apple_music_catalog","1832509922","","What You Want","코르티스","What You Want - Single","194.0","","e261deab7d53d19f9c67","Jingle Bell Rock (Live)","CORTIS","","115.043","live","0","1987e0115e1fc13d8f0c","whatyouwant","Juno Bands","","92.577","","0","below_threshold","uncertain"
"v1","32","32:564:QQ","QQ","apple_music_catalog","1832509922","","What You Want","코르티스","What You Want - Single","194.0","","","","","","","","","","","","","","","","no_candidates","uncertain"
"v1","32","32:565:LRCMux","LRCMux","apple_music_catalog","1717383449","","생각을 멈추다 보면","최유리","When I stop thinking - EP","196.0","","adc1341fbc0709f00b54","When I stop thinking","Choi Yu Ree","","196.0","","0","","","","","","","","below_threshold","uncertain"
"v1","32","32:565:QQ","QQ","apple_music_catalog","1717383449","","생각을 멈추다 보면","최유리","When I stop thinking - EP","196.0","","","","","","","","","","","","","","","","no_candidates","uncertain"
"v1","32","32:566:Kugou","Kugou","apple_music_catalog","1705678978","","晩餐歌 - Bansanka","tuki.","Bansanka - Single","216.0","","d3579a22abab91117552","만찬가","太妍 (태연)","","219.0","","0","c83d9ec0a9d78640c551","晩餐歌","tuki.","","215.0","","0","below_threshold","uncertain"
"v1","32","32:566:LRCLIB","LRCLIB","apple_music_catalog","1705678978","","晩餐歌 - Bansanka","tuki.","Bansanka - Single","216.0","","82dd9adb3df26c067856","晩餐歌 - Bansanka","tuki.","","3.0","","0","","","","","","","","below_threshold","uncertain"
"v1","32","32:566:QQ","QQ","apple_music_catalog","1705678978","","晩餐歌 - Bansanka","tuki.","Bansanka - Single","216.0","","","","","","","","","","","","","","","","no_candidates","uncertain"
"v1","32","32:567:Kugou","Kugou","apple_music_catalog","1747314948","","Antifreeze","백예린","Love, Yerin - EP","246.0","","a6cb2a8ca046214428a4","Antifreeze","白艺潾","","245.0","","0","f244bd846984f6e91737","Antifreeze (Originally Perfomed By Yerin Baek(백예린)) (Instrumental Karaoke Version)","ZZang KARAOKE","","249.0","","0","below_threshold","uncertain"
"v1","32","32:567:LRCMux","LRCMux","apple_music_catalog","1747314948","","Antifreeze","백예린","Love, Yerin - EP","246.0","","06a519e98769462927b9","Antifreeze","Yerin Baek","","245.0","","0","","","","","","","","below_threshold","uncertain"
"v1","32","32:567:NetEase","NetEase","apple_music_catalog","1747314948","","Antifreeze","백예린","Love, Yerin - EP","246.0","","32af22756b5369032cb5","Antifreeze","白艺潾","","245.84","","0","f09a2ab4affa4edfa30b","Antifreeze (Originally Perfomed By Yerin Baek(백예린)) (Instrumental Karaoke Version)","ZZang KARAOKE","","249.573","","0","below_threshold","uncertain"
"v1","32","32:567:QQ","QQ","apple_music_catalog","1747314948","","Antifreeze","백예린","Love, Yerin - EP","246.0","","","","","","","","","","","","","","","","no_candidates","uncertain"
"v1","32","32:568:Kugou","Kugou","apple_music_catalog","1796402200","","The Chase","Hearts2Hearts","The Chase - Single","179.0","","fcc6a191463365e94a80","The Chase","Hearts2Hearts","","178.938","","95","11d5f40c5a8b98d592f3","The Chase","Hearts2Hearts","","178.0","","95","ambiguous_gap","uncertain"
"v1","32","32:568:NetEase","NetEase","apple_music_catalog","1796402200","","The Chase","Hearts2Hearts","The Chase - Single","179.0","","e0fad613bd9a136cd8ff","The Chase","Hearts2.Hearts","","234.96","","0","ce95ecfcdaa6baad4f48","The Chase 【纯人声】","SNOW啊 / 顺儿 / 酥栗 / 啾咪福袋子Yeki","","178.702","","0","below_threshold","uncertain"
"v1","32","32:568:QQ","QQ","apple_music_catalog","1796402200","","The Chase","Hearts2Hearts","The Chase - Single","179.0","","","","","","","","","","","","","","","","no_candidates","uncertain"
"v1","32","32:569:Kugou","Kugou","apple_music_catalog","1744448549","","Bubble Gum","뉴진스","How Sweet - EP","200.0","","5c646e102aad210804d5","Bubble Gum","NewJeans","","200.0","","0","164c1c47d87e69c57a5d","Bubble Gum (MV版)","NewJeans","","220.0","","0","below_threshold","uncertain"
"v1","32","32:569:LRCLIB","LRCLIB","apple_music_catalog","1744448549","","Bubble Gum","뉴진스","How Sweet - EP","200.0","","0fd9e6632dfd18eb6c01","Bubble Gum","NewJeans (뉴진스)","","200.0","","0","","","","","","","","below_threshold","uncertain"
"v1","32","32:569:LRCMux","LRCMux","apple_music_catalog","1744448549","","Bubble Gum","뉴진스","How Sweet - EP","200.0","","52b412f9efa844a64529","Bubble Gum","NewJeans","","200.0","","0","","","","","","","","below_threshold","uncertain"
"v1","32","32:569:NetEase","NetEase","apple_music_catalog","1744448549","","Bubble Gum","뉴진스","How Sweet - EP","200.0","","ebe7fe593854e3cb6a2f","Bubble Gum (City Pop Remix)","NewJeans","","303.02","remix","0","a42ea4622eac108eef00","Bubble Gum(Highschool Band Remix) (Prod. MINDA)","NewJeans","","203.598","remix","0","below_threshold","uncertain"
"v1","32","32:569:QQ","QQ","apple_music_catalog","1744448549","","Bubble Gum","뉴진스","How Sweet - EP","200.0","","","","","","","","","","","","","","","","no_candidates","uncertain"
"v1","32","32:570:Kugou","Kugou","apple_music_catalog","1644821665","","Ling Ling","검정치마","TEEN TROUBLES","230.0","","e8d75e4be0f76094f4f5","Ling Ling","The Black Skirts","","228.0","","0","33e7c0a0bcf507cab6a6","Ling Ling","The Black Skirts","","229.0","","0","below_threshold","uncertain"
"v1","32","32:570:NetEase","NetEase","apple_music_catalog","1644821665","","Ling Ling","검정치마","TEEN TROUBLES","230.0","","d5f887649a300625da71","Ling Ling","黑裙子","","229.999","","0","3fda3b65fa52b1ebd7ff","Ling Ling","黑裙子","","229.064","","0","below_threshold","uncertain"
"v1","32","32:570:QQ","QQ","apple_music_catalog","1644821665","","Ling Ling","검정치마","TEEN TROUBLES","230.0","","","","","","","","","","","","","","","","no_candidates","uncertain"
"v1","32","32:571:Kugou","Kugou","apple_music_catalog","1894802726","","BOOMPALA","르세라핌","'PUREFLOW', Pt. 1","177.0","","35f5aad5abe4f36ea825","BOOMPALA","LE SSERAFIM","","176.0","","0","48e3e8d732d4656e6a59","BOOMPALA (feat. Ayra Starr)","LE SSERAFIM、Ayra Starr","","176.0","feat","0","below_threshold","uncertain"
"v1","32","32:571:LRCLIB","LRCLIB","apple_music_catalog","1894802726","","BOOMPALA","르세라핌","'PUREFLOW', Pt. 1","177.0","","db5b71c299b6f0e0abef","BOOMPALA","LE SSERAFIM (르세라핌)","","176.0","","0","b0e06e533af9324b5f5f","BOOMPALA (feat. HONG EUNCHAE, HUH YUNJIN, KAZUHA, KIM CHAEWON, 김호연, & SAKURA)","LE SSERAFIM (르세라핌)","","177.0","feat","0","below_threshold","uncertain"
"v1","32","32:571:LRCMux","LRCMux","apple_music_catalog","1894802726","","BOOMPALA","르세라핌","'PUREFLOW', Pt. 1","177.0","","c30148cf6e1da367e5d9","BOOMPALA","LE SSERAFIM","","176.0","","0","","","","","","","","below_threshold","uncertain"
"v1","32","32:571:NetEase","NetEase","apple_music_catalog","1894802726","","BOOMPALA","르세라핌","'PUREFLOW', Pt. 1","177.0","","b025cbaa9f186880f87d","BOOMPALA (By LE SSERAFIM (르세라핌)) (Instrumental Karaoke Version)","ZZang KARAOKE","","177.0","","0","e3daaf55ca56fe883582","BOOMPALA (By LE SSERAFIM (르세라핌)) (Melody Karaoke Version)","ZZang KARAOKE","","177.0","","0","below_threshold","uncertain"
"v1","32","32:571:QQ","QQ","apple_music_catalog","1894802726","","BOOMPALA","르세라핌","'PUREFLOW', Pt. 1","177.0","","","","","","","","","","","","","","","","no_candidates","uncertain"
"v1","32","32:572:Kugou","Kugou","apple_music_catalog","1882581639","","캐치 캐치","최예나","LOVE CATCHER - EP","180.0","","0c5cf2e50f2041fae4e6","파크골프송","송서방송","","207.0","","0","32c568ccb6f825c85e78","캐롤 메들리 (White Christmas + 실버벨 + 북치는 소년 + Feliz Navida)","빨간탱크","","292.0","","0","below_threshold","uncertain"
"v1","32","32:572:NetEase","NetEase","apple_music_catalog","1882581639","","캐치 캐치","최예나","LOVE CATCHER - EP","180.0","","5658a7cea15a21e4f73d","캐치 캐치","YENA (崔叡娜)","","180.0","","0","90104aa95fefb050f5c8","캐치 캐치 (Sped Up)","YENA (崔叡娜)","","150.0","","0","below_threshold","uncertain"
"v1","32","32:572:QQ","QQ","apple_music_catalog","1882581639","","캐치 캐치","최예나","LOVE CATCHER - EP","180.0","","","","","","","","","","","","","","","","no_candidates","uncertain"
"v1","32","32:573:LRCMux","LRCMux","apple_music_catalog","1806264606","","yours","데이먼스 이어","yours - Single","165.0","","0aa66dfbc48de74b3dfe","yours","Damons year","","165.0","","0","","","","","","","","below_threshold","uncertain"
"v1","32","32:573:NetEase","NetEase","apple_music_catalog","1806264606","","yours","데이먼스 이어","yours - Single","165.0","","9e6f1706c171ba5f0295","yours","Damons Year","","165.229","","0","60a418714306224c46d9","yours (Originally Perfomed By Damons year(데이먼스 이어)) (Instrumental Karaoke Version)","ZZang KARAOKE","","164.571","","0","below_threshold","uncertain"
"v1","32","32:573:QQ","QQ","apple_music_catalog","1806264606","","yours","데이먼스 이어","yours - Single","165.0","","","","","","","","","","","","","","","","no_candidates","uncertain"
"v1","32","32:574:Kugou","Kugou","apple_music_catalog","6766256692","","VIRAL","보이넥스트도어","HOME","199.0","","7ca064813f70b7775ed8","VIRAL","BOYNEXTDOOR","","198.0","","0","bebfd18f85965e7d7022","VIRAL (袁一琦YUAN YIQI Remix)","BOYNEXTDOOR、袁一琦","","197.0","remix","0","below_threshold","uncertain"
"v1","32","32:574:LRCMux","LRCMux","apple_music_catalog","6766256692","","VIRAL","보이넥스트도어","HOME","199.0","","2d866dfaf42b895ad4a0","VIRAL","BOYNEXTDOOR","","198.0","","0","","","","","","","","below_threshold","uncertain"
"v1","32","32:574:NetEase","NetEase","apple_music_catalog","6766256692","","VIRAL","보이넥스트도어","HOME","199.0","","69da9ee86b0c153292a1","VIRAL (By BOYNEXTDOOR (보이넥스트도어)) (Instrumental Karaoke Version)","ZZang KARAOKE","","201.5","","0","33e69fbd3609cb6127db","VIRAL (By BOYNEXTDOOR (보이넥스트도어)) (Melody Karaoke Version)","ZZang KARAOKE","","201.5","","0","below_threshold","uncertain"
"v1","32","32:574:QQ","QQ","apple_music_catalog","6766256692","","VIRAL","보이넥스트도어","HOME","199.0","","","","","","","","","","","","","","","","no_candidates","uncertain"
"v1","32","32:575:Kugou","Kugou","apple_music_catalog","1661608702","","그대 작은 나의 세상이 되어","카더가든","Absence - EP","206.0","","c405200e167d794a41ae","그대 작은 나의 세상이 되어","Car, the garden","","205.0","","0","26d4cb62da39648466b1","로맨틱 선데이","Car, the garden","","230.0","","0","below_threshold","uncertain"
"v1","32","32:575:NetEase","NetEase","apple_music_catalog","1661608702","","그대 작은 나의 세상이 되어","카더가든","Absence - EP","206.0","","812af9bcf39431cd1c07","그대 작은 나의 세상이 되어","Car,The Garden","","205.826","","0","","","","","","","","below_threshold","uncertain"
"v1","32","32:575:QQ","QQ","apple_music_catalog","1661608702","","그대 작은 나의 세상이 되어","카더가든","Absence - EP","206.0","","","","","","","","","","","","","","","","no_candidates","uncertain"
"v1","32","32:576:Kugou","Kugou","apple_music_catalog","1642889031","","U","권오선","OFOSUN - EP","226.0","","70992d8569445eb61c42","U","OSUN","","226.0","","0","4c7ba181e43dab1f8fb3","U (Korean Version)","SUPER JUNIOR","","226.0","","0","below_threshold","uncertain"
"v1","32","32:576:LRCMux","LRCMux","apple_music_catalog","1642889031","","U","권오선","OFOSUN - EP","226.0","","e03f11b3b710d471b631","U","OSUN","","226.0","","0","","","","","","","","below_threshold","uncertain"
"v1","32","32:576:NetEase","NetEase","apple_music_catalog","1642889031","","U","권오선","OFOSUN - EP","226.0","","59b0bce5eacd422e4c33","U","OSUN","","226.499","","0","9486636b676a74e9d038","PUBLIC ENEMIES (Feat. OSUN (권오선), Iyaan, Jeffrey White, Raf Sandou)","Sik-K / Lil Moshpit / OSUN / Iyaan / Jeffrey White / Raf Sandou","","243.0","feat","0","below_threshold","uncertain"
"v1","32","32:576:QQ","QQ","apple_music_catalog","1642889031","","U","권오선","OFOSUN - EP","226.0","","","","","","","","","","","","","","","","no_candidates","uncertain"
"v1","32","32:577:Kugou","Kugou","apple_music_catalog","1567326688","","Next Level","aespa","Next Level - Single","222.0","","55c1f2e87f91e9186264","Next Level","aespa","","221.622","","95","3d3e8f89440bfcd571b9","Next Level","aespa","","221.0","","95","ambiguous_gap","uncertain"
"v1","32","32:577:LRCLIB","LRCLIB","apple_music_catalog","1567326688","","Next Level","aespa","Next Level - Single","222.0","","509184a6dcc7dc32f06d","Next Level","aespa","","30.0","","0","","","","","","","","below_threshold","uncertain"
"v1","32","32:577:QQ","QQ","apple_music_catalog","1567326688","","Next Level","aespa","Next Level - Single","222.0","","","","","","","","","","","","","","","","no_candidates","uncertain"
"v1","32","32:578:Kugou","Kugou","apple_music_catalog","1608880079","","Trip (feat. Hannah)","릴러말즈","VIOLINIST","234.0","feat","9e26118fba4990db1c93","Trip (Original Mix)","Axero","","188.0","","0","f8f0843214084c4f0335","Trip","Ella Mai","","213.0","","0","below_threshold","uncertain"
"v1","32","32:578:LRCMux","LRCMux","apple_music_catalog","1608880079","","Trip (feat. Hannah)","릴러말즈","VIOLINIST","234.0","feat","6accc7057fe98d748220","Trip","Leellamarz","","234.0","","0","","","","","","","","below_threshold","uncertain"
"v1","32","32:578:NetEase","NetEase","apple_music_catalog","1608880079","","Trip (feat. Hannah)","릴러말즈","VIOLINIST","234.0","feat","989d6b2952db551cf3bc","Trip","LeellaMarz / Hannah","","232.817","","0","a6cfe1aad0be1586ef8b","Trip","LeellaMarz / Hannah","","233.757","","0","below_threshold","uncertain"
"v1","32","32:578:QQ","QQ","apple_music_catalog","1608880079","","Trip (feat. Hannah)","릴러말즈","VIOLINIST","234.0","feat","","","","","","","","","","","","","","","no_candidates","uncertain"
"v1","32","32:579:Kugou","Kugou","apple_music_catalog","1802528268","","LOV3 (feat. Bryan Chase & Okasian)","식케이 & 릴 모쉬핏","K-FLIP+","236.0","feat","66fa8b87dc711685cf14","LOV3","Bel Red、Hoaprox","","332.0","","0","9186d5307738ddb29f17","LOV3 (Feat. Bryan Chase, Okasian)","Sik-K、Lil Moshpit、Bryan Chase、Okasian","","236.0","feat","0","below_threshold","uncertain"
"v1","32","32:579:LRCMux","LRCMux","apple_music_catalog","1802528268","","LOV3 (feat. Bryan Chase & Okasian)","식케이 & 릴 모쉬핏","K-FLIP+","236.0","feat","178b96eac11dc8a7e8a6","LOV3 (Feat. Bryan Chase, Okasian)","Sik-K","","236.0","feat","0","","","","","","","","below_threshold","uncertain"
"v1","32","32:579:NetEase","NetEase","apple_music_catalog","1802528268","","LOV3 (feat. Bryan Chase & Okasian)","식케이 & 릴 모쉬핏","K-FLIP+","236.0","feat","a918fbaad647dea134bb","LOV3 (Feat. Bryan Chase, Okasian)","Sik-K / Lil Moshpit / BRYAN CHA$E / Okasian","","236.24","feat","0","","","","","","","","below_threshold","uncertain"
"v1","32","32:579:QQ","QQ","apple_music_catalog","1802528268","","LOV3 (feat. Bryan Chase & Okasian)","식케이 & 릴 모쉬핏","K-FLIP+","236.0","feat","","","","","","","","","","","","","","","no_candidates","uncertain"
"v1","32","32:580:Kugou","Kugou","apple_music_catalog","1480802550","","어떻게 이별까지 사랑하겠어, 널 사랑하는 거지","악뮤","SAILING","290.0","","5ed9870d8c9872dfe397","How can I love the heartbreak, you're the one I love","AKMU","","290.0","","0","bae11fa4e42d941ac94c","How can I love the heartbreak, you're the one I love","AKMU","","294.0","","0","below_threshold","uncertain"
"v1","32","32:580:LRCMux","LRCMux","apple_music_catalog","1480802550","","어떻게 이별까지 사랑하겠어, 널 사랑하는 거지","악뮤","SAILING","290.0","","77cecec48cae12d1e4f2","How can I love the heartbreak, you're the one I love","AKMU","","290.0","","0","","","","","","","","below_threshold","uncertain"
"v1","32","32:580:NetEase","NetEase","apple_music_catalog","1480802550","","어떻게 이별까지 사랑하겠어, 널 사랑하는 거지","악뮤","SAILING","290.0","","2e47488c52a6fde7f774","어떻게 이별까지 사랑하겠어, 널 사랑하는 거지","AKMU","","290.095","","0","0a71cc9d4b6de5328c6b","乐童音乐家(AKMU) Killing Voice (Live)","AKMU","","1127.496","live","0","below_threshold","uncertain"
"v1","32","32:580:QQ","QQ","apple_music_catalog","1480802550","","어떻게 이별까지 사랑하겠어, 널 사랑하는 거지","악뮤","SAILING","290.0","","","","","","","","","","","","","","","","no_candidates","uncertain"
"v1","32","32:581:Kugou","Kugou","apple_music_catalog","1573192803","","사계","양홍원","3 Steps Forward, 2 Steps Back","194.0","","42cca7a0bd42dac1b8ba","사계","太妍 (태연)","","188.0","","0","72e20465f39c9a49fb0b","사계 (MV版)","太妍 (태연)","","222.0","","0","below_threshold","uncertain"
"v1","32","32:581:NetEase","NetEase","apple_music_catalog","1573192803","","사계","양홍원","3 Steps Forward, 2 Steps Back","194.0","","b858fbd105d2242d5c2d","사계","YANGHONGWON","","193.627","","0","afaff3c506f94866d699","DESTIE","BIG 9ULPO / HW MUSIC","","103.0","","0","below_threshold","uncertain"
"v1","32","32:581:QQ","QQ","apple_music_catalog","1573192803","","사계","양홍원","3 Steps Forward, 2 Steps Back","194.0","","","","","","","","","","","","","","","","no_candidates","uncertain"
"v1","32","32:582:Kugou","Kugou","apple_music_catalog","345400888","","사랑은 봄비처럼...이별은 겨울비처럼","임현정","A Year Out...In the Island","281.0","","faaeed5dcececc0791f2","사랑은 봄비처럼...이별은 겨울비처럼","임현정","","280.0","","95","f5e95e9664eff2e56e22","사랑은 봄비처럼...이별은 겨울비처럼","임현정","","286.0","","91","ambiguous_gap","uncertain"
"v1","32","32:582:LRCMux","LRCMux","apple_music_catalog","345400888","","사랑은 봄비처럼...이별은 겨울비처럼","임현정","A Year Out...In the Island","281.0","","a111c37f33a9314c2fb4","사랑은 봄비처럼...이별은 겨울비처럼","Lim Hyun Jung","","280.0","","0","","","","","","","","below_threshold","uncertain"
"v1","32","32:582:NetEase","NetEase","apple_music_catalog","345400888","","사랑은 봄비처럼...이별은 겨울비처럼","임현정","A Year Out...In the Island","281.0","","7d119255ede47b53af0f","사랑은 봄비처럼...이별은 겨울비처럼... (Bonus Track Ver.)","林贤政","","282.021","","0","bd379155d58d5e370a80","사랑은 봄비처럼...이별은 겨울비처럼","林贤政","","282.021","","0","below_threshold","uncertain"
"v1","32","32:582:QQ","QQ","apple_music_catalog","345400888","","사랑은 봄비처럼...이별은 겨울비처럼","임현정","A Year Out...In the Island","281.0","","","","","","","","","","","","","","","","no_candidates","uncertain"
"v1","32","32:583:Kugou","Kugou","apple_music_catalog","1648915222","","기억을 걷는 시간","넬","Separation Anxiety","313.0","","c03e8f5f4b3ed27193b1","기억을 걷는 시간","Nell","","312.0","","0","c45eb44b546af3613b2d","기억을 걷는 시간","Nell","","123.0","","0","below_threshold","uncertain"
"v1","32","32:583:LRCLIB","LRCLIB","apple_music_catalog","1648915222","","기억을 걷는 시간","넬","Separation Anxiety","313.0","","a5be30010c6e226436ff","기억을 걷는 시간","넬 (NELL)","","349.0","","0","61f83d49d77c32dbc0ee","기억을 걷는 시간 (聚集记忆的时间)","Nell (넬)","","312.97","","0","below_threshold","uncertain"
"v1","32","32:583:NetEase","NetEase","apple_music_catalog","1648915222","","기억을 걷는 시간","넬","Separation Anxiety","313.0","","506b36b3f14ce8f24783","기억을 걷는 시간","Nell","","389.853","","0","0477c16fd83f01f3f5fa","기억을 걷는 시간","Nell","","312.895","","0","below_threshold","uncertain"
"v1","32","32:583:QQ","QQ","apple_music_catalog","1648915222","","기억을 걷는 시간","넬","Separation Anxiety","313.0","","","","","","","","","","","","","","","","no_candidates","uncertain"
"v1","32","32:584:Kugou","Kugou","apple_music_catalog","6776077187","","ICONIC BY MISTAKE","르세라핌, 아일릿 & KATSEYE","ICONIC BY MISTAKE - Single","178.0","","7de2a4ac2d9f392a46ed","ICONIC BY MISTAKE","LE SSERAFIM、ILLIT、KATSEYE","","177.0","","0","95128705973db656cb7b","ICONIC BY MISTAKE (Clean Edit)","LE SSERAFIM、ILLIT、KATSEYE","","177.0","","0","below_threshold","uncertain"
"v1","32","32:584:LRCMux","LRCMux","apple_music_catalog","6776077187","","ICONIC BY MISTAKE","르세라핌, 아일릿 & KATSEYE","ICONIC BY MISTAKE - Single","178.0","","383e3677482a1686eae5","ICONIC BY MISTAKE","LE SSERAFIM","","177.0","","0","","","","","","","","below_threshold","uncertain"
"v1","32","32:584:NetEase","NetEase","apple_music_catalog","6776077187","","ICONIC BY MISTAKE","르세라핌, 아일릿 & KATSEYE","ICONIC BY MISTAKE - Single","178.0","","d8da929cca266efdda11","iconic by mistake","Semo","","176.117","","0","ad3576afb70fb5c29ca2","ICONIC BY MISTAKE","肥肥子 / Lauraaa- / 窝是橙子 / 北鹤","","179.301","","0","below_threshold","uncertain"
"v1","32","32:584:QQ","QQ","apple_music_catalog","6776077187","","ICONIC BY MISTAKE","르세라핌, 아일릿 & KATSEYE","ICONIC BY MISTAKE - Single","178.0","","","","","","","","","","","","","","","","no_candidates","uncertain"
"v1","32","32:585:Kugou","Kugou","apple_music_catalog","1879473479","","Busy Boy","리센느","[RESCENE X ???] - Single","150.0","","5295c9a572e576bdd10b","Busy boy","RESCENE","","150.0","","0","b3ab714d1ad19bada928","Busy Boy (Galantis Remix)","Galantis、RESCENE","","161.0","remix","0","below_threshold","uncertain"
"v1","32","32:585:LRCMux","LRCMux","apple_music_catalog","1879473479","","Busy Boy","리센느","[RESCENE X ???] - Single","150.0","","1f658bab6dfa7257c015","Busy Boy","RESCENE","","150.0","","0","","","","","","","","below_threshold","uncertain"
"v1","32","32:585:NetEase","NetEase","apple_music_catalog","1879473479","","Busy Boy","리센느","[RESCENE X ???] - Single","150.0","","34e634908527d66ef7f4","Busy Boy","RESCENE","","150.0","","0","413bf4b4be3917ee4048","Busy Boy (Inst.)","RESCENE","","150.0","","0","below_threshold","uncertain"
"v1","32","32:585:QQ","QQ","apple_music_catalog","1879473479","","Busy Boy","리센느","[RESCENE X ???] - Single","150.0","","","","","","","","","","","","","","","","no_candidates","uncertain"
"v1","32","32:586:Kugou","Kugou","apple_music_catalog","1780254692","","Skrr (feat. 지젤)","김하온","Skrr (feat. GISELLE) - Single","219.0","feat","5070521a5461c3e61b5e","Skrr (feat. GISELLE)","HAON、GISELLE","","219.0","feat","0","911a1092cb85dac18ee4","Skrr (feat. GISELLE)","柯奇","","221.0","feat","0","below_threshold","uncertain"
"v1","32","32:586:LRCMux","LRCMux","apple_music_catalog","1780254692","","Skrr (feat. 지젤)","김하온","Skrr (feat. GISELLE) - Single","219.0","feat","f220ce5f692aadbdad28","Skrr (feat. GISELLE)","HAON","","219.0","feat","0","","","","","","","","below_threshold","uncertain"
"v1","32","32:586:NetEase","NetEase","apple_music_catalog","1780254692","","Skrr (feat. 지젤)","김하온","Skrr (feat. GISELLE) - Single","219.0","feat","6a00e2516421fc017326","Skrr","HAON / GISELLE","","219.2","","0","0cb5c6e0e3cec1eae588","Taste Of Your Hair (Feat. 김하온 (HAON))","kwacamolee / HAON","","130.25","feat","0","below_threshold","uncertain"
"v1","32","32:586:QQ","QQ","apple_music_catalog","1780254692","","Skrr (feat. 지젤)","김하온","Skrr (feat. GISELLE) - Single","219.0","feat","","","","","","","","","","","","","","","no_candidates","uncertain"
"v1","32","32:587:Kugou","Kugou","apple_music_catalog","1770274550","","사랑으로","wave to earth","0.1 flaws and all.","308.0","","a929fca48d2af3207d8b","사랑으로","wave to earth","","30.0","","0","","","","","","","","below_threshold","uncertain"
"v1","32","32:587:QQ","QQ","apple_music_catalog","1770274550","","사랑으로","wave to earth","0.1 flaws and all.","308.0","","","","","","","","","","","","","","","","no_candidates","uncertain"
"v1","32","32:588:Kugou","Kugou","apple_music_catalog","1734501146","","Lucky Girl Syndrome","아일릿","SUPER REAL ME - EP","140.0","","4a6dbb3c36f888bcdc4e","Lucky Girl Syndrome","ILLIT","","140.0","","0","7c5a6f290b54879cd754","Lucky Girl Syndrome (Sped Up)","ILLIT","","104.0","","0","below_threshold","uncertain"
"v1","32","32:588:LRCMux","LRCMux","apple_music_catalog","1734501146","","Lucky Girl Syndrome","아일릿","SUPER REAL ME - EP","140.0","","20acab4361e37e948875","Lucky Girl Syndrome","ILLIT","","140.0","","0","","","","","","","","below_threshold","uncertain"
"v1","32","32:588:NetEase","NetEase","apple_music_catalog","1734501146","","Lucky Girl Syndrome","아일릿","SUPER REAL ME - EP","140.0","","8646c23e628cd1d74133","Lucky Girl Syndrome (Live)","ILLIT","","179.565","live","0","e958282da306a109eacf","Lucky Girl Syndrome","noli","","140.483","","0","below_threshold","uncertain"
"v1","32","32:588:QQ","QQ","apple_music_catalog","1734501146","","Lucky Girl Syndrome","아일릿","SUPER REAL ME - EP","140.0","","","","","","","","","","","","","","","","no_candidates","uncertain"
"v1","32","32:589:Kugou","Kugou","apple_music_catalog","1702792482","","그대만 있다면 (영화 '여름날 우리')","Nerd Connection","If I have you only (My love) - Single","251.0","","","","","","","","","","","","","","","","no_candidates","uncertain"
"v1","32","32:589:NetEase","NetEase","apple_music_catalog","1702792482","","그대만 있다면 (영화 '여름날 우리')","Nerd Connection","If I have you only (My love) - Single","251.0","","cdc3c1d6a6e9fd969673","그대만 있다면 (여름날 우리 X 너드커넥션 (Nerd Connection))","Nerd Connection","","250.573","","0","f5106161642d82356afe","그대만 있다면 (여름날 우리 X 너드커넥션 (Nerd Connection)) (Inst.)","Nerd Connection","","250.573","","0","below_threshold","uncertain"
"v1","32","32:589:QQ","QQ","apple_music_catalog","1702792482","","그대만 있다면 (영화 '여름날 우리')","Nerd Connection","If I have you only (My love) - Single","251.0","","","","","","","","","","","","","","","","no_candidates","uncertain"
"v1","32","32:590:Kugou","Kugou","apple_music_catalog","1659513445","","OMG","뉴진스","NewJeans 'OMG' - Single","212.0","","6a082bfbac2ebf2fe143","OMG","NewJeans","","212.0","","0","0522eb2608cf7959be9d","OMG (Live)","NewJeans","","262.0","live","0","below_threshold","uncertain"
"v1","32","32:590:LRCMux","LRCMux","apple_music_catalog","1659513445","","OMG","뉴진스","NewJeans 'OMG' - Single","212.0","","332e4e9d48f864887fa1","OMG","NewJeans","","212.0","","0","","","","","","","","below_threshold","uncertain"
"v1","32","32:590:NetEase","NetEase","apple_music_catalog","1659513445","","OMG","뉴진스","NewJeans 'OMG' - Single","212.0","","f2c103159b7c32ccec28","OMG (basecamp Remix)","NewJeans","","216.842","remix","0","95b3bcedbd682ac14fdf","OMG (Areia Remix)","NewJeans","","206.001","remix","0","below_threshold","uncertain"
"v1","32","32:590:QQ","QQ","apple_music_catalog","1659513445","","OMG","뉴진스","NewJeans 'OMG' - Single","212.0","","","","","","","","","","","","","","","","no_candidates","uncertain"
"v1","32","32:591:Kugou","Kugou","apple_music_catalog","1569744573","","시차 (feat. 로꼬 & 그레이)","우원재","We Are (feat. Loco & GRAY) - Single","196.0","feat","45c5140b768cbfc05b42","Nice Body (With 로꼬)","孝敏、Loco","","208.0","","0","997f14869d893f3f51f3","Say Yes","Loco、PUNCH","","218.0","","0","below_threshold","uncertain"
"v1","32","32:591:NetEase","NetEase","apple_music_catalog","1569744573","","시차 (feat. 로꼬 & 그레이)","우원재","We Are (feat. Loco & GRAY) - Single","196.0","feat","bc9f21262ae58e43b971","남자 거짓말(Feat.소하)","Grey Dog","","201.781","feat","0","5db483870e4bbd0a345b","Outerspace (feat. 로꼬)","姜丹尼尔 / Loco","","194.573","feat","0","below_threshold","uncertain"
"v1","32","32:591:QQ","QQ","apple_music_catalog","1569744573","","시차 (feat. 로꼬 & 그레이)","우원재","We Are (feat. Loco & GRAY) - Single","196.0","feat","","","","","","","","","","","","","","","no_candidates","uncertain"
"v1","32","32:592:Kugou","Kugou","apple_music_catalog","6786626162","","약속해","SYSTEM SEOUL, kira, sn7, ycs & hawks","SS-POP 3","207.0","","","","","","","","","","","","","","","","no_candidates","uncertain"
"v1","32","32:592:LRCMux","LRCMux","apple_music_catalog","6786626162","","약속해","SYSTEM SEOUL, kira, sn7, ycs & hawks","SS-POP 3","207.0","","ccc9c354e75481593808","약속해","SYSTEM SEOUL","","206.0","","0","","","","","","","","below_threshold","uncertain"
"v1","32","32:592:QQ","QQ","apple_music_catalog","6786626162","","약속해","SYSTEM SEOUL, kira, sn7, ycs & hawks","SS-POP 3","207.0","","","","","","","","","","","","","","","","no_candidates","uncertain"
"v1","32","32:593:Kugou","Kugou","apple_music_catalog","1738889871","","좋은 밤 좋은 꿈","Nerd Connection","‎Good Night Good Dream - Single","266.0","","9e137c3ee502c8d41a63","좋은 밤 좋은 꿈","너드커넥션","","265.0","","0","4e1716016a7c3ab94a8f","Good Night Good Dream (좋은 밤 좋은 꿈) (By Nerd Connection (너드커넥션)) (Instrumental Karaoke Version)","ZZang KARAOKE","","271.0","","0","below_threshold","uncertain"
"v1","32","32:593:LRCLIB","LRCLIB","apple_music_catalog","1738889871","","좋은 밤 좋은 꿈","Nerd Connection","‎Good Night Good Dream - Single","266.0","","e304f32d44777f9ce0b8","‎Good Night Good Dream (좋은 밤 좋은 꿈)","Nerd Connection","","266.0","","0","","","","","","","","below_threshold","uncertain"
"v1","32","32:593:QQ","QQ","apple_music_catalog","1738889871","","좋은 밤 좋은 꿈","Nerd Connection","‎Good Night Good Dream - Single","266.0","","","","","","","","","","","","","","","","no_candidates","uncertain"
"v1","32","32:594:Kugou","Kugou","apple_music_catalog","1622167332","","Vancouver","BIG Naughty","Lovey Dovey - Single","216.0","","","","","","","","","","","","","","","","no_candidates","uncertain"
"v1","32","32:594:QQ","QQ","apple_music_catalog","1622167332","","Vancouver","BIG Naughty","Lovey Dovey - Single","216.0","","","","","","","","","","","","","","","","no_candidates","uncertain"
"v1","32","32:595:Kugou","Kugou","apple_music_catalog","1543850904","","거리에서","성시경","The Ballads","279.0","","0e4a2f44c94dfd787f17","거리에서","成始璄","","279.0","","0","5d260f54e12fb1b264e8","거리에서 (Live)","成始璄","","269.0","live","0","below_threshold","uncertain"
"v1","32","32:595:LRCMux","LRCMux","apple_music_catalog","1543850904","","거리에서","성시경","The Ballads","279.0","","941e80fbb2d15ceb9f3e","거리에서","Sung Si Kyung","","279.0","","0","","","","","","","","below_threshold","uncertain"
"v1","32","32:595:NetEase","NetEase","apple_music_catalog","1543850904","","거리에서","성시경","The Ballads","279.0","","392c6927565d26fb23de","거리에서","成始璄","","279.336","","0","fdb2a9115ae48d9d6b1b","거리에서 (성시경)","발라드 녀석들","","275.617","","0","below_threshold","uncertain"
"v1","32","32:595:QQ","QQ","apple_music_catalog","1543850904","","거리에서","성시경","The Ballads","279.0","","","","","","","","","","","","","","","","no_candidates","uncertain"
"v1","32","32:596:Kugou","Kugou","apple_music_catalog","1456103133","","주저하는 연인들을 위해","잔나비","Legend","265.0","","ccae1ae9197cff16e567","주저하는 연인들을 위해","JANNABI","","265.0","","0","3be9978dee6c64ceb015","슬픔이여안녕","JANNABI","","236.0","","0","below_threshold","uncertain"
"v1","32","32:596:LRCLIB","LRCLIB","apple_music_catalog","1456103133","","주저하는 연인들을 위해","잔나비","Legend","265.0","","214bcfdc18e044a39b48","주저하는 연인들을 위해","잔나비","","278.0","","0","04fe4a5868d6e3655030","for lovers who hesitate (주저하는 연인들을 위해)","JANNABI(잔나비)","","265.0","","0","below_threshold","uncertain"
"v1","32","32:596:NetEase","NetEase","apple_music_catalog","1456103133","","주저하는 연인들을 위해","잔나비","Legend","265.0","","a208a6c0fa9d3730873b","주저하는 연인들을 위해","JANNABI","","265.0","","0","1970959354e063cf3b07","주저하는 연인들을 위해 (LIVE)","金钟万 / John Park / 崔政勋","","254.04","live","0","below_threshold","uncertain"
"v1","32","32:596:QQ","QQ","apple_music_catalog","1456103133","","주저하는 연인들을 위해","잔나비","Legend","265.0","","","","","","","","","","","","","","","","no_candidates","uncertain"
"v1","32","32:597:Kugou","Kugou","apple_music_catalog","1635469854","","Cookie","뉴진스","NewJeans 1st EP 'New Jeans'","236.0","","4fc9e7537fdec247f996","Cookie","NewJeans","","233.0","","0","2c5abc78a56d0a3e197b","Cookie (Live)","NewJeans","","239.0","live","0","below_threshold","uncertain"
"v1","32","32:597:LRCLIB","LRCLIB","apple_music_catalog","1635469854","","Cookie","뉴진스","NewJeans 1st EP 'New Jeans'","236.0","","972141dfe28f3eab43fb","Cookie","NewJeans (뉴진스)","","233.0","","0","","","","","","","","below_threshold","uncertain"
"v1","32","32:597:LRCMux","LRCMux","apple_music_catalog","1635469854","","Cookie","뉴진스","NewJeans 1st EP 'New Jeans'","236.0","","4ec1135f6aef4befc1f4","Cookie","NewJeans","","235.0","","0","","","","","","","","below_threshold","uncertain"
"v1","32","32:597:NetEase","NetEase","apple_music_catalog","1635469854","","Cookie","뉴진스","NewJeans 1st EP 'New Jeans'","236.0","","f7cf4af8034ae70edc76","Cookie(Highschool Band Remix) (Prod. MINDA)","NewJeans","","195.672","remix","0","173f09b7661b57e7a0fa","Cookie (清唱版)","NewJeans","","103.176","","0","below_threshold","uncertain"
"v1","32","32:597:QQ","QQ","apple_music_catalog","1635469854","","Cookie","뉴진스","NewJeans 1st EP 'New Jeans'","236.0","","","","","","","","","","","","","","","","no_candidates","uncertain"
"v1","32","32:598:NetEase","NetEase","apple_music_catalog","6773636907","","~할때만 (feat. JUNNY)","드레스 & Raf Sandou","MOHO - EP","153.0","feat","c7467f8d5a781fc3fb0f","~할때만 (Feat. JUNNY)","dress / Raf Sandou / JUNNY","","153.178","feat","0","","","","","","","","below_threshold","uncertain"
"v1","32","32:598:QQ","QQ","apple_music_catalog","6773636907","","~할때만 (feat. JUNNY)","드레스 & Raf Sandou","MOHO - EP","153.0","feat","","","","","","","","","","","","","","","no_candidates","uncertain"
"v1","32","32:599:Kugou","Kugou","apple_music_catalog","1562973799","","봄 내음보다 너를","김나영","A Letter for You - Single","217.0","","86a9a2714cc627ac180a","봄 내음보다 너를","金娜英","","217.0","","0","6df55f0a0b7d5d6b063e","봄 내음보다 너를 (Originally Perfomed By 김나영)(Instrumental Karaoke ver.)","ZZangKARAOKE","","220.0","","0","below_threshold","uncertain"
"v1","32","32:599:NetEase","NetEase","apple_music_catalog","1562973799","","봄 내음보다 너를","김나영","A Letter for You - Single","217.0","","da5d242422219d84a6d5","봄 내음보다 너를","金娜英","","217.293","","0","6153909e90dde5b6d3a1","봄 내음보다 너를 (Originally Perfomed By 김나영) (Instrumental Karaoke ver.) A Letter For You (Originally Perfomed By Kim Na Young) (Instrumental Karaoke ver.)","ZZang KARAOKE","","220.577","","0","below_threshold","uncertain"
"v1","32","32:599:QQ","QQ","apple_music_catalog","1562973799","","봄 내음보다 너를","김나영","A Letter for You - Single","217.0","","","","","","","","","","","","","","","","no_candidates","uncertain"
"v1","32","32:600:Kugou","Kugou","apple_music_catalog","1582765830","","가까운 듯 먼 그대여","카더가든","Closely Far Away - Single","195.0","","bcfd4ae291b76e50f091","가까운 듯 먼 그대여 (2025 The Seasons-10CM의 쓰담쓰담现场)","Car, the garden","","242.0","live","0","a9f12e7a660d78acfa9d","가까운 듯 먼 그대여","Car, the garden","","194.0","","0","below_threshold","uncertain"
"v1","32","32:600:LRCLIB","LRCLIB","apple_music_catalog","1582765830","","가까운 듯 먼 그대여","카더가든","Closely Far Away - Single","195.0","","9137d243d8a3d8527234","가까운 듯 먼 그대여 (Closely Far Away)","카더가든 (Car, the Garden)","","70.0","","0","","","","","","","","below_threshold","uncertain"
"v1","32","32:600:NetEase","NetEase","apple_music_catalog","1582765830","","가까운 듯 먼 그대여","카더가든","Closely Far Away - Single","195.0","","a57f77d227c82ae9b2d8","가까운 듯 먼 그대여","Car,The Garden","","194.546","","0","efde480c63bc14a6b6a9","가까운 듯 먼 그대여 (Inst.)","Car,The Garden","","194.546","","0","below_threshold","uncertain"
"v1","32","32:600:QQ","QQ","apple_music_catalog","1582765830","","가까운 듯 먼 그대여","카더가든","Closely Far Away - Single","195.0","","","","","","","","","","","","","","","","no_candidates","uncertain"
"v1","32","32:601:Kugou","Kugou","apple_music_catalog","1868862384","","SWIM","BTS","ARIRANG","159.0","","0e59f71ed70bdb4a5682","SWIM","BTS (防弹少年团)","","159.0","","0","94614f468fa00813df17","SWIM (2026 BTS THE COMEBACK LIVE ARIRANG现场)","BTS (防弹少年团)","","169.0","live","0","below_threshold","uncertain"
"v1","32","32:601:NetEase","NetEase","apple_music_catalog","1868862384","","SWIM","BTS","ARIRANG","159.0","","b4dffe6b6ed464b581b4","Swim (From ""BTS"") (Dublado Em Português)","ONEBASE","","158.797","","0","05952918d0a09dfd14fb","SWIM（COVER:BTS）","Ray_Shineeee*","","160.597","cover","0","below_threshold","uncertain"
"v1","32","32:601:QQ","QQ","apple_music_catalog","1868862384","","SWIM","BTS","ARIRANG","159.0","","","","","","","","","","","","","","","","no_candidates","uncertain"
"v1","32","32:602:Kugou","Kugou","apple_music_catalog","1790602218","","Jumping Machine (跳楼机)","LBI","Jumping Machine (跳楼机) - EP","202.0","","098ac793b5370c5eddcc","跳楼机 (Live)","张靓颖、王以太","","202.0","live","0","e9ddc186942281d04082","跳楼机","en (王翊恩)","","209.0","","0","below_threshold","uncertain"
"v1","32","32:602:LRCLIB","LRCLIB","apple_music_catalog","1790602218","","Jumping Machine (跳楼机)","LBI","Jumping Machine (跳楼机) - EP","202.0","","a240dca5306bac4fab4f","Jumping Machine (跳楼机)","LBI","","180.0","","0","3c5ea367cc76373dd836","Jumping Machine (跳楼机) (1.1x)","LBI - Topic","","184.0","","0","below_threshold","uncertain"
"v1","32","32:602:NetEase","NetEase","apple_music_catalog","1790602218","","Jumping Machine (跳楼机)","LBI","Jumping Machine (跳楼机) - EP","202.0","","f0ca076440af392f6bce","Jumping Machine 跳楼机 (English Vers.)","sunkis 宋秉勤","","201.618","","0","702245bf478b2d2e7690","Jumping Machine (跳楼机) (Cover)","Helioson","","248.0","cover","0","below_threshold","uncertain"
"v1","32","32:602:QQ","QQ","apple_music_catalog","1790602218","","Jumping Machine (跳楼机)","LBI","Jumping Machine (跳楼机) - EP","202.0","","","","","","","","","","","","","","","","no_candidates","uncertain"
"v1","32","32:603:QQ","QQ","apple_music_catalog","1692508528","","海屿你","馬也_Crabbit & Cole先生","海屿你 - Single","296.0","","","","","","","","","","","","","","","","no_candidates","uncertain"
"v1","32","32:604:Kugou","Kugou","apple_music_catalog","1815583986","","看着我的眼睛说","Zhang Yuan","看着我的眼睛说 - Single","261.0","","b94d80ecf8cb4f7f028c","看着我的眼睛说","张远","","260.0","","0","1003e930751dcb3c8e59","看着我的眼睛说 (Live)","姚晓棠、张远","","280.0","live","0","below_threshold","uncertain"
"v1","32","32:604:LRCMux","LRCMux","apple_music_catalog","1815583986","","看着我的眼睛说","Zhang Yuan","看着我的眼睛说 - Single","261.0","","a80a3d8c80aef162b2d3","看着我的眼睛说","张远","","260.0","","0","","","","","","","","below_threshold","uncertain"
"v1","32","32:604:NetEase","NetEase","apple_music_catalog","1815583986","","看着我的眼睛说","Zhang Yuan","看着我的眼睛说 - Single","261.0","","aa3d53bdf9150e2764dc","看着我的眼睛说","张远","","260.794","","0","8da199a453bdcb2508f2","看着我的眼睛说（cover：张远）","杨雨航","","260.388","cover","0","below_threshold","uncertain"
"v1","32","32:604:QQ","QQ","apple_music_catalog","1815583986","","看着我的眼睛说","Zhang Yuan","看着我的眼睛说 - Single","261.0","","","","","","","","","","","","","","","","no_candidates","uncertain"
"v1","32","32:605:Kugou","Kugou","apple_music_catalog","1866732797","","Risk It All","Bruno Mars","The Romantic","204.0","","82a4e5bbfda9429e072d","Risk It All - Bruno Mars","Karaokeysph","","233.0","","0","618200289fd156c2c490","Risk it all-Bruno Mars","Beestudio","","150.0","","0","below_threshold","uncertain"
"v1","32","32:605:LRCLIB","LRCLIB","apple_music_catalog","1866732797","","Risk It All","Bruno Mars","The Romantic","204.0","","267776ac75c1d982415b","Risk It All","Bruno Mars","","3489.0","","0","","","","","","","","below_threshold","uncertain"
"v1","32","32:605:QQ","QQ","apple_music_catalog","1866732797","","Risk It All","Bruno Mars","The Romantic","204.0","","","","","","","","","","","","","","","","no_candidates","uncertain"
"v1","32","32:606:Kugou","Kugou","apple_music_catalog","1766456183","","嘉宾","Zhang Yuan","嘉宾 - Single","334.0","","c98e350c17534a091cc8","嘉宾","张远","","333.0","","0","5552d0f414ea7867c41b","嘉宾 (粤语版)","张远","","333.0","","0","below_threshold","uncertain"
"v1","32","32:606:NetEase","NetEase","apple_music_catalog","1766456183","","嘉宾","Zhang Yuan","嘉宾 - Single","334.0","","eeaf2a9f75b822063e5b","嘉宾 (Cover 张远 & 王泽言)","林子锦","","333.738","cover","0","0559c3a04b4a8cb90390","嘉宾 (粤语版)","张远","","333.628","","0","below_threshold","uncertain"
"v1","32","32:606:QQ","QQ","apple_music_catalog","1766456183","","嘉宾","Zhang Yuan","嘉宾 - Single","334.0","","","","","","","","","","","","","","","","no_candidates","uncertain"
"v1","32","32:607:Kugou","Kugou","apple_music_catalog","1721456393","","Love Confession","Jay Chou","Jay Chou's Bedtime Stories","216.0","","7d6bfd77239b25d27ac3","Love Confession","Denis Pavlov","","198.0","","0","beb0918ae7ee54c36998","Love Confession","Pantawit Kiangsiri、Jetsada Hongcharoen","","116.0","","0","below_threshold","uncertain"
"v1","32","32:607:LRCLIB","LRCLIB","apple_music_catalog","1721456393","","Love Confession","Jay Chou","Jay Chou's Bedtime Stories","216.0","","a0b6e6404d1f2a673888","Love Confession","Jay Chou","","264.0","","0","50fba8446615dd7b31c4","Love Confession (Live)","Jay Chou","","264.0","live","0","below_threshold","uncertain"
"v1","32","32:607:NetEase","NetEase","apple_music_catalog","1721456393","","Love Confession","Jay Chou","Jay Chou's Bedtime Stories","216.0","","d95efec76b21668a4054","love confession (告白氣球)","Minnz Piano","","257.916","","0","7693e33ac2f630b96746","Love Confession","Kurt Hugo Schneider / Jasmine Clarke / Casey Breves","","189.333","","0","below_threshold","uncertain"
"v1","32","32:607:QQ","QQ","apple_music_catalog","1721456393","","Love Confession","Jay Chou","Jay Chou's Bedtime Stories","216.0","","","","","","","","","","","","","","","","no_candidates","uncertain"
"v1","32","32:608:QQ","QQ","apple_music_catalog","1796520821","","像晴天像雨天(电视剧《难哄》心动曲)","Silence Wang","电视剧《难哄》影视原声带·只喜欢你Love Moments","237.0","ost","","","","","","","","","","","","","","","no_candidates","uncertain"
"v1","32","32:609:Kugou","Kugou","apple_music_catalog","1868862376","","Body to Body","BTS","ARIRANG","190.0","","bc7686cbd461f048a4bd","Body to Body","BTS (防弹少年团)","","189.0","","0","d9e72baf78f138f7d3d4","Dimple","BTS (防弹少年团)","","196.0","","0","below_threshold","uncertain"
"v1","32","32:609:NetEase","NetEase","apple_music_catalog","1868862376","","Body to Body","BTS","ARIRANG","190.0","","d70c5441753e1171c93a","Body to Body (from BTS - Melodic Techno Version)","KDee","","154.354","","0","5c806eb5019ef77bda33","Body to Body (By BTS (방탄소년단)) (Instrumental Karaoke Version)","ZZang KARAOKE","","190.0","","0","below_threshold","uncertain"
"v1","32","32:609:QQ","QQ","apple_music_catalog","1868862376","","Body to Body","BTS","ARIRANG","190.0","","","","","","","","","","","","","","","","no_candidates","uncertain"
"v1","32","32:610:Kugou","Kugou","apple_music_catalog","1450330685","","7 rings","Ariana Grande","thank u, next","179.0","","b1f4f479f80ea890f579","hate that i made you love me","Ariana Grande","","197.0","","0","cfbe65077e8ee83368ea","past life (Explicit)","Ariana Grande","","215.0","","0","below_threshold","uncertain"
"v1","32","32:610:NetEase","NetEase","apple_music_catalog","1450330685","","7 rings","Ariana Grande","thank u, next","179.0","","13173fc328eb49785730","7 rings","Ariana Grande","","178.626","","95","cef62d08af63cc9fe8c9","7 rings","Ariana Grande","","177.56","","95","ambiguous_gap","uncertain"
"v1","32","32:610:QQ","QQ","apple_music_catalog","1450330685","","7 rings","Ariana Grande","thank u, next","179.0","","","","","","","","","","","","","","","","no_candidates","uncertain"
"v1","32","32:611:Kugou","Kugou","apple_music_catalog","1511562950","","Stuck with U","Ariana Grande & Justin Bieber","Stuck with U - Single","228.0","","64c3dc70419ad06dd03e","Stuck with U","Ariana Grande、Justin Bieber","","228.627","","95","5e6d7498411bab0fe274","Stuck with U","Ariana Grande、Justin Bieber","","228.0","","95","ambiguous_gap","uncertain"
"v1","32","32:611:LRCLIB","LRCLIB","apple_music_catalog","1511562950","","Stuck with U","Ariana Grande & Justin Bieber","Stuck with U - Single","228.0","","6df5ac3345a93e328c1a","Stuck with U","Ariana Grande, Justin Bieber","","227.0","","95","eabcdd8539c705319308","Stuck with U","Ariana Grande Justin Bieber","","228.519","","95","ambiguous_gap","uncertain"
"v1","32","32:611:QQ","QQ","apple_music_catalog","1511562950","","Stuck with U","Ariana Grande & Justin Bieber","Stuck with U - Single","228.0","","","","","","","","","","","","","","","","no_candidates","uncertain"
"v1","32","32:612:Kugou","Kugou","apple_music_catalog","1868862377","","Hooligan","BTS","ARIRANG","182.0","","6e1387af297113843696","Hooligan","BTS (防弹少年团)","","182.0","","0","1eeb6cf274378edca431","Hooligan (2026 BTS THE COMEBACK LIVE ARIRANG现场)","BTS (防弹少年团)","","179.0","live","0","below_threshold","uncertain"
"v1","32","32:612:LRCLIB","LRCLIB","apple_music_catalog","1868862377","","Hooligan","BTS","ARIRANG","182.0","","7229e87bcb9421853fdb","Hooligan","BTS","","196.0","","0","","","","","","","","below_threshold","uncertain"
"v1","32","32:612:NetEase","NetEase","apple_music_catalog","1868862377","","Hooligan","BTS","ARIRANG","182.0","","1ca0716872cf72e116ca","Hooligan (By BTS (방탄소년단)) (Melody Karaoke Version)","ZZang KARAOKE","","183.5","","0","a0414fed878b3a67e0c6","Hooligan (By BTS (방탄소년단)) (Instrumental Karaoke Version)","ZZang KARAOKE","","183.5","","0","below_threshold","uncertain"
"v1","32","32:612:QQ","QQ","apple_music_catalog","1868862377","","Hooligan","BTS","ARIRANG","182.0","","","","","","","","","","","","","","","","no_candidates","uncertain"
"v1","32","32:613:Kugou","Kugou","apple_music_catalog","1721450037","","Qi-Li-Xiang","Jay Chou","Common Jasmine Orange","297.0","","","","","","","","","","","","","","","","no_candidates","uncertain"
"v1","32","32:613:LRCLIB","LRCLIB","apple_music_catalog","1721450037","","Qi-Li-Xiang","Jay Chou","Common Jasmine Orange","297.0","","9b914dc1b140b8476f92","Qi-Li-Xiang","Jay Chou","","30.0","","0","","","","","","","","below_threshold","uncertain"
"v1","32","32:613:NetEase","NetEase","apple_music_catalog","1721450037","","Qi-Li-Xiang","Jay Chou","Common Jasmine Orange","297.0","","3d964afe563de6b3d3c3","七里香 (2026 Rock Jay Chou Cover)","重塑伝説","","254.919","cover","0","73905ae6535fa610d4e7","七里香(钢琴曲)(原唱：周杰伦)","酷客音乐","","247.74","","0","below_threshold","uncertain"
"v1","32","32:613:QQ","QQ","apple_music_catalog","1721450037","","Qi-Li-Xiang","Jay Chou","Common Jasmine Orange","297.0","","","","","","","","","","","","","","","","no_candidates","uncertain"
"v1","32","32:614:Kugou","Kugou","apple_music_catalog","1884874215","","A Heartbeat's Turn","Zhang Zi Ning & Rex","A Heartbeat's Turn","190.0","","","","","","","","","","","","","","","","no_candidates","uncertain"
"v1","32","32:614:NetEase","NetEase","apple_music_catalog","1884874215","","A Heartbeat's Turn","Zhang Zi Ning & Rex","A Heartbeat's Turn","190.0","","d686a187ebb65f9a2720","A Heartbeat Stuck in the Past","Jose Oneal","","192.16","","0","","","","","","","","below_threshold","uncertain"
"v1","32","32:614:QQ","QQ","apple_music_catalog","1884874215","","A Heartbeat's Turn","Zhang Zi Ning & Rex","A Heartbeat's Turn","190.0","","","","","","","","","","","","","","","","no_candidates","uncertain"
"v1","32","32:615:Kugou","Kugou","apple_music_catalog","1868862380","","2.0","BTS","ARIRANG","170.0","","78aab187ce83c9131473","2.0","BTS (防弹少年团)","","169.0","","0","e7f5a0d1a28e0f3ab6ed","2.0 (2026 BTS THE COMEBACK LIVE ARIRANG现场)","BTS (防弹少年团)","","171.0","live","0","below_threshold","uncertain"
"v1","32","32:615:LRCLIB","LRCLIB","apple_music_catalog","1868862380","","2.0","BTS","ARIRANG","170.0","","30ca0fe035bb7411abcd","2.0","BTS","","235.0","","0","","","","","","","","below_threshold","uncertain"
"v1","32","32:615:NetEase","NetEase","apple_music_catalog","1868862380","","2.0","BTS","ARIRANG","170.0","","392c3c68172e92d5d5ba","2.0 (By BTS (방탄소년단)) (Melody Karaoke Version)","ZZang KARAOKE","","171.5","","0","460868a9778825347fbc","2.0 (By BTS (방탄소년단)) (Instrumental Karaoke Version)","ZZang KARAOKE","","171.5","","0","below_threshold","uncertain"
"v1","32","32:615:QQ","QQ","apple_music_catalog","1868862380","","2.0","BTS","ARIRANG","170.0","","","","","","","","","","","","","","","","no_candidates","uncertain"
"v1","32","32:616:Kugou","Kugou","apple_music_catalog","1721464906","","Sunny Day","Jay Chou","Yeh, Hwei-Mei","270.0","","a64c14c26b2dfa105a20","Sunny Day","Joy Williams","","161.0","","0","edd5c8aa0003d2f58d0e","Sunny Day","Joy Williams","","158.0","","0","below_threshold","uncertain"
"v1","32","32:616:LRCLIB","LRCLIB","apple_music_catalog","1721464906","","Sunny Day","Jay Chou","Yeh, Hwei-Mei","270.0","","f4d2cdf365fa44d97a4e","Sunny Day","Jay Chou","","250.0","","0","7fc766bf6b5d6776941c","Sunny Day (Live)","Jay Chou","","250.0","live","0","below_threshold","uncertain"
"v1","32","32:616:NetEase","NetEase","apple_music_catalog","1721464906","","Sunny Day","Jay Chou","Yeh, Hwei-Mei","270.0","","77e836f572779b29bd94","晴天(钢琴曲)(原唱：周杰伦)","酷客音乐","","250.0","","0","b3020fb347f470e9807f","晴天(Sunny Day)","相见欢","","243.333","","0","below_threshold","uncertain"
"v1","32","32:616:QQ","QQ","apple_music_catalog","1721464906","","Sunny Day","Jay Chou","Yeh, Hwei-Mei","270.0","","","","","","","","","","","","","","","","no_candidates","uncertain"
"v1","32","32:617:Kugou","Kugou","apple_music_catalog","1440852679","","One Last Time","Ariana Grande","My Everything (Bonus Tracks Edition)","197.0","","755ad47abde3bcbfbe22","One Last Time","Ariana Grande","","197.0","","95","eebb41a2d49bb68036da","One Last Time","Ariana Grande","","196.0","","95","ambiguous_gap","uncertain"
"v1","32","32:617:QQ","QQ","apple_music_catalog","1440852679","","One Last Time","Ariana Grande","My Everything (Bonus Tracks Edition)","197.0","","","","","","","","","","","","","","","","no_candidates","uncertain"
"v1","32","32:618:Kugou","Kugou","apple_music_catalog","1868862387","","NORMAL","BTS","ARIRANG","182.0","","7f85711be28b1a52dae6","NORMAL (Explicit Ver.)","BTS (防弹少年团)","","181.0","","0","3c55ba585ad984d6c9e5","Normal (2026 BTS THE COMEBACK LIVE ARIRANG现场)","BTS (防弹少年团)","","203.0","live","0","below_threshold","uncertain"
"v1","32","32:618:LRCLIB","LRCLIB","apple_music_catalog","1868862387","","NORMAL","BTS","ARIRANG","182.0","","07796a602cc6d8423f4c","NORMAL","BTS","","201.0","","0","ee594e437eeab4a7c7e8","NORMAL (Exolicit)","BTS","","182.0","","0","below_threshold","uncertain"
"v1","32","32:618:NetEase","NetEase","apple_music_catalog","1868862387","","NORMAL","BTS","ARIRANG","182.0","","410b46183a7cfe1c5a1c","NORMAL (Clean Ver.) (By BTS (방탄소년단)) (Melody Karaoke Version)","ZZang KARAOKE","","181.5","","0","d3a4c4e27a88b269ce49","Normal","Kim heng life","","209.439","","0","below_threshold","uncertain"
"v1","32","32:618:QQ","QQ","apple_music_catalog","1868862387","","NORMAL","BTS","ARIRANG","182.0","","","","","","","","","","","","","","","","no_candidates","uncertain"
"v1","32","32:619:Kugou","Kugou","apple_music_catalog","1207120448","","Something Just Like This","The Chainsmokers & Coldplay","Memories...Do Not Open","247.0","","63cee00b5481a2f0102f","Something Just Like This","The Chainsmokers、Coldplay","","247.783","","95","d4ddd46f80ff2f9fe472","Something Just Like This","The Chainsmokers、Coldplay","","247.0","","95","ambiguous_gap","uncertain"
"v1","32","32:619:QQ","QQ","apple_music_catalog","1207120448","","Something Just Like This","The Chainsmokers & Coldplay","Memories...Do Not Open","247.0","","","","","","","","","","","","","","","","no_candidates","uncertain"
"v1","32","32:620:Kugou","Kugou","apple_music_catalog","1321295662","","The Chaos After You","Eric Chou","The Chaos After You","280.0","","a2780bbec286d9d383b5","我很快乐","Eric Chou","","30.0","","0","","","","","","","","below_threshold","uncertain"
"v1","32","32:620:NetEase","NetEase","apple_music_catalog","1321295662","","The Chaos After You","Eric Chou","The Chaos After You","280.0","","7304ce38c6c3561b0955","如果雨之后","周兴哲","","281.2","","0","9693ee81ce898a6ebde6","The Chaos After You","33.zxcv","","260.352","","0","below_threshold","uncertain"
"v1","32","32:620:QQ","QQ","apple_music_catalog","1321295662","","The Chaos After You","Eric Chou","The Chaos After You","280.0","","","","","","","","","","","","","","","","no_candidates","uncertain"
"v1","32","32:621:Kugou","Kugou","apple_music_catalog","1721456390","","Shouldn't Be (feat. a-mei)","Jay Chou","Jay Chou's Bedtime Stories","291.0","feat","7f10fd4728cc870f3fc8","甜心小怪兽","jay chou","","204.0","","0","ce19c352f622e5f10a22","粉色海洋的秘密","Jay.Chou","","259.0","","0","below_threshold","uncertain"
"v1","32","32:621:NetEase","NetEase","apple_music_catalog","1721456390","","Shouldn't Be (feat. a-mei)","Jay Chou","Jay Chou's Bedtime Stories","291.0","feat","74434dfe99227d5abebf","Shouldn't Be (feat. Alyssa Sheridan)","Girls Against Abuse / Alyssa Sheridan","","240.317","feat","0","5ad5a01731b1f428f650","Shouldn't be (feat. D-white)","Nalow P tha Streetz / D-White","","224.052","feat","0","below_threshold","uncertain"
"v1","32","32:621:QQ","QQ","apple_music_catalog","1721456390","","Shouldn't Be (feat. a-mei)","Jay Chou","Jay Chou's Bedtime Stories","291.0","feat","","","","","","","","","","","","","","","no_candidates","uncertain"
"v1","32","32:622:Kugou","Kugou","apple_music_catalog","1725878242","","we can't be friends (wait for your love)","Ariana Grande","eternal sunshine","229.0","","b1f4f479f80ea890f579","hate that i made you love me","Ariana Grande","","197.0","","0","cfbe65077e8ee83368ea","past life (Explicit)","Ariana Grande","","215.0","","0","below_threshold","uncertain"
"v1","32","32:622:QQ","QQ","apple_music_catalog","1725878242","","we can't be friends (wait for your love)","Ariana Grande","eternal sunshine","229.0","","","","","","","","","","","","","","","","no_candidates","uncertain"
"v1","32","32:623:Kugou","Kugou","apple_music_catalog","1825994651","","YUKON","Justin Bieber","SWAG","164.0","","3c7853304b93f0504275","YUKON","Justin Bieber","","163.0","","95","f8e40feebcbb3c9d360a","YUKON","Justin Bieber","","169.0","","91","ambiguous_gap","uncertain"
"v1","32","32:624:Kugou","Kugou","apple_music_catalog","1122782283","","Yellow","Coldplay","Parachutes","269.0","","cf17baff0ffb3eed5e49","Yellow","Coldplay","","269.0","","95","589178361f14badc38f3","Yellow","Coldplay","","268.0","","95","ambiguous_gap","uncertain"
"v1","32","32:625:Kugou","Kugou","apple_music_catalog","1112093259","","How Have You Been? (Ending Theme Song of TVBS Series ""Life List"")","Eric Chou","How Have You Been? (Ending Theme Song of TVBS Series ""Life List"") - Single","287.0","","a2780bbec286d9d383b5","我很快乐","Eric Chou","","30.0","","0","","","","","","","","below_threshold","uncertain"
"v1","32","32:625:NetEase","NetEase","apple_music_catalog","1112093259","","How Have You Been? (Ending Theme Song of TVBS Series ""Life List"")","Eric Chou","How Have You Been? (Ending Theme Song of TVBS Series ""Life List"") - Single","287.0","","8df279dd84311a3260bd","How Have You Been","Dream Theory","","131.25","","0","281bf73e2e89e65832d4","How Have You Been?","Tom Rosenthal","","168.388","","0","below_threshold","uncertain"
"v1","32","32:625:QQ","QQ","apple_music_catalog","1112093259","","How Have You Been? (Ending Theme Song of TVBS Series ""Life List"")","Eric Chou","How Have You Been? (Ending Theme Song of TVBS Series ""Life List"") - Single","287.0","","69063cc7d867a82ef611","你过得还好吗","赵传","","312.0","","0","6ffc5214798cdf749520","요즘 뭐 해 (最近在做什么) (How Have You Been)","WOODZ","","196.0","","0","below_threshold","uncertain"
"v1","32","32:626:Kugou","Kugou","apple_music_catalog","1874801993","","Careful with Fate (Theme Song from the TV Series ''Pursuit of Jade'')","JJ Lin","Careful with Fate (Theme Song from the TV Series ''Pursuit of Jade'') - Single","282.0","","64c0bb7220c38e30a39d","冻结","林俊杰","","289.0","","0","e811a2a6d323c4b23b5b","冻结","林俊杰","","287.0","","0","below_threshold","uncertain"
"v1","32","32:626:NetEase","NetEase","apple_music_catalog","1874801993","","Careful with Fate (Theme Song from the TV Series ''Pursuit of Jade'')","JJ Lin","Careful with Fate (Theme Song from the TV Series ''Pursuit of Jade'') - Single","282.0","","027bfb2973e3c617e6f7","Take On the World (From ""Girl Meets World""/Theme Song from the TV Series)","Rowan Blanchard / Sabrina Carpenter","","192.702","","0","07c985ef786a6e3fde92","Season 3 Theme Song","Ford Kinder / Anne Bryant","","33.957","","0","below_threshold","uncertain"
"v1","32","32:626:QQ","QQ","apple_music_catalog","1874801993","","Careful with Fate (Theme Song from the TV Series ''Pursuit of Jade'')","JJ Lin","Careful with Fate (Theme Song from the TV Series ''Pursuit of Jade'') - Single","282.0","","","","","","","","","","","","","","","","no_candidates","uncertain"
"v1","32","32:627:Kugou","Kugou","apple_music_catalog","1788007696","","If Only","JJ Lin","Brave New World","298.0","","","","","","","","","","","","","","","","no_candidates","uncertain"
"v1","32","32:627:NetEase","NetEase","apple_music_catalog","1788007696","","If Only","JJ Lin","Brave New World","298.0","","137fbb3f6ecff8b05254","可惜没如果","林俊杰","","298.293","","0","81b31c4649cb9d880dff","If Only","maruko_B","","167.16","","0","below_threshold","uncertain"
"v1","32","32:627:QQ","QQ","apple_music_catalog","1788007696","","If Only","JJ Lin","Brave New World","298.0","","","","","","","","","","","","","","","","no_candidates","uncertain"
"v1","32","32:628:Kugou","Kugou","apple_music_catalog","1574378625","","STAY","The Kid LAROI & Justin Bieber","STAY - Single","142.0","","0bee64ce3383ac6471b2","STAY-The Kid LAROI&Justin Bieber (Covered by PPQ)","PPQ","","140.0","","0","4fa145c4f797f3121594","STAY-The Kid LAROI/Justin Bieber (N-BOMB REMAKE)","N_Bomb","","150.0","","0","below_threshold","uncertain"
"v1","32","32:628:QQ","QQ","apple_music_catalog","1574378625","","STAY","The Kid LAROI & Justin Bieber","STAY - Single","142.0","","bccac753db4847c2bf3e","STAY (Explicit)","The Kid LAROI / Justin Bieber","","141.0","","0","952f2f84ae6137c696a8","STAY (2026Coachella科切拉音乐节现场)","Justin Bieber / The Kid LAROI","","136.0","live","0","below_threshold","uncertain"
"v1","32","32:629:Kugou","Kugou","apple_music_catalog","1721454553","","Silence","Jay Chou","Fantasy","334.0","","a12df28f11791b7150cd","Silence","Marshmello、Khalid","","180.0","","0","0a3fee478b118dd1e941","Silence","贺峻霖","","240.0","","0","below_threshold","uncertain"
"v1","32","32:629:NetEase","NetEase","apple_music_catalog","1721454553","","Silence","Jay Chou","Fantasy","334.0","","19989fa47d3d017fe884","安静(钢琴曲)(原唱：周杰伦)","酷客音乐","","278.242","","0","4f46badc0f2d5bd391a9","silence (安靜)","Minnz Piano","","367.232","","0","below_threshold","uncertain"
"v1","32","32:629:QQ","QQ","apple_music_catalog","1721454553","","Silence","Jay Chou","Fantasy","334.0","","c227752d62d3fc1e64c7","亲爱的，那不是爱情 (Live)","汪苏泷 / 张碧晨","","317.0","live","0","5137652386df0ecf5663","给我一首歌的时间","汪苏泷","","90.0","","0","below_threshold","uncertain"
"v1","32","32:630:Kugou","Kugou","apple_music_catalog","1721456567","","The Longest Movie","Jay Chou","Jay Chou On The Run","236.0","","3e795ed4e8437716d9d4","The Longest Movie (Arr. Chenglin Lu)","Jay Chou","","177.0","","0","7f10fd4728cc870f3fc8","甜心小怪兽","jay chou","","204.0","","0","below_threshold","uncertain"
"v1","32","32:630:LRCLIB","LRCLIB","apple_music_catalog","1721456567","","The Longest Movie","Jay Chou","Jay Chou On The Run","236.0","","d1349d96c7238e7b821a","最長的電影 - The Longest Movie","Jay Chou","","237.0","","0","4dfe89f126b6f7d93416","最長的電影 [The Longest Movie]","周杰倫 (Jay Chou)","","236.0","","0","below_threshold","uncertain"
"v1","32","32:630:NetEase","NetEase","apple_music_catalog","1721456567","","The Longest Movie","Jay Chou","Jay Chou On The Run","236.0","","e0c8ac364e7cb052a539","The longest movie","丸子不许贪玩","","34.979","","0","12f1addaeb084e9fc042","The longest movie","久久九","","235.206","","0","below_threshold","uncertain"
"v1","32","32:630:QQ","QQ","apple_music_catalog","1721456567","","The Longest Movie","Jay Chou","Jay Chou On The Run","236.0","","","","","","","","","","","","","","","","no_candidates","uncertain"
"v1","32","32:631:Kugou","Kugou","apple_music_catalog","1497822969","","離開我的依賴","Evangeline","離開我的依賴 - Single","234.0","","ef5625433d360db342ce","离开我的依赖","王艳薇","","233.0","","0","5c53fa354b2537b266d0","离开我的依赖 (​DJ IónaLee版)","王艳薇","","185.0","","0","below_threshold","uncertain"
"v1","32","32:631:NetEase","NetEase","apple_music_catalog","1497822969","","離開我的依賴","Evangeline","離開我的依賴 - Single","234.0","","980c9cd3ca090d8fa4b6","离开我的依赖","王艳薇","","233.882","","0","0916a90d94ed51476369","离开我的依赖（0.95x)","王艳薇","","246.201","","0","below_threshold","uncertain"
"v1","32","32:631:QQ","QQ","apple_music_catalog","1497822969","","離開我的依賴","Evangeline","離開我的依賴 - Single","234.0","","","","","","","","","","","","","","","","no_candidates","uncertain"
"v1","32","32:632:Kugou","Kugou","apple_music_catalog","635016640","","Sweater Weather","The Neighbourhood","I Love You.","240.0","","65baf13ebf264356ec93","Sweater Weather","The Neighbourhood","","240.544","","95","52c4180c44b3d8960684","Sweater Weather","The Neighbourhood","","240.431","","95","ambiguous_gap","uncertain"
"v1","32","32:632:LRCLIB","LRCLIB","apple_music_catalog","635016640","","Sweater Weather","The Neighbourhood","I Love You.","240.0","","0288393f95d98ed42a61","Sweater Weather","The Neighbourhood","","138.0","","0","","","","","","","","below_threshold","uncertain"
"v1","32","32:632:QQ","QQ","apple_music_catalog","635016640","","Sweater Weather","The Neighbourhood","I Love You.","240.0","","","","","","","","","","","","","","","","no_candidates","uncertain"
"v1","32","32:633:Kugou","Kugou","apple_music_catalog","1468058173","","Lover","Taylor Swift","Lover","221.0","","e1f12d34efc93efacabf","Lover","Taylor Swift","","221.0","","95","3fff621e4e672fcb55ee","Lover","Taylor Swift","","220.0","","95","ambiguous_gap","uncertain"
"v1","32","32:633:QQ","QQ","apple_music_catalog","1468058173","","Lover","Taylor Swift","Lover","221.0","","","","","","","","","","","","","","","","no_candidates","uncertain"
"v1","32","32:634:Kugou","Kugou","apple_music_catalog","1440862803","","Counting Stars","OneRepublic","Native","257.0","","ffb2958d1afdc540936e","Counting Stars","OneRepublic","","257.0","","95","d7c3aaec8263aa1938de","Counting Stars","OneRepublic","","256.0","","95","ambiguous_gap","uncertain"
"v1","32","32:634:QQ","QQ","apple_music_catalog","1440862803","","Counting Stars","OneRepublic","Native","257.0","","","","","","","","","","","","","","","","no_candidates","uncertain"
"v1","32","32:635:Kugou","Kugou","apple_music_catalog","1850019038","","About You","The 1975","Being Funny In A Foreign Language","326.0","","6e556db15b1663190606","About You The 1975","Peaceful melodies","","319.0","","0","","","","","","","","below_threshold","uncertain"
"v1","32","32:635:NetEase","NetEase","apple_music_catalog","1850019038","","About You","The 1975","Being Funny In A Foreign Language","326.0","","d4ea5e69ab8bfe88ffbe","About You","The 1975","","326.49","","95","96b39393e96c455be612","About You (Live from Madison Square Garden, New York, 07.11.22)","The 1975","","327.856","live","95","ambiguous_gap","uncertain"
"v1","32","32:635:QQ","QQ","apple_music_catalog","1850019038","","About You","The 1975","Being Funny In A Foreign Language","326.0","","","","","","","","","","","","","","","","no_candidates","uncertain"
"v1","32","32:636:Kugou","Kugou","apple_music_catalog","1721458367","","Rhythm of the Rain","Jay Chou","Aiyo, Not Bad","279.0","","0d51755e28c7f5688d29","Rhythm of the Rain","The Cascades","","149.0","","0","a2ddc40fa7f57ce97080","Rhythm of the Rain","The Cascades","","152.0","","0","below_threshold","uncertain"
"v1","32","32:636:NetEase","NetEase","apple_music_catalog","1721458367","","Rhythm of the Rain","Jay Chou","Aiyo, Not Bad","279.0","","bcd094104e07a881255f","Rhythm Of The Rain","The Cascades","","153.493","","0","a8e66512c0a60d9d8a19","Rhythm of the Rain","Jason Donovan","","190.306","","0","below_threshold","uncertain"
"v1","32","32:636:QQ","QQ","apple_music_catalog","1721458367","","Rhythm of the Rain","Jay Chou","Aiyo, Not Bad","279.0","","","","","","","","","","","","","","","","no_candidates","uncertain"
"v1","32","32:637:Kugou","Kugou","apple_music_catalog","1538003843","","Levitating","Dua Lipa","Future Nostalgia","204.0","","43b6ee00d9b7f0a89283","Levitating","Dua Lipa","","203.859","","95","872b5b8a480449f3836e","Levitating","Dua Lipa","","203.0","","95","ambiguous_gap","uncertain"
"v1","32","32:637:QQ","QQ","apple_music_catalog","1538003843","","Levitating","Dua Lipa","Future Nostalgia","204.0","","","","","","","","","","","","","","","","no_candidates","uncertain"
"v1","32","32:638:Kugou","Kugou","apple_music_catalog","6784585105","","Teh Hijau","Tulus","Teh Hijau - Single","213.0","","","","","","","","","","","","","","","","no_candidates","uncertain"
"v1","32","32:638:LRCLIB","LRCLIB","apple_music_catalog","6784585105","","Teh Hijau","Tulus","Teh Hijau - Single","213.0","","af2a04d5e4e7ba82c12a","Teh Hijau","Tulus","","228.0","","0","","","","","","","","below_threshold","uncertain"
"v1","32","32:638:QQ","QQ","apple_music_catalog","6784585105","","Teh Hijau","Tulus","Teh Hijau - Single","213.0","","","","","","","","","","","","","","","","no_candidates","uncertain"
"v1","32","32:639:Kugou","Kugou","apple_music_catalog","6781391180","","MMG (My Mine Gueh)","Naykilla","MMG (My Mine Gueh) - Single","193.0","","374ea82344e318fd83ac","MMG","Naykilla","","193.0","","0","fee9a12a25bb0fda0948","SO ASU (Explicit)","Naykilla","","156.0","","0","below_threshold","uncertain"
"v1","32","32:639:LRCLIB","LRCLIB","apple_music_catalog","6781391180","","MMG (My Mine Gueh)","Naykilla","MMG (My Mine Gueh) - Single","193.0","","64a172bbe6bb49b65b97","MMG (My Mine Gueh)","Naykilla","","220.0","","0","","","","","","","","below_threshold","uncertain"
"v1","32","32:639:QQ","QQ","apple_music_catalog","6781391180","","MMG (My Mine Gueh)","Naykilla","MMG (My Mine Gueh) - Single","193.0","","","","","","","","","","","","","","","","no_candidates","uncertain"
"v1","32","32:640:Kugou","Kugou","apple_music_catalog","1875871278","","Iqro'","Raim Laode","Iqro' - Single","234.0","","","","","","","","","","","","","","","","no_candidates","uncertain"
"v1","32","32:640:NetEase","NetEase","apple_music_catalog","1875871278","","Iqro'","Raim Laode","Iqro' - Single","234.0","","936478aab19bc6ab3aed","Iqro'","Raim Laode","","234.229","","95","287a70d048f37a105870","Iqro' (folk Version)","Raim Laode","","234.461","","95","ambiguous_gap","uncertain"
"v1","32","32:640:QQ","QQ","apple_music_catalog","1875871278","","Iqro'","Raim Laode","Iqro' - Single","234.0","","","","","","","","","","","","","","","","no_candidates","uncertain"
"v1","32","32:641:Kugou","Kugou","apple_music_catalog","1737267776","","Ada titik-titik di ujung doa","Sal Priadi","MARKERS AND SUCH PENS FLASHDISKS","305.0","","","","","","","","","","","","","","","","no_candidates","uncertain"
"v1","32","32:641:QQ","QQ","apple_music_catalog","1737267776","","Ada titik-titik di ujung doa","Sal Priadi","MARKERS AND SUCH PENS FLASHDISKS","305.0","","","","","","","","","","","","","","","","no_candidates","uncertain"
"v1","32","32:642:Kugou","Kugou","apple_music_catalog","1844582644","","Bahagia Lagi","Piche Kota","Bahagia Lagi - Single","227.0","","fc758569fa147c8ba851","BAHAGIA LAGI - PICHE KOTA","Wilmar Marvin Gonzalez Gonzalez","","80.0","","0","","","","","","","","below_threshold","uncertain"
"v1","32","32:642:LRCLIB","LRCLIB","apple_music_catalog","1844582644","","Bahagia Lagi","Piche Kota","Bahagia Lagi - Single","227.0","","9e45a06247c455157b5a","Bahagia Lagi","Piche Kota","","243.0","","0","","","","","","","","below_threshold","uncertain"
"v1","32","32:642:QQ","QQ","apple_music_catalog","1844582644","","Bahagia Lagi","Piche Kota","Bahagia Lagi - Single","227.0","","","","","","","","","","","","","","","","no_candidates","uncertain"
"v1","32","32:643:Kugou","Kugou","apple_music_catalog","1790613396","","bergema sampai selamanya","Nadhif Basalamah","bergema sampai selamanya - Single","199.0","","","","","","","","","","","","","","","","no_candidates","uncertain"
"v1","32","32:643:LRCLIB","LRCLIB","apple_music_catalog","1790613396","","bergema sampai selamanya","Nadhif Basalamah","bergema sampai selamanya - Single","199.0","","01e8896bed2ac136929a","Bergema Sampai Selamanya","Nadhif Basalamah","","256.0","","0","","","","","","","","below_threshold","uncertain"
"v1","32","32:643:QQ","QQ","apple_music_catalog","1790613396","","bergema sampai selamanya","Nadhif Basalamah","bergema sampai selamanya - Single","199.0","","","","","","","","","","","","","","","","no_candidates","uncertain"
"v1","32","32:644:Kugou","Kugou","apple_music_catalog","1857742762","","Jangan Paksa Rindu (Beda)","Ifan Seventeen","Jangan Paksa Rindu (Beda) - Single","245.0","","","","","","","","","","","","","","","","no_candidates","uncertain"
"v1","32","32:644:QQ","QQ","apple_music_catalog","1857742762","","Jangan Paksa Rindu (Beda)","Ifan Seventeen","Jangan Paksa Rindu (Beda) - Single","245.0","","","","","","","","","","","","","","","","no_candidates","uncertain"
"v1","32","32:645:Kugou","Kugou","apple_music_catalog","1756631382","","Kita Lewati Berdua","Overnight","Kita Lewati Berdua - Single","240.0","","","","","","","","","","","","","","","","no_candidates","uncertain"
"v1","32","32:645:QQ","QQ","apple_music_catalog","1756631382","","Kita Lewati Berdua","Overnight","Kita Lewati Berdua - Single","240.0","","","","","","","","","","","","","","","","no_candidates","uncertain"
"v1","32","32:646:Kugou","Kugou","apple_music_catalog","573962555","","When I Was Your Man","Bruno Mars","Unorthodox Jukebox","214.0","","8d6508bcdaa6156c7e79","When I Was Your Man","Bruno Mars","","213.864","","95","df382263e08a2163131a","When I Was Your Man","Bruno Mars","","213.0","","95","ambiguous_gap","uncertain"
"v1","32","32:646:QQ","QQ","apple_music_catalog","573962555","","When I Was Your Man","Bruno Mars","Unorthodox Jukebox","214.0","","","","","","","","","","","","","","","","no_candidates","uncertain"
"v1","32","32:647:QQ","QQ","apple_music_catalog","1545051686","","drivers license","Olivia Rodrigo","drivers license - Single","242.0","","","","","","","","","","","","","","","","no_candidates","uncertain"
"v1","32","32:648:Kugou","Kugou","apple_music_catalog","1537477069","","positions","Ariana Grande","Positions","172.0","","568e1b0ed5dc87e2db4e","positions (Explicit)","Ariana Grande","","172.0","","0","fc96474251c5142bde03","positions (live from Vevo|Explicit)","Ariana Grande","","261.0","live","0","below_threshold","uncertain"
"v1","32","32:648:QQ","QQ","apple_music_catalog","1537477069","","positions","Ariana Grande","Positions","172.0","","","","","","","","","","","","","","","","no_candidates","uncertain"
"v1","32","32:649:QQ","QQ","apple_music_catalog","1496639586","","Intentions (feat. Quavo)","Justin Bieber","Changes","213.0","feat","","","","","","","","","","","","","","","no_candidates","uncertain"
"v1","32","32:650:Kugou","Kugou","apple_music_catalog","1620154633","","Mangu (feat. Charita Utami)","Fourtwnty","Mangu (feat. Charita Utami) - Single","262.0","feat","ec886cdb2cd6df5b0fcf","Mangu","Fourtwnty、Charita Utami","","262.0","","80","e564cfc13ba72a67b8c9","Mangu","Fourtwnty、Charita Utami","","261.0","","80","ambiguous_gap","uncertain"
"v1","32","32:650:NetEase","NetEase","apple_music_catalog","1620154633","","Mangu (feat. Charita Utami)","Fourtwnty","Mangu (feat. Charita Utami) - Single","262.0","feat","87f42b0efd1b7c8f2c92","Donkey New King (Original Motion Picture Soundtrack)","Mangu","","162.454","ost","0","bff05684b0e0576dea57","Il gioco dell'estate","Mangu","","223.213","","0","below_threshold","uncertain"
"v1","32","32:650:QQ","QQ","apple_music_catalog","1620154633","","Mangu (feat. Charita Utami)","Fourtwnty","Mangu (feat. Charita Utami) - Single","262.0","feat","","","","","","","","","","","","","","","no_candidates","uncertain"
"v1","32","32:651:Kugou","Kugou","apple_music_catalog","573962551","","Locked Out of Heaven","Bruno Mars","Unorthodox Jukebox","233.0","","240bc1c477976845c1a8","Locked Out Of Heaven","Bruno Mars","","233.0","","95","d5f43cac5afb6332ce7e","Locked Out Of Heaven (Single Version)","Bruno Mars","","233.0","","95","ambiguous_gap","uncertain"
"v1","32","32:651:QQ","QQ","apple_music_catalog","573962551","","Locked Out of Heaven","Bruno Mars","Unorthodox Jukebox","233.0","","","","","","","","","","","","","","","","no_candidates","uncertain"
"v1","32","32:652:Kugou","Kugou","apple_music_catalog","1852008318","","Masa ini, Nanti, dan Masa Indah Lainnya","Nuca","EUNOIA","276.0","","","","","","","","","","","","","","","","no_candidates","uncertain"
"v1","32","32:652:QQ","QQ","apple_music_catalog","1852008318","","Masa ini, Nanti, dan Masa Indah Lainnya","Nuca","EUNOIA","276.0","","","","","","","","","","","","","","","","no_candidates","uncertain"
"v1","32","32:653:Kugou","Kugou","apple_music_catalog","303171282","","Shape of My Heart","Backstreet Boys","Black & Blue","230.0","","7a7256337bb33aaf9284","Shape of My Heart","Backstreet Boys","","230.0","","95","4476efc7152aceed2438","Shape of My Heart","Backstreet Boys","","232.0","","95","ambiguous_gap","uncertain"
"v1","32","32:653:NetEase","NetEase","apple_music_catalog","303171282","","Shape of My Heart","Backstreet Boys","Black & Blue","230.0","","4bb2e88ab63c79733f21","Shape Of My Heart","Backstreet Boys","","229.807","","95","a2fd31cd7884d4845184","Shape of My Heart","Backstreet Boys","","230.56","","95","ambiguous_gap","uncertain"
"v1","32","32:653:QQ","QQ","apple_music_catalog","303171282","","Shape of My Heart","Backstreet Boys","Black & Blue","230.0","","","","","","","","","","","","","","","","no_candidates","uncertain"
"v1","32","32:654:Kugou","Kugou","apple_music_catalog","6779549306","","Gila Bayang","Ammar Haikal","Gila Bayang - Single","198.0","","","","","","","","","","","","","","","","no_candidates","uncertain"
"v1","32","32:654:QQ","QQ","apple_music_catalog","6779549306","","Gila Bayang","Ammar Haikal","Gila Bayang - Single","198.0","","","","","","","","","","","","","","","","no_candidates","uncertain"
"v1","32","32:655:Kugou","Kugou","apple_music_catalog","1788364364","","Ingat","ALYPH","The Storm","215.0","","","","","","","","","","","","","","","","no_candidates","uncertain"
"v1","32","32:655:QQ","QQ","apple_music_catalog","1788364364","","Ingat","ALYPH","The Storm","215.0","","","","","","","","","","","","","","","","no_candidates","uncertain"
"v1","32","32:656:LRCLIB","LRCLIB","apple_music_catalog","1844464069","","bittersweet","Madison Beer","bittersweet - Single","203.0","","6783b4f0400c6df5ccbf","Bittersweet","Madison Beer","","225.0","","0","","","","","","","","below_threshold","uncertain"
"v1","32","32:656:QQ","QQ","apple_music_catalog","1844464069","","bittersweet","Madison Beer","bittersweet - Single","203.0","","","","","","","","","","","","","","","","no_candidates","uncertain"
"v1","32","32:657:Kugou","Kugou","apple_music_catalog","1560735548","","deja vu","Olivia Rodrigo","SOUR","216.0","","edea4839e812e590d938","deja vu olivia rodrigo (Slowed + Reverb)","Tidiet、Jutidy","","234.0","","0","","","","","","","","below_threshold","uncertain"
"v1","32","32:657:QQ","QQ","apple_music_catalog","1560735548","","deja vu","Olivia Rodrigo","SOUR","216.0","","","","","","","","","","","","","","","","no_candidates","uncertain"
"v1","32","32:658:QQ","QQ","apple_music_catalog","1839352411","","Who Knows","Daniel Caesar","Son Of Spergy","226.0","","","","","","","","","","","","","","","","no_candidates","uncertain"
"v1","32","32:659:Kugou","Kugou","apple_music_catalog","1832516372","","kota ini tak sama tanpamu (with Aziz Harun & Aisha Retno)","Nadhif Basalamah, Aziz Harun & Aisha Retno","kota ini tak sama tanpamu (with Aziz Harun & Aisha Retno) - Single","270.0","","","","","","","","","","","","","","","","no_candidates","uncertain"
"v1","32","32:659:LRCMux","LRCMux","apple_music_catalog","1832516372","","kota ini tak sama tanpamu (with Aziz Harun & Aisha Retno)","Nadhif Basalamah, Aziz Harun & Aisha Retno","kota ini tak sama tanpamu (with Aziz Harun & Aisha Retno) - Single","270.0","","3ea32999045896847e4f","kota ini tak sama tanpamu (with Aziz Harun & Aisha Retno)","Nadhif Basalamah","","269.0","","0","","","","","","","","below_threshold","uncertain"
"v1","32","32:659:QQ","QQ","apple_music_catalog","1832516372","","kota ini tak sama tanpamu (with Aziz Harun & Aisha Retno)","Nadhif Basalamah, Aziz Harun & Aisha Retno","kota ini tak sama tanpamu (with Aziz Harun & Aisha Retno) - Single","270.0","","","","","","","","","","","","","","","","no_candidates","uncertain"
"v1","32","32:660:Kugou","Kugou","apple_music_catalog","1877082550","","Sayang Orang Sama","Adira Suhaimi","Sayang Orang Sama - Single","202.0","","","","","","","","","","","","","","","","no_candidates","uncertain"
"v1","32","32:660:NetEase","NetEase","apple_music_catalog","1877082550","","Sayang Orang Sama","Adira Suhaimi","Sayang Orang Sama - Single","202.0","","581c9fdb909e9d5a82ac","Sayang Orang Sama (Pakyuss'X Electro Bounce Bootleg)","Pakyuss'X","","353.142","","0","","","","","","","","below_threshold","uncertain"
"v1","32","32:660:QQ","QQ","apple_music_catalog","1877082550","","Sayang Orang Sama","Adira Suhaimi","Sayang Orang Sama - Single","202.0","","","","","","","","","","","","","","","","no_candidates","uncertain"
"v1","32","32:661:Kugou","Kugou","apple_music_catalog","1881750229","","rollerblade","no na","rollerblade - Single","114.0","","107b47840a095ed77bc7","rollerblade (Explicit)","no na","","114.0","","0","","","","","","","","below_threshold","uncertain"
"v1","32","32:661:LRCLIB","LRCLIB","apple_music_catalog","1881750229","","rollerblade","no na","rollerblade - Single","114.0","","3d49cea78241f5450d1f","rollerblade","no na","","2.0","","0","0c3c2c7307272f779524","rollerblade remix (Jebung)","no na, jebung","","118.0","remix","0","below_threshold","uncertain"
"v1","32","32:661:QQ","QQ","apple_music_catalog","1881750229","","rollerblade","no na","rollerblade - Single","114.0","","","","","","","","","","","","","","","","no_candidates","uncertain"
"v1","32","32:662:Kugou","Kugou","apple_music_catalog","1737267355","","Foto kita blur","Sal Priadi","MARKERS AND SUCH PENS FLASHDISKS","271.0","","","","","","","","","","","","","","","","no_candidates","uncertain"
"v1","32","32:662:QQ","QQ","apple_music_catalog","1737267355","","Foto kita blur","Sal Priadi","MARKERS AND SUCH PENS FLASHDISKS","271.0","","","","","","","","","","","","","","","","no_candidates","uncertain"
"v1","32","32:663:QQ","QQ","apple_music_catalog","1768635695","","Dancing In The Flames","The Weeknd","Dancing In The Flames - EP","220.0","","","","","","","","","","","","","","","","no_candidates","uncertain"
"v1","32","32:664:Kugou","Kugou","apple_music_catalog","1440892713","","Treat You Better","Shawn Mendes","Illuminate (Deluxe)","188.0","deluxe","b71ccee66048142ecc66","Treat You Better","Shawn Mendes","","187.0","","95","2aca7a56b700091960ad","Treat You Better","Shawn Mendes","","188.0","","95","ambiguous_gap","uncertain"
"v1","32","32:664:QQ","QQ","apple_music_catalog","1440892713","","Treat You Better","Shawn Mendes","Illuminate (Deluxe)","188.0","deluxe","","","","","","","","","","","","","","","no_candidates","uncertain"
"v1","32","32:665:Kugou","Kugou","apple_music_catalog","1441941205","","Pulang","Insomniacks","Pulang - Single","287.0","","","","","","","","","","","","","","","","no_candidates","uncertain"
"v1","32","32:665:LRCLIB","LRCLIB","apple_music_catalog","1441941205","","Pulang","Insomniacks","Pulang - Single","287.0","","35eb660a89b28716b886","Pulang","Insomniacks","","303.0","","0","6c40738c2260d6897807","Pulang (Piano Version)","Insomniacks","","309.0","","0","below_threshold","uncertain"
"v1","32","32:665:QQ","QQ","apple_music_catalog","1441941205","","Pulang","Insomniacks","Pulang - Single","287.0","","","","","","","","","","","","","","","","no_candidates","uncertain"
"v1","32","32:666:Kugou","Kugou","apple_music_catalog","576670464","","Talking to the Moon","Bruno Mars","Doo-Wops & Hooligans (Deluxe)","218.0","deluxe","21be915ca3f59842c85d","Talking to the Moon","Bruno Mars","","217.0","","95","0f7ac29df2da8e5b9efd","Talking to the Moon","Bruno Mars","","218.0","","95","ambiguous_gap","uncertain"
"v1","32","32:666:QQ","QQ","apple_music_catalog","576670464","","Talking to the Moon","Bruno Mars","Doo-Wops & Hooligans (Deluxe)","218.0","deluxe","","","","","","","","","","","","","","","no_candidates","uncertain"
"v1","32","32:667:Kugou","Kugou","apple_music_catalog","1820142190","","kota ini tak sama tanpamu","Nadhif Basalamah","Nadhif (laman berikutnya)","280.0","","","","","","","","","","","","","","","","no_candidates","uncertain"
"v1","32","32:667:LRCLIB","LRCLIB","apple_music_catalog","1820142190","","kota ini tak sama tanpamu","Nadhif Basalamah","Nadhif (laman berikutnya)","280.0","","a6b608ece9555fb03839","kota ini tak sama tanpamu","Nadhif Basalamah","","255.0","","0","","","","","","","","below_threshold","uncertain"
"v1","32","32:667:NetEase","NetEase","apple_music_catalog","1820142190","","kota ini tak sama tanpamu","Nadhif Basalamah","Nadhif (laman berikutnya)","280.0","","8e6c192294392e29a133","kota ini tak sama tanpamu","Nadhif Basalamah","","279.649","","95","6323ea6dd0b4b9f2fc14","kota ini tak sama tanpamu","Nadhif Basalamаh","","279.671","","93","ambiguous_gap","uncertain"
"v1","32","32:667:QQ","QQ","apple_music_catalog","1820142190","","kota ini tak sama tanpamu","Nadhif Basalamah","Nadhif (laman berikutnya)","280.0","","","","","","","","","","","","","","","","no_candidates","uncertain"
"v1","32","32:668:Kugou","Kugou","apple_music_catalog","1693108606","","penjaga hati","Nadhif Basalamah","penjaga hati - Single","260.0","","","","","","","","","","","","","","","","no_candidates","uncertain"
"v1","32","32:668:LRCLIB","LRCLIB","apple_music_catalog","1693108606","","penjaga hati","Nadhif Basalamah","penjaga hati - Single","260.0","","3de40f44dfaefac91a17","penjaga hati","Nadhif Basalamah","","5.0","","0","","","","","","","","below_threshold","uncertain"
"v1","32","32:668:NetEase","NetEase","apple_music_catalog","1693108606","","penjaga hati","Nadhif Basalamah","penjaga hati - Single","260.0","","3092c78ad2964d3b7938","penjaga hati","Nadhif Basalamah","","260.346","","95","3b457141ce20fdcbc3c1","penjaga hati","Nadhif Basalamah","","260.524","","95","ambiguous_gap","uncertain"
"v1","32","32:668:QQ","QQ","apple_music_catalog","1693108606","","penjaga hati","Nadhif Basalamah","penjaga hati - Single","260.0","","","","","","","","","","","","","","","","no_candidates","uncertain"
"v1","32","32:669:Kugou","Kugou","apple_music_catalog","1884895750","","Berapa Kali Kita Akan Saling Memaafkan","Pamungkas","Berapa Kali Kita Akan Saling Memaafkan - Single","284.0","","","","","","","","","","","","","","","","no_candidates","uncertain"
"v1","32","32:669:QQ","QQ","apple_music_catalog","1884895750","","Berapa Kali Kita Akan Saling Memaafkan","Pamungkas","Berapa Kali Kita Akan Saling Memaafkan - Single","284.0","","","","","","","","","","","","","","","","no_candidates","uncertain"
"v1","32","32:670:QQ","QQ","apple_music_catalog","1537476593","","34+35","Ariana Grande","Positions","174.0","","","","","","","","","","","","","","","","no_candidates","uncertain"
"v1","32","32:671:Kugou","Kugou","apple_music_catalog","1564531202","","Happier Than Ever","Billie Eilish","Happier Than Ever","299.0","","9000d4ccac87f93675ea","happier than ever (slowed + reverb)","z e r o t o n i n、Emilie Charlotte、Finneas、Billie Eilish O'Connell","","185.0","","0","","","","","","","","below_threshold","uncertain"
"v1","32","32:671:QQ","QQ","apple_music_catalog","1564531202","","Happier Than Ever","Billie Eilish","Happier Than Ever","299.0","","","","","","","","","","","","","","","","no_candidates","uncertain"
"v1","32","32:672:Kugou","Kugou","apple_music_catalog","1474647486","","boyfriend","Ariana Grande & Social House","boyfriend - Single","186.0","","","","","","","","","","","","","","","","no_candidates","uncertain"
"v1","32","32:672:LRCLIB","LRCLIB","apple_music_catalog","1474647486","","boyfriend","Ariana Grande & Social House","boyfriend - Single","186.0","","6ffc1c0c33d67e84584a","boyfriend","Ariana Grande,Social House","","186.0","","95","f581b118f62027b4336a","boyfriend","ariana grande  social house","","187.0","","95","ambiguous_gap","uncertain"
"v1","32","32:672:NetEase","NetEase","apple_music_catalog","1474647486","","boyfriend","Ariana Grande & Social House","boyfriend - Single","186.0","","546c3e308c0d7cb3034a","boyfriend","Ariana Grande / Social House","","186.363","","95","94da4223ac3b49fc9218","boyfriend","Ariana Grande / Social House","","186.613","","95","ambiguous_gap","uncertain"
"v1","32","32:672:QQ","QQ","apple_music_catalog","1474647486","","boyfriend","Ariana Grande & Social House","boyfriend - Single","186.0","","","","","","","","","","","","","","","","no_candidates","uncertain"
"v1","32","32:673:Kugou","Kugou","apple_music_catalog","6762495387","","Dunia Yang Nanti","Raim Laode","iqro'","202.0","","","","","","","","","","","","","","","","no_candidates","uncertain"
"v1","32","32:673:QQ","QQ","apple_music_catalog","6762495387","","Dunia Yang Nanti","Raim Laode","iqro'","202.0","","","","","","","","","","","","","","","","no_candidates","uncertain"
"v1","32","32:674:Kugou","Kugou","apple_music_catalog","1440920614","","Enchanted","Taylor Swift","Speak Now","352.0","","133bacb0f962e0b298ce","Enchanted","Taylor Swift","","353.0","","95","7d8aafcf6595f965b21f","Enchanted","Taylor Swift","","352.0","","95","ambiguous_gap","uncertain"
"v1","32","32:674:NetEase","NetEase","apple_music_catalog","1440920614","","Enchanted","Taylor Swift","Speak Now","352.0","","17fac002bddced0ab55c","Enchanted","Taylor Swift","","352.2","","95","9c0b6f250bcb48cfe726","Enchanted (Taylor's Version)","Taylor Swift","","353.253","","95","ambiguous_gap","uncertain"
"v1","32","32:674:QQ","QQ","apple_music_catalog","1440920614","","Enchanted","Taylor Swift","Speak Now","352.0","","","","","","","","","","","","","","","","no_candidates","uncertain"
"v1","32","32:675:Kugou","Kugou","apple_music_catalog","1546390051","","Good Days","SZA","Good Days - Single","279.0","","ff0da41436eff30b8ac7","Good Days","SZA","","278.0","","95","236be874cd0dfe5514b2","Good Days","SZA","","278.517","","95","ambiguous_gap","uncertain"
"v1","32","32:675:QQ","QQ","apple_music_catalog","1546390051","","Good Days","SZA","Good Days - Single","279.0","","","","","","","","","","","","","","","","no_candidates","uncertain"
"v1","32","32:676:QQ","QQ","apple_music_catalog","1657869532","","Nobody Gets Me","SZA","SOS","181.0","","","","","","","","","","","","","","","","no_candidates","uncertain"
"v1","32","32:677:Kugou","Kugou","apple_music_catalog","1499378615","","After Hours","The Weeknd","After Hours","361.0","","82729c2b6baf36bdd6a1","After Hours the Weeknd","Wine Bar Akademie","","252.0","","0","8436fa2c3b8046653495","After Hours - The Weeknd (ZEUS remix)","ZEUS","","281.0","remix","0","below_threshold","uncertain"
"v1","32","32:677:QQ","QQ","apple_music_catalog","1499378615","","After Hours","The Weeknd","After Hours","361.0","","","","","","","","","","","","","","","","no_candidates","uncertain"
"v1","32","32:678:Kugou","Kugou","apple_music_catalog","1784652744","","Garam & Madu (Sakit Dadaku)","Tenxi, Jemsii & Naykilla","Garam & Madu (Sakit Dadaku) - Single","184.0","","","","","","","","","","","","","","","","no_candidates","uncertain"
"v1","32","32:678:LRCMux","LRCMux","apple_music_catalog","1784652744","","Garam & Madu (Sakit Dadaku)","Tenxi, Jemsii & Naykilla","Garam & Madu (Sakit Dadaku) - Single","184.0","","ad36a80679ac95aafad2","Garam & Madu (Sakit Dadaku)","TENXI","","184.0","","0","","","","","","","","below_threshold","uncertain"
"v1","32","32:678:QQ","QQ","apple_music_catalog","1784652744","","Garam & Madu (Sakit Dadaku)","Tenxi, Jemsii & Naykilla","Garam & Madu (Sakit Dadaku) - Single","184.0","","","","","","","","","","","","","","","","no_candidates","uncertain"
"v1","32","32:679:Kugou","Kugou","apple_music_catalog","1575730129","","Pesan Terakhir","Lyodra","Lyodra","261.0","","","","","","","","","","","","","","","","no_candidates","uncertain"
"v1","32","32:679:LRCLIB","LRCLIB","apple_music_catalog","1575730129","","Pesan Terakhir","Lyodra","Lyodra","261.0","","9236acbc00588e2ef664","Pesan Terakhir","Lyodra","","4.0","","0","","","","","","","","below_threshold","uncertain"
"v1","32","32:679:QQ","QQ","apple_music_catalog","1575730129","","Pesan Terakhir","Lyodra","Lyodra","261.0","","","","","","","","","","","","","","","","no_candidates","uncertain"
"v1","32","32:680:Kugou","Kugou","apple_music_catalog","1749128335","","jatuh cinta lagi","Nadhif Basalamah","Nadhif","249.0","","","","","","","","","","","","","","","","no_candidates","uncertain"
"v1","32","32:680:QQ","QQ","apple_music_catalog","1749128335","","jatuh cinta lagi","Nadhif Basalamah","Nadhif","249.0","","","","","","","","","","","","","","","","no_candidates","uncertain"
"v1","32","32:681:Kugou","Kugou","apple_music_catalog","1544330887","","Zikir Tidurkan Bayi  Zikir Tenangkan Bayi","CahayaKeikhlasan","Zikir Tidurkan Bayi  Zikir Tenangkan Bayi","3643.0","","","","","","","","","","","","","","","","no_candidates","uncertain"
"v1","32","32:681:NetEase","NetEase","apple_music_catalog","1544330887","","Zikir Tidurkan Bayi  Zikir Tenangkan Bayi","CahayaKeikhlasan","Zikir Tidurkan Bayi  Zikir Tenangkan Bayi","3643.0","","d157f8cbcdbde89e8a2b","Zikir Tidurkan Bayi","HUD","","477.027","","0","3b89691d392085f4b3b0","Zikir Tidurkan Bayi Waktu Malam","Hud","","588.0","","0","below_threshold","uncertain"
"v1","32","32:681:QQ","QQ","apple_music_catalog","1544330887","","Zikir Tidurkan Bayi  Zikir Tenangkan Bayi","CahayaKeikhlasan","Zikir Tidurkan Bayi  Zikir Tenangkan Bayi","3643.0","","","","","","","","","","","","","","","","no_candidates","uncertain"
"v1","32","32:682:Kugou","Kugou","apple_music_catalog","6764229100","","เมื่อไหร่จะมี (มีใจให้กัน)","BLVCKHEART","เมื่อไหร่จะมี (มีใจให้กัน) - Single","215.0","","d875868138e7632301c8","เมื่อไหร่จะมี","BLVCKHEART","","199.0","","0","cb4bdf53fda4646fb126","อยากจะกอดเธอนาน ๆ","BLVCKHEART","","219.0","","0","below_threshold","uncertain"
"v1","32","32:682:LRCLIB","LRCLIB","apple_music_catalog","6764229100","","เมื่อไหร่จะมี (มีใจให้กัน)","BLVCKHEART","เมื่อไหร่จะมี (มีใจให้กัน) - Single","215.0","","919b36756a8c9ba1c7ae","เมื่อไหร่จะมี (มีใจให้กัน)","BLVCKHEART","","231.0","","0","","","","","","","","below_threshold","uncertain"
"v1","32","32:682:QQ","QQ","apple_music_catalog","6764229100","","เมื่อไหร่จะมี (มีใจให้กัน)","BLVCKHEART","เมื่อไหร่จะมี (มีใจให้กัน) - Single","215.0","","","","","","","","","","","","","","","","no_candidates","uncertain"
"v1","32","32:683:Kugou","Kugou","apple_music_catalog","6784132784","","นาฬิกาทราย (sign)","BOWKYLION","นาฬิกาทราย (sign) - Single","255.0","","c662a065243b5c792e45","นาฬิกาทราย","BOWKYLION","","255.0","","0","f3cbd729233613b5d850","คาตา","林景云NuNew (Chawarin Perdpiriyawong)、BOWKYLION","","285.0","","0","below_threshold","uncertain"
"v1","32","32:683:LRCLIB","LRCLIB","apple_music_catalog","6784132784","","นาฬิกาทราย (sign)","BOWKYLION","นาฬิกาทราย (sign) - Single","255.0","","ca17ad110365121d73a7","นาฬิกาทราย (sign)","BOWKYLION","","290.0","","0","","","","","","","","below_threshold","uncertain"
"v1","32","32:683:QQ","QQ","apple_music_catalog","6784132784","","นาฬิกาทราย (sign)","BOWKYLION","นาฬิกาทราย (sign) - Single","255.0","","","","","","","","","","","","","","","","no_candidates","uncertain"
"v1","32","32:684:Kugou","Kugou","apple_music_catalog","6776809226","","ขี้แง (Boys Don't Cry)","PROXIE","ขี้แง (Boys Don't Cry) - Single","255.0","","5de4894bacfdbc67209f","จีบไม่จบ","Proxie","","208.0","","0","a7b1b70d631ef78ea689","ขี้แง (Explicit)","Proxie","","255.0","","0","below_threshold","uncertain"
"v1","32","32:684:LRCLIB","LRCLIB","apple_music_catalog","6776809226","","ขี้แง (Boys Don't Cry)","PROXIE","ขี้แง (Boys Don't Cry) - Single","255.0","","5684c20d47f6bbec2751","ขี้แง (Boys Don't Cry)","PROXIE","","300.0","","0","","","","","","","","below_threshold","uncertain"
"v1","32","32:684:QQ","QQ","apple_music_catalog","6776809226","","ขี้แง (Boys Don't Cry)","PROXIE","ขี้แง (Boys Don't Cry) - Single","255.0","","","","","","","","","","","","","","","","no_candidates","uncertain"
"v1","32","32:685:Kugou","Kugou","apple_music_catalog","6771737104","","ขอแค่นี้ (Forever n ever)","PUN","While I'm away - Single","219.0","","bc7903b31515b3b285ea","ขอแค่นี้","Pun","","219.0","","0","","","","","","","","below_threshold","uncertain"
"v1","32","32:685:QQ","QQ","apple_music_catalog","6771737104","","ขอแค่นี้ (Forever n ever)","PUN","While I'm away - Single","219.0","","","","","","","","","","","","","","","","no_candidates","uncertain"
"v1","32","32:686:Kugou","Kugou","apple_music_catalog","1891261032","","รักให้เธอได้รู้ (Proof.)","PUN","รักให้เธอได้รู้ (Proof.) - Single","202.0","","535f2429195332248cac","รักให้เธอได้รู้","Pun","","202.0","","0","2823401206c8b7d0daf9","DAY ONE","Pun","","272.0","","0","below_threshold","uncertain"
"v1","32","32:686:QQ","QQ","apple_music_catalog","1891261032","","รักให้เธอได้รู้ (Proof.)","PUN","รักให้เธอได้รู้ (Proof.) - Single","202.0","","","","","","","","","","","","","","","","no_candidates","uncertain"
"v1","32","32:687:Kugou","Kugou","apple_music_catalog","1801128046","","Living Death","PUN","Living Death - Single","259.0","","","","","","","","","","","","","","","","no_candidates","uncertain"
"v1","32","32:687:QQ","QQ","apple_music_catalog","1801128046","","Living Death","PUN","Living Death - Single","259.0","","","","","","","","","","","","","","","","no_candidates","uncertain"
"v1","32","32:688:Kugou","Kugou","apple_music_catalog","1221366839","","เพลงของเรา","Tattoo Colour","POP DAD","278.0","","19ab9d2ae3716df16297","เพลงของเรา","Tattoo Colour","","264.0","","0","4fd53fd8472febe0d918","ขาดเธอจนเหมือนจะขาดใจ","Song of Us - เพลงของเรา","","281.0","","0","below_threshold","uncertain"
"v1","32","32:688:QQ","QQ","apple_music_catalog","1221366839","","เพลงของเรา","Tattoo Colour","POP DAD","278.0","","","","","","","","","","","","","","","","no_candidates","uncertain"
"v1","32","32:689:LRCLIB","LRCLIB","apple_music_catalog","1844797800","","ใจฉันตามเธอไป","YOUNGOHM","ไฟกลางคืน","264.0","","64e90c30fac47d70d7a1","ใจฉันตามเธอไป","YOUNGOHM","","311.0","","0","","","","","","","","below_threshold","uncertain"
"v1","32","32:689:QQ","QQ","apple_music_catalog","1844797800","","ใจฉันตามเธอไป","YOUNGOHM","ไฟกลางคืน","264.0","","","","","","","","","","","","","","","","no_candidates","uncertain"
"v1","32","32:690:Kugou","Kugou","apple_music_catalog","1792752793","","ความรัก","Bodyslam","คราม","292.0","","54286a7d8a08928b14e9","ความรัก","Bodyslam","","291.631","","95","d0baf98ef2f96b4632e1","ความรัก","Bodyslam","","291.0","","95","ambiguous_gap","uncertain"
"v1","32","32:690:NetEase","NetEase","apple_music_catalog","1792752793","","ความรัก","Bodyslam","คราม","292.0","","0dea54641328d4376b74","ความรัก","Bodyslam","","291.557","","95","64aa3feccbb2445d059e","ความรัก","Bodyslam","","291.24","","95","ambiguous_gap","uncertain"
"v1","32","32:690:QQ","QQ","apple_music_catalog","1792752793","","ความรัก","Bodyslam","คราม","292.0","","","","","","","","","","","","","","","","no_candidates","uncertain"
"v1","32","32:691:Kugou","Kugou","apple_music_catalog","1880021410","","ได้แค่เดินมาส่ง (The Last Walk) [feat. BLVCKHEART]","GAVIN:D","ROOM101","228.0","feat","b68e042c6246b27cebfc","ไม่ติด","Urboy TJ、Gavin D","","212.0","","0","534cce44fb4246d71ab8","รักได้ป่าว","Gavin D、MITEENNN、PUI、VARINZ、Nonny9、Z TRIP","","224.0","","0","below_threshold","uncertain"
"v1","32","32:691:LRCMux","LRCMux","apple_music_catalog","1880021410","","ได้แค่เดินมาส่ง (The Last Walk) [feat. BLVCKHEART]","GAVIN:D","ROOM101","228.0","feat","101ff29274c261170a01","ได้แค่เดินมาส่ง (The Last Walk)","GAVIN:D","","227.0","","0","","","","","","","","below_threshold","uncertain"
"v1","32","32:691:NetEase","NetEase","apple_music_catalog","1880021410","","ได้แค่เดินมาส่ง (The Last Walk) [feat. BLVCKHEART]","GAVIN:D","ROOM101","228.0","feat","10a6162913e3017e5322","ได้แค่เดินมาส่ง (The Last Walk)","GAVIN:D / BLVCKHEART","","227.785","","0","669f6b0529e1c6165d8e","ได้แค่เดินมาส่ง","Nak Shadow","","214.706","","0","below_threshold","uncertain"
"v1","32","32:691:QQ","QQ","apple_music_catalog","1880021410","","ได้แค่เดินมาส่ง (The Last Walk) [feat. BLVCKHEART]","GAVIN:D","ROOM101","228.0","feat","","","","","","","","","","","","","","","no_candidates","uncertain"
"v1","32","32:692:Kugou","Kugou","apple_music_catalog","1792155060","","Nakorn Dara","YOUNGOHM","Nakorn Dara","196.0","","","","","","","","","","","","","","","","no_candidates","uncertain"
"v1","32","32:692:QQ","QQ","apple_music_catalog","1792155060","","Nakorn Dara","YOUNGOHM","Nakorn Dara","196.0","","","","","","","","","","","","","","","","no_candidates","uncertain"
"v1","32","32:693:LRCLIB","LRCLIB","apple_music_catalog","1829905640","","ที่คั่นหนังสือ (Sometimes) [feat. NONT TANONT]","BOWKYLION","ที่คั่นหนังสือ (Sometimes) [feat. NONT TANONT] - Single","292.0","feat","3db895f1145ec9d69e8b","ที่คั่นหนังสือ (Sometimes) (feat. NONT TANONT)","BOWKYLION","","325.0","feat","0","","","","","","","","below_threshold","uncertain"
"v1","32","32:693:LRCMux","LRCMux","apple_music_catalog","1829905640","","ที่คั่นหนังสือ (Sometimes) [feat. NONT TANONT]","BOWKYLION","ที่คั่นหนังสือ (Sometimes) [feat. NONT TANONT] - Single","292.0","feat","f1d1cf946ef78e0a6cc6","ที่คั่นหนังสือ (Sometimes)","BOWKYLION","","292.0","","0","","","","","","","","below_threshold","uncertain"
"v1","32","32:693:NetEase","NetEase","apple_music_catalog","1829905640","","ที่คั่นหนังสือ (Sometimes) [feat. NONT TANONT]","BOWKYLION","ที่คั่นหนังสือ (Sometimes) [feat. NONT TANONT] - Single","292.0","feat","97cafc64e7ac21d8eb08","ที่คั่นหนังสือ (Sometimes)","BOWKYLION / NONT TANONT","","292.5","","0","b3025f76550805dba615","ที่คั่นหนังสือ(Sometimes)","Phumani / Tle first one","","288.691","","0","below_threshold","uncertain"
"v1","32","32:693:QQ","QQ","apple_music_catalog","1829905640","","ที่คั่นหนังสือ (Sometimes) [feat. NONT TANONT]","BOWKYLION","ที่คั่นหนังสือ (Sometimes) [feat. NONT TANONT] - Single","292.0","feat","","","","","","","","","","","","","","","no_candidates","uncertain"
"v1","32","32:694:LRCLIB","LRCLIB","apple_music_catalog","1870748665","","RAIN ZONE (feat. Z9)","Maiyarap","RAIN ZONE (feat. Z9) - Single","185.0","feat","f5a610673d9a4ebab7a5","Rain Zone (feat. Z9)","Maiyarap","","207.0","feat","0","","","","","","","","below_threshold","uncertain"
"v1","32","32:694:NetEase","NetEase","apple_music_catalog","1870748665","","RAIN ZONE (feat. Z9)","Maiyarap","RAIN ZONE (feat. Z9) - Single","185.0","feat","06174a834bc4fb57fd31","Welcome To The Dead Zone (feat. Stevie Rain)","Imfamouz Rage / Stevie Rain","","172.059","feat","0","3c3990115c7bfcb37626","Warzone (Reloaded) [feat. Prodigal Sunn, Free Murda, Shacronz, Terra Tory, La the Darkman, Timbo King, Killah Priest, Shogun Assason, Rubbabandz & Kinetic 9]","Wu Tang Killa Beez / Sunz of Man / 60 Second Assassin / Prodigal Sunn / Free Murda / Shacronz / Terra Tory / LA the Darkman / Timbo King / Killah Priest / Shogun Assason / Rubbabandz / Kinetic 9","","396.883","feat","0","below_threshold","uncertain"
"v1","32","32:694:QQ","QQ","apple_music_catalog","1870748665","","RAIN ZONE (feat. Z9)","Maiyarap","RAIN ZONE (feat. Z9) - Single","185.0","feat","","","","","","","","","","","","","","","no_candidates","uncertain"
"v1","32","32:695:Kugou","Kugou","apple_music_catalog","1876432402","","Good Luck to The Both of Us","Tattoo Colour","Good Luck to The Both of Us - Single","236.0","","","","","","","","","","","","","","","","no_candidates","uncertain"
"v1","32","32:695:LRCLIB","LRCLIB","apple_music_catalog","1876432402","","Good Luck to The Both of Us","Tattoo Colour","Good Luck to The Both of Us - Single","236.0","","13771f8c9e74504de4e3","ขอให้เราทั้งคู่โชคดี (Good Luck to The Both of Us)","Tattoo Colour","","236.0","","0","","","","","","","","below_threshold","uncertain"
"v1","32","32:695:NetEase","NetEase","apple_music_catalog","1876432402","","Good Luck to The Both of Us","Tattoo Colour","Good Luck to The Both of Us - Single","236.0","","6eb1f6513c7bb6d0e2f5","ขอให้เราทั้งคู่โชคดี (Good Luck to The Both of Us)","Tattoo Colour","","236.335","","0","8878a7575b617f7fc8f9","Good Luck to the Me of Tomorrow","Acre","","131.769","","0","below_threshold","uncertain"
"v1","32","32:695:QQ","QQ","apple_music_catalog","1876432402","","Good Luck to The Both of Us","Tattoo Colour","Good Luck to The Both of Us - Single","236.0","","","","","","","","","","","","","","","","no_candidates","uncertain"
"v1","32","32:696:Kugou","Kugou","apple_music_catalog","1792752613","","PLEASE","Atom Chanakan","CYANTIST","285.0","","","","","","","","","","","","","","","","no_candidates","uncertain"
"v1","32","32:696:QQ","QQ","apple_music_catalog","1792752613","","PLEASE","Atom Chanakan","CYANTIST","285.0","","","","","","","","","","","","","","","","no_candidates","uncertain"
"v1","32","32:697:QQ","QQ","apple_music_catalog","1785191170","","One Of My Life (feat. K6Y)","BLVCKHEART","One Of My Life (feat. K6Y) - Single","216.0","feat","","","","","","","","","","","","","","","no_candidates","uncertain"
"v1","32","32:698:Kugou","Kugou","apple_music_catalog","6763282519","","นอนนี่ (Zzz.) [feat. MUON] [Bonus Track]","PUN","นอนนี่ (Zzz.) [Bonus Track] [feat. MUON] - Single","188.0","feat","f40310017b33f3710dd6","นอนนี่","Pun、muon","","188.0","","0","","","","","","","","below_threshold","uncertain"
"v1","32","32:698:NetEase","NetEase","apple_music_catalog","6763282519","","นอนนี่ (Zzz.) [feat. MUON] [Bonus Track]","PUN","นอนนี่ (Zzz.) [Bonus Track] [feat. MUON] - Single","188.0","feat","1ed0e15d8880461a0b1c","นอนนี่ (Zzz.) (Bonus Track)","PUN / MUON","","188.0","","0","c5f8c3dfea63fa8a8687","ในห้องนั้น (ดนตรี) (Bonus Track)","Joni Anwar","","260.52","","0","below_threshold","uncertain"
"v1","32","32:698:QQ","QQ","apple_music_catalog","6763282519","","นอนนี่ (Zzz.) [feat. MUON] [Bonus Track]","PUN","นอนนี่ (Zzz.) [Bonus Track] [feat. MUON] - Single","188.0","feat","","","","","","","","","","","","","","","no_candidates","uncertain"
"v1","32","32:699:Kugou","Kugou","apple_music_catalog","6768920354","","ส่วนผสมลับ (Secret ingredient)","Jh4y","ส่วนผสมลับ (Secret ingredient) - Single","169.0","","ced7d84233268a472031","ส่วนผสมลับ","JH4Y","","168.0","","0","b92f682e1b50ba6bcc34","secret ingredient. (feat. tobi boon & Mihir)(Explicit)","Charles Aych、tobi boon、Mihir","","389.0","feat","0","below_threshold","uncertain"
"v1","32","32:699:QQ","QQ","apple_music_catalog","6768920354","","ส่วนผสมลับ (Secret ingredient)","Jh4y","ส่วนผสมลับ (Secret ingredient) - Single","169.0","","","","","","","","","","","","","","","","no_candidates","uncertain"
"v1","32","32:700:Kugou","Kugou","apple_music_catalog","1748093799","","DAY ONE","PUN","DAY ONE - Single","273.0","","2823401206c8b7d0daf9","DAY ONE","Pun","","272.0","","95","efd88d6f535fc00ea3db","DAY ONE","Pun","","271.0","","95","ambiguous_gap","uncertain"
"v1","32","32:700:LRCLIB","LRCLIB","apple_music_catalog","1748093799","","DAY ONE","PUN","DAY ONE - Single","273.0","","b056121ab12f95d27343","day one","pun","","289.0","","0","","","","","","","","below_threshold","uncertain"
"v1","32","32:700:NetEase","NetEase","apple_music_catalog","1748093799","","DAY ONE","PUN","DAY ONE - Single","273.0","","ee17943c9c00c0ce5be1","DAY ONE","PUN","","272.7","","95","2a1fa51807dcd74d3664","DAY ONE","PUN","","271.5","","95","ambiguous_gap","uncertain"
"v1","32","32:700:QQ","QQ","apple_music_catalog","1748093799","","DAY ONE","PUN","DAY ONE - Single","273.0","","","","","","","","","","","","","","","","no_candidates","uncertain"
"v1","32","32:701:Kugou","Kugou","apple_music_catalog","1829232507","","วิงวอน (ex-change)","BOWKYLION","CHERRY","252.0","","f3cbd729233613b5d850","คาตา","林景云NuNew (Chawarin Perdpiriyawong)、BOWKYLION","","285.0","","0","15e3a3f7e38190791d8f","สัมผัสรัก","BOWKYLION","","175.0","","0","below_threshold","uncertain"
"v1","32","32:701:QQ","QQ","apple_music_catalog","1829232507","","วิงวอน (ex-change)","BOWKYLION","CHERRY","252.0","","","","","","","","","","","","","","","","no_candidates","uncertain"
"v1","32","32:702:LRCLIB","LRCLIB","apple_music_catalog","1767346217","","ที่เดิม","PUN","PUN","236.0","","9a55e4c69e17a1e7a415","ที่เดิม","PUN","","219.0","","0","2f8411033e712ce38638","PUN - ที่เดิม (Official Audio)","PUN","","237.0","","0","below_threshold","uncertain"
"v1","32","32:702:QQ","QQ","apple_music_catalog","1767346217","","ที่เดิม","PUN","PUN","236.0","","","","","","","","","","","","","","","","no_candidates","uncertain"
"v1","32","32:703:Kugou","Kugou","apple_music_catalog","1650339715","","Very Very Small","YOUNGOHM","Very Very Small - Single","188.0","","","","","","","","","","","","","","","","no_candidates","uncertain"
"v1","32","32:703:NetEase","NetEase","apple_music_catalog","1650339715","","Very Very Small","YOUNGOHM","Very Very Small - Single","188.0","","c3acc25e5aac253083f3","Very Very Small","YOUNGOHM","","187.562","","95","93e85b6d9a1c479e480d","Very Very Small","YOUNGOHM","","185.557","","91","ambiguous_gap","uncertain"
"v1","32","32:703:QQ","QQ","apple_music_catalog","1650339715","","Very Very Small","YOUNGOHM","Very Very Small - Single","188.0","","","","","","","","","","","","","","","","no_candidates","uncertain"
"v1","32","32:704:Kugou","Kugou","apple_music_catalog","1840357831","","ดาวตก (Wish) [feat. Z9]","WANYAi","ดาวตก (Wish) [feat. Z9] - Single","241.0","feat","a1baded7e9c8c92ae57f","Sakura Tears (钢琴版)","樊慕慕、Z9","","181.0","","0","7c5e53c8da2eb91b5fa5","Rain Zone (Live Session)","Maiyarap、Z9","","238.0","live","0","below_threshold","uncertain"
"v1","32","32:704:QQ","QQ","apple_music_catalog","1840357831","","ดาวตก (Wish) [feat. Z9]","WANYAi","ดาวตก (Wish) [feat. Z9] - Single","241.0","feat","","","","","","","","","","","","","","","no_candidates","uncertain"
"v1","32","32:705:QQ","QQ","apple_music_catalog","1604152220","","ฟีโรโมน (feat. 2tflow)","BLVCKHEART","ฟีโรโมน (feat. 2tflow) - Single","220.0","feat","","","","","","","","","","","","","","","no_candidates","uncertain"
"v1","32","32:706:QQ","QQ","apple_music_catalog","1860003749","","กลัวความเสียใจ (feat. Pearpilincys)","SARAN","กลัวความเสียใจ (feat. Pearpilincys) - Single","291.0","feat","","","","","","","","","","","","","","","no_candidates","uncertain"
"v1","32","32:707:Kugou","Kugou","apple_music_catalog","1830506536","","1 OF 1","P6ICK & SURIYA MQT","1 OF 1 - Single","261.0","","","","","","","","","","","","","","","","no_candidates","uncertain"
"v1","32","32:707:QQ","QQ","apple_music_catalog","1830506536","","1 OF 1","P6ICK & SURIYA MQT","1 OF 1 - Single","261.0","","","","","","","","","","","","","","","","no_candidates","uncertain"
"v1","32","32:708:NetEase","NetEase","apple_music_catalog","6764785899","","Baddie (feat. Justmine JMNK)","IRONBOY","PARTYNARY","149.0","feat","78de9b94f8e0f6048a2a","baddie (feat. Juno)","DVN! / Juno","","171.897","feat","0","ab53f7754ef71174b7f6","Baddie (feat. Junior King & Kay Medusa)","21 Promo & Pengii / Junior King / Kay Medusa","","215.222","feat","0","below_threshold","uncertain"
"v1","32","32:708:QQ","QQ","apple_music_catalog","6764785899","","Baddie (feat. Justmine JMNK)","IRONBOY","PARTYNARY","149.0","feat","","","","","","","","","","","","","","","no_candidates","uncertain"
"v1","32","32:709:Kugou","Kugou","apple_music_catalog","1861468995","","ครองโลก","Yungtarr","MultiColorBands","162.0","","9eabefc0142dc95cb93e","ครองโลก (Explicit)","YUNGTARR","","161.0","","0","ae7ff9f2b3737686846e","ตื๊อเท่านั้นที่ครองโลก","เฟิร์ส คณพันธ์、ข้าวตัง ธนวัฒน์、Joong Archen、Dunk Natachai","","274.0","","0","below_threshold","uncertain"
"v1","32","32:709:LRCLIB","LRCLIB","apple_music_catalog","1861468995","","ครองโลก","Yungtarr","MultiColorBands","162.0","","97e0ae6ceaef534538bc","ครองโลก","Yungtarr","","177.0","","0","","","","","","","","below_threshold","uncertain"
"v1","32","32:709:QQ","QQ","apple_music_catalog","1861468995","","ครองโลก","Yungtarr","MultiColorBands","162.0","","","","","","","","","","","","","","","","no_candidates","uncertain"
"v1","32","32:710:Kugou","Kugou","apple_music_catalog","1840118550","","สายไป (feat. BLVCKHEART)","9tokyo","สายไป (feat. BLVCKHEART) - Single","198.0","feat","","","","","","","","","","","","","","","no_candidates","uncertain"
"v1","32","32:710:NetEase","NetEase","apple_music_catalog","1840118550","","สายไป (feat. BLVCKHEART)","9tokyo","สายไป (feat. BLVCKHEART) - Single","198.0","feat","9a75f223367ed903643c","สายไป","อ้อนแอ้น","","238.0","","0","ac54524b81598c3cfc2a","สายไปไหม","Bie Sukrit","","206.88","","0","below_threshold","uncertain"
"v1","32","32:710:QQ","QQ","apple_music_catalog","1840118550","","สายไป (feat. BLVCKHEART)","9tokyo","สายไป (feat. BLVCKHEART) - Single","198.0","feat","","","","","","","","","","","","","","","no_candidates","uncertain"
"v1","32","32:711:Kugou","Kugou","apple_music_catalog","1792751039","","ข้างกัน (City) [feat. ออม TELEx TELEXs]","Three Man Down","ข้างกัน (City) [feat. ออม TELEx TELEXs] - Single","296.0","feat","96406eb51f6a30306eab","Three Man Down (Explicit)","Big Lithe","","299.0","","0","2976ee92b96a610ca6c5","Three Man Down","M Daosai","","236.0","","0","below_threshold","uncertain"
"v1","32","32:711:NetEase","NetEase","apple_music_catalog","1792751039","","ข้างกัน (City) [feat. ออม TELEx TELEXs]","Three Man Down","ข้างกัน (City) [feat. ออม TELEx TELEXs] - Single","296.0","feat","b6b7b45c152326a8ef14","ข้างกัน (City) [feat. ออม TELEx TELEXs]","Three Man Down / Aom TELEx TELEXs","","296.0","feat","80","7ed44f28bf58a5fd01ab","ข้างกัน (City) [feat. ออม TELEx TELEXs]","Three Man Down / ออม เทเลกซ์ เทเลกส์","","296.0","feat","80","ambiguous_gap","uncertain"
"v1","32","32:711:QQ","QQ","apple_music_catalog","1792751039","","ข้างกัน (City) [feat. ออม TELEx TELEXs]","Three Man Down","ข้างกัน (City) [feat. ออม TELEx TELEXs] - Single","296.0","feat","","","","","","","","","","","","","","","no_candidates","uncertain"
"v1","32","32:712:QQ","QQ","apple_music_catalog","6773206872","","หลุมอากาศ","Palmy","หลุมอากาศ - Single","267.0","","","","","","","","","","","","","","","","no_candidates","uncertain"
"v1","32","32:713:Kugou","Kugou","apple_music_catalog","6764822165","","ไม่มีวันไหนที่ไม่คิดถึง (starlost.)","PURPEECH","ไม่มีวันไหนที่ไม่คิดถึง (starlost.) - Single","280.0","","04a26180ca5340b86f37","ไม่มีวันไหนที่ไม่คิดถึง","PURPEECH、BILLKIN","","282.0","","0","85b8d57bf109867f3f34","ไม่มีวันไหนที่ไม่คิดถึง","PURPEECH","","280.0","","0","below_threshold","uncertain"
"v1","32","32:713:QQ","QQ","apple_music_catalog","6764822165","","ไม่มีวันไหนที่ไม่คิดถึง (starlost.)","PURPEECH","ไม่มีวันไหนที่ไม่คิดถึง (starlost.) - Single","280.0","","","","","","","","","","","","","","","","no_candidates","uncertain"
"v1","32","32:714:Kugou","Kugou","apple_music_catalog","1803381114","","กลัวว่าฉันจะไม่เสียใจ (Fear)","PURPEECH","กลัวว่าฉันจะไม่เสียใจ (Fear) - Single","287.0","","bcfd27a5bff098c5e786","กลัวว่าฉันจะไม่เสียใจ","PURPEECH","","287.0","","0","7213b4230d840ea39b76","กลัวว่าฉันจะไม่เสียใจ (Live)","PURPEECH","","278.0","live","0","below_threshold","uncertain"
"v1","32","32:714:QQ","QQ","apple_music_catalog","1803381114","","กลัวว่าฉันจะไม่เสียใจ (Fear)","PURPEECH","กลัวว่าฉันจะไม่เสียใจ (Fear) - Single","287.0","","","","","","","","","","","","","","","","no_candidates","uncertain"
"v1","32","32:715:LRCLIB","LRCLIB","apple_music_catalog","1792752621","","ถ้าเธอรักฉันจริง","Three Man Down","ถ้าเธอรักฉันจริง - Single","240.0","","c22a7cedea95a5131cd7","ถ้าเธอรักฉันจริง","Three Man Down","","315.0","","0","62c0039249e871261d24","ถ้าเธอรักฉันจริง  (Live At Impact Arena 2023)","Three Man Down","","315.0","live","0","below_threshold","uncertain"
"v1","32","32:716:Kugou","Kugou","apple_music_catalog","1830402788","","ลามปาม (circus) [feat. Jeff Satur]","BOWKYLION","ลามปาม (circus) [feat. Jeff Satur] - Single","296.0","feat","f3fe80dd49c885e72218","Circus","Britney Spears","","192.0","","0","fac65d6ea692172edb08","Circus (Twister Rave Remix)","Britney Spears","","212.0","remix","0","below_threshold","uncertain"
"v1","32","32:716:LRCMux","LRCMux","apple_music_catalog","1830402788","","ลามปาม (circus) [feat. Jeff Satur]","BOWKYLION","ลามปาม (circus) [feat. Jeff Satur] - Single","296.0","feat","5c10a5a3840d37025c77","ลามปาม (circus)","BOWKYLION","","296.0","","0","","","","","","","","below_threshold","uncertain"
"v1","32","32:716:NetEase","NetEase","apple_music_catalog","1830402788","","ลามปาม (circus) [feat. Jeff Satur]","BOWKYLION","ลามปาม (circus) [feat. Jeff Satur] - Single","296.0","feat","cfdf9bbb69d438b232b4","ลามปาม (circus)","BOWKYLION / Jeff Satur","","296.04","","0","","","","","","","","below_threshold","uncertain"
"v1","32","32:716:QQ","QQ","apple_music_catalog","1830402788","","ลามปาม (circus) [feat. Jeff Satur]","BOWKYLION","ลามปาม (circus) [feat. Jeff Satur] - Single","296.0","feat","","","","","","","","","","","","","","","no_candidates","uncertain"
"v1","32","32:718:Kugou","Kugou","apple_music_catalog","1825565565","","Perfect (feat. 1MILL)","PUN","Perfect (feat. 1MILL) - Single","255.0","feat","b021354ca14724b9ca11","Perfect","Ed Sheeran","","263.0","","0","d7bfc27c2462be03c7fc","Perfect","One Direction","","230.0","","0","below_threshold","uncertain"
"v1","32","32:718:NetEase","NetEase","apple_music_catalog","1825565565","","Perfect (feat. 1MILL)","PUN","Perfect (feat. 1MILL) - Single","255.0","feat","2bb9206e279717012e3b","Meditación y Reiki","Yoga Música Conjunto","","241.488","","0","31c7894ae9918cfe4a5a","PERFECT","claquepot / RUNG HYANG / 向井太一","","207.209","","0","below_threshold","uncertain"
"v1","32","32:718:QQ","QQ","apple_music_catalog","1825565565","","Perfect (feat. 1MILL)","PUN","Perfect (feat. 1MILL) - Single","255.0","feat","3fdbc7686497bc037ead","Perfect","Ed Sheeran","","263.0","","0","9df73480fad5aa27f117","Perfect (Live|典藏)","Stanaj","","280.0","live","0","below_threshold","uncertain"
"v1","32","32:720:Kugou","Kugou","apple_music_catalog","1635895631","","ทุกนาทีที่สวยงาม","NONT TANONT","Cigarette Candy & Vanilla Sky","365.0","","6a065753d9798f3c0e3d","ทุกนาทีที่สวยงาม (Always With Me)","Nont Tanont","","365.0","","0","fd6ee411853a90a43d9d","ทุกนาทีที่สวยงาม","Pad Chunhakarn","","279.0","","0","below_threshold","uncertain"
"v1","32","32:720:QQ","QQ","apple_music_catalog","1635895631","","ทุกนาทีที่สวยงาม","NONT TANONT","Cigarette Candy & Vanilla Sky","365.0","","","","","","","","","","","","","","","","no_candidates","uncertain"
"v1","32","32:721:Kugou","Kugou","apple_music_catalog","1792752614","","แผลเป็น (SCAR)","Atom Chanakan","CYANTIST","268.0","","0696ac608b60ac3d51bc","แผลเป็น","อะตอม ชนกันต์","","268.12","","0","","","","","","","","below_threshold","uncertain"
"v1","32","32:721:QQ","QQ","apple_music_catalog","1792752614","","แผลเป็น (SCAR)","Atom Chanakan","CYANTIST","268.0","","3b635ca36e3015e83171","แผลเป็น (SCAR)","อะตอม ชนกันต์","","268.0","","0","a33895999c544fd8c9f5","แผลเป็น (SCAR)","อะตอม ชนกันต์","","284.0","","0","below_threshold","uncertain"
"v1","32","32:722:Kugou","Kugou","apple_music_catalog","6762747698","","เมื่อถูกค้นพบ (Finally She Found.)","FREEHAND","เมื่อถูกค้นพบ (Finally She Found.) - Single","240.0","","","","","","","","","","","","","","","","no_candidates","uncertain"
"v1","32","32:723:QQ","QQ","apple_music_catalog","6763197200","","ฉันมาบอกว่า","Season Five","ฉันมาบอกว่า - Single","282.0","","8dee8b096f1c4d149db5","ฉันมาบอกว่า","Season Five","","281.0","","95","624979fb2fb9ccc23459","ฉันมาบอกว่า","Season Five","","283.0","","95","ambiguous_gap","uncertain"
"v1","32","32:724:Kugou","Kugou","apple_music_catalog","1842826691","","หล่น (Faded)","PUN","หล่น (Faded) - Single","194.0","","e0dbaea80e0cee2ba663","ใจหล่น","PP KRIT","","298.0","","0","f9724b4772d29cd7763a","หล่น (Live Session)","Pun","","202.0","live","0","below_threshold","uncertain"
"v1","32","32:724:LRCLIB","LRCLIB","apple_music_catalog","1842826691","","หล่น (Faded)","PUN","หล่น (Faded) - Single","194.0","","ca9014b54f233e384045","หล่น (Faded)","PUN","","207.0","","0","","","","","","","","below_threshold","uncertain"
"v1","32","32:725:Kugou","Kugou","apple_music_catalog","1767346202","","BF (feat. URBOYTJ)","PUN","PUN","214.0","feat","af09797273fa3e164adb","BF","Pun、Urboy TJ","","216.0","","80","bab7ad5fb26669735482","BF","Pun、Urboy TJ","","213.0","","80","ambiguous_gap","uncertain"
"v1","32","32:725:QQ","QQ","apple_music_catalog","1767346202","","BF (feat. URBOYTJ)","PUN","PUN","214.0","feat","87e7063f530b7aeabf16","Battlefield V Legacy Theme","Johan Soderqvist / Patrik Andrén","","215.0","","0","d0a04f092a71544e1c83","Death Of Antoku","Johan Soderqvist / Patrik Andrén / Junko Ueda","","201.0","","0","below_threshold","uncertain"
"v1","32","32:726:Kugou","Kugou","apple_music_catalog","1440852992","","Love Me Harder","Ariana Grande & The Weeknd","My Everything (Bonus Tracks Edition)","236.0","","78609745c72e98d4cc66","Love Me Harder","Ariana Grande、The Weeknd","","236.0","","95","2bfa7ceded040824e855","Love Me Harder","Ariana Grande、The Weeknd","","233.0","","91","ambiguous_gap","uncertain"
"v1","32","32:726:LRCLIB","LRCLIB","apple_music_catalog","1440852992","","Love Me Harder","Ariana Grande & The Weeknd","My Everything (Bonus Tracks Edition)","236.0","","a1cf27374a0afeb0a134","Love Me Harder","Ariana Grande, The Weeknd","","251.0","","0","","","","","","","","below_threshold","uncertain"
"v1","32","32:726:NetEase","NetEase","apple_music_catalog","1440852992","","Love Me Harder","Ariana Grande & The Weeknd","My Everything (Bonus Tracks Edition)","236.0","","fd317d6aa0549f473783","Love Me Harder","Ariana Grande / The Weeknd","","236.133","","95","bdf09693e1d011d36702","Love Me Harder (feat. The Weeknd)","Ariana Grande / The Weeknd","","236.133","feat","95","ambiguous_gap","uncertain"
"v1","32","32:726:QQ","QQ","apple_music_catalog","1440852992","","Love Me Harder","Ariana Grande & The Weeknd","My Everything (Bonus Tracks Edition)","236.0","","","","","","","","","","","","","","","","no_candidates","uncertain"
"v1","32","32:727:Kugou","Kugou","apple_music_catalog","1792750384","","คืนจันทร์","Loso","Rock & Roll","236.0","","c6ccc3db5df1b8d9ff2f","คืนจันทร์","Loso","","235.0","","95","2cba89c87a1a2d2cf578","คืนจันทร์","Loso","","234.0","","95","ambiguous_gap","uncertain"
"v1","32","32:727:LRCLIB","LRCLIB","apple_music_catalog","1792750384","","คืนจันทร์","Loso","Rock & Roll","236.0","","4f9f18d682167921bc5a","คืนจันทร์","Loso","","286.0","","0","b59bcab7b8b18186ce93","10.Loso - คืนจันทร์_01","Loso","","236.0","","0","below_threshold","uncertain"
"v1","32","32:727:NetEase","NetEase","apple_music_catalog","1792750384","","คืนจันทร์","Loso","Rock & Roll","236.0","","5c7cfc459d8074a561e9","คืนจันทร์","Loso","","235.946","","95","0479613f9fae4421c9e6","คืนจันทร์","Loso","","233.373","","91","ambiguous_gap","uncertain"
"v1","32","32:727:QQ","QQ","apple_music_catalog","1792750384","","คืนจันทร์","Loso","Rock & Roll","236.0","","","","","","","","","","","","","","","","no_candidates","uncertain"
"v1","32","32:728:QQ","QQ","apple_music_catalog","1792753544","","คิด(แต่ไม่)ถึง (Same Page?)","Tilly Birds","คิด(แต่ไม่)ถึง (Same Page?) - Single","267.0","","","","","","","","","","","","","","","","no_candidates","uncertain"
"v1","32","32:729:Kugou","Kugou","apple_music_catalog","1767346201","","I Just Wanna Know","PUN","PUN","224.0","","0bfcd65b30f5937e3142","I Just Wanna Know","Pun","","223.0","","95","09525e6b87555d8d302c","I Just Wanna Know","Pun","","226.0","","95","ambiguous_gap","uncertain"
"v1","32","32:729:QQ","QQ","apple_music_catalog","1767346201","","I Just Wanna Know","PUN","PUN","224.0","","","","","","","","","","","","","","","","no_candidates","uncertain"
"v1","32","32:730:Kugou","Kugou","apple_music_catalog","1892358256","","ทำใจไม่ได้ (feat. BLVCKHEART)","Z9","ทำใจไม่ได้ (feat. BLVCKHEART) - Single","210.0","feat","cb4bdf53fda4646fb126","อยากจะกอดเธอนาน ๆ","BLVCKHEART","","219.0","","0","a1baded7e9c8c92ae57f","Sakura Tears (钢琴版)","樊慕慕、Z9","","181.0","","0","below_threshold","uncertain"
"v1","32","32:730:QQ","QQ","apple_music_catalog","1892358256","","ทำใจไม่ได้ (feat. BLVCKHEART)","Z9","ทำใจไม่ได้ (feat. BLVCKHEART) - Single","210.0","feat","","","","","","","","","","","","","","","no_candidates","uncertain"
"v1","32","32:731:Kugou","Kugou","apple_music_catalog","1020804433","","ก่อนตาย","Big Ass","XL","257.0","","0194e1bfb7a09f3b63e5","แค่ในวันนั้น","Pond Naravit、ภูวินทร์ ตั้งศักดิ์ยืน","","238.0","","0","748ab223bf43a82f3684","แค่ในวันนั้น","Pond Naravit、ภูวินทร์ ตั้งศักดิ์ยืน","","239.0","","0","below_threshold","uncertain"
"v1","32","32:731:NetEase","NetEase","apple_music_catalog","1020804433","","ก่อนตาย","Big Ass","XL","257.0","","db7ec842e23c8cc2200e","ก่อนตาย","Big Ass","","257.133","","95","29e9469818657b323c0e","ก่อนตาย","Big Ass","","258.933","","95","ambiguous_gap","uncertain"
"v1","32","32:731:QQ","QQ","apple_music_catalog","1020804433","","ก่อนตาย","Big Ass","XL","257.0","","","","","","","","","","","","","","","","no_candidates","uncertain"
"v1","32","32:732:Kugou","Kugou","apple_music_catalog","1889091641","","STORY (feat. SURIYA MQT & Yungtarr)","P6ICK","STORY (feat. SURIYA MQT & Yungtarr) - Single","210.0","feat","d81cf9dcb421b662dbe6","たこルカ★マグロフィーバー","Samfree","","131.0","","0","96bb17dbe7fb534c1100","Waiting for Love","Avicii","","230.0","","0","below_threshold","uncertain"
"v1","32","32:732:NetEase","NetEase","apple_music_catalog","1889091641","","STORY (feat. SURIYA MQT & Yungtarr)","P6ICK","STORY (feat. SURIYA MQT & Yungtarr) - Single","210.0","feat","57b9f23bc12d0491a632","STORY","P6ICK / SURIYA MQT / YUNGTARR","","210.0","","0","","","","","","","","below_threshold","uncertain"
"v1","32","32:732:QQ","QQ","apple_music_catalog","1889091641","","STORY (feat. SURIYA MQT & Yungtarr)","P6ICK","STORY (feat. SURIYA MQT & Yungtarr) - Single","210.0","feat","","","","","","","","","","","","","","","no_candidates","uncertain"
"v1","32","32:733:QQ","QQ","apple_music_catalog","1829231896","","วาดไว้ (recall)","BOWKYLION","วาดไว้ (recall) - Single","256.0","","","","","","","","","","","","","","","","no_candidates","uncertain"
"v1","32","32:734:Kugou","Kugou","apple_music_catalog","1219179091","","เวลาเธอยิ้ม","Polycat","80 Kisses","227.0","","4ca9d2e9b88af60f7dbb","เวลาเธอยิ้ม","polycat","","227.0","","95","f111eb042dd52417cbb8","เวลาเธอยิ้ม","polycat","","228.0","","95","ambiguous_gap","uncertain"
"v1","32","32:734:QQ","QQ","apple_music_catalog","1219179091","","เวลาเธอยิ้ม","Polycat","80 Kisses","227.0","","","","","","","","","","","","","","","","no_candidates","uncertain"
"v1","32","32:735:LRCMux","LRCMux","apple_music_catalog","1840080739","","สมดุลรัก (Balance) [feat. Sexski]","SEA.","สมดุลรัก (Balance) [feat. Sexski] - Single","198.0","feat","c041096db3612b549c87","สมดุลรัก (Balance)","sea.","","197.0","","0","","","","","","","","below_threshold","uncertain"
"v1","32","32:735:NetEase","NetEase","apple_music_catalog","1840080739","","สมดุลรัก (Balance) [feat. Sexski]","SEA.","สมดุลรัก (Balance) [feat. Sexski] - Single","198.0","feat","e4a14ac18b903c6876c9","สมดุลรัก (Balance)","SEA. / Sexski","","197.5","","0","","","","","","","","below_threshold","uncertain"
"v1","32","32:735:QQ","QQ","apple_music_catalog","1840080739","","สมดุลรัก (Balance) [feat. Sexski]","SEA.","สมดุลรัก (Balance) [feat. Sexski] - Single","198.0","feat","","","","","","","","","","","","","","","no_candidates","uncertain"
"v1","32","32:736:Kugou","Kugou","apple_music_catalog","1220341540","","ฉันรักเธอ (feat. ฟักกลิ้ง ฮีโร่)","Tattoo Colour","ชุดที่ 8 จงเพราะ","225.0","feat","16c6132afa3297503481","ฉ่ำ","LYKN、Joong Archen、Pond Naravit","","189.0","","0","","","","","","","","below_threshold","uncertain"
"v1","32","32:736:NetEase","NetEase","apple_music_catalog","1220341540","","ฉันรักเธอ (feat. ฟักกลิ้ง ฮีโร่)","Tattoo Colour","ชุดที่ 8 จงเพราะ","225.0","feat","a09643195be416988204","ฉันรักเธอ (feat. Annalynn)","Sudden Face Down / Annalynn","","265.533","feat","0","","","","","","","","below_threshold","uncertain"
"v1","32","32:736:QQ","QQ","apple_music_catalog","1220341540","","ฉันรักเธอ (feat. ฟักกลิ้ง ฮีโร่)","Tattoo Colour","ชุดที่ 8 จงเพราะ","225.0","feat","","","","","","","","","","","","","","","no_candidates","uncertain"
"v1","32","32:737:Kugou","Kugou","apple_music_catalog","1792752632","","ฝนตกไหม","Three Man Down","ฝนตกไหม - Single","261.0","","10f47eacac695f4c937a","ฝนตกไหม","Three Man Down","","263.0","","95","02e129c42b4674dfe334","ฝนตกไหม","Three Man Down","","261.0","","95","ambiguous_gap","uncertain"
"v1","32","32:737:LRCLIB","LRCLIB","apple_music_catalog","1792752632","","ฝนตกไหม","Three Man Down","ฝนตกไหม - Single","261.0","","686224d814cb316c3cb0","ฝนตกไหม","Three Man Down","","184.0","","0","eef3f213fe24ebd744cb","ฝนตกไหม  (Live At Impact Arena 2023)","Three Man Down","","572.0","live","0","below_threshold","uncertain"
"v1","32","32:737:NetEase","NetEase","apple_music_catalog","1792752632","","ฝนตกไหม","Three Man Down","ฝนตกไหม - Single","261.0","","1962f1f70fb7900d2c54","ฝนตกไหม","Three Man Down","","262.966","","95","6043b729d4d79c5b6185","ฝนตกไหม","Three Man Down","","261.25","","95","ambiguous_gap","uncertain"
"v1","32","32:737:QQ","QQ","apple_music_catalog","1792752632","","ฝนตกไหม","Three Man Down","ฝนตกไหม - Single","261.0","","","","","","","","","","","","","","","","no_candidates","uncertain"
"v1","32","32:738:QQ","QQ","apple_music_catalog","1884869489","","กลัวว่าฉันจะไม่เสียใจ x สถานีปลายทาง (feat. Saran)","PURPEECH","กลัวว่าฉันจะไม่เสียใจ x สถานีปลายทาง (feat. Saran) - Single","330.0","feat","","","","","","","","","","","","","","","no_candidates","uncertain"
"v1","32","32:739:Kugou","Kugou","apple_music_catalog","1684922404","","เมษา (MAYSA) [feat. BLACKSHEEP]","fellow fellow","เมษา (MAYSA) [feat. BLACKSHEEP] - Single","240.0","feat","3cb641ad5850a6db49db","Black Sheep","OmenXIII、ʎpoqou","","156.0","","0","29e1ac82a983c3b3250b","Black Sheep","Gin Wigmore","","182.0","","0","below_threshold","uncertain"
"v1","32","32:739:LRCLIB","LRCLIB","apple_music_catalog","1684922404","","เมษา (MAYSA) [feat. BLACKSHEEP]","fellow fellow","เมษา (MAYSA) [feat. BLACKSHEEP] - Single","240.0","feat","5b54f2e84d360c305f80","เมษา (MAYSA) [feat. BLACKSHEEP]","fellow fellow","","240.0","feat","95","77c08a475d6fd386a5c3","เมษา (MAYSA) feat. BLACKSHEEP (合作演出：BLACKSHEEP)","fellow fellow","","239.0","feat","95","ambiguous_gap","uncertain"
"v1","32","32:739:QQ","QQ","apple_music_catalog","1684922404","","เมษา (MAYSA) [feat. BLACKSHEEP]","fellow fellow","เมษา (MAYSA) [feat. BLACKSHEEP] - Single","240.0","feat","","","","","","","","","","","","","","","no_candidates","uncertain"
"v1","32","32:740:Kugou","Kugou","apple_music_catalog","1814557718","","อยากจะกอดเธอนาน ๆ (HAVE A GOOD TIME)","BLVCKHEART","อยากจะกอดเธอนาน ๆ (HAVE A GOOD TIME) - Single","219.0","","ba0f5fb5929e80dbe345","Have A Good Time","Paul Kim、宋雨琦 (YUQI)","","120.0","","0","cb4bdf53fda4646fb126","อยากจะกอดเธอนาน ๆ","BLVCKHEART","","219.0","","0","below_threshold","uncertain"
"v1","32","32:740:QQ","QQ","apple_music_catalog","1814557718","","อยากจะกอดเธอนาน ๆ (HAVE A GOOD TIME)","BLVCKHEART","อยากจะกอดเธอนาน ๆ (HAVE A GOOD TIME) - Single","219.0","","","","","","","","","","","","","","","","no_candidates","uncertain"
"v1","32","32:741:LRCLIB","LRCLIB","apple_music_catalog","1792875723","","พบเพื่อเพียงผ่าน","Zeal","Space","263.0","","71bc6124d6f2ccb28f95","พบเพื่อเพียงผ่าน","Zeal","","250.0","","0","","","","","","","","below_threshold","uncertain"
"v1","32","32:741:QQ","QQ","apple_music_catalog","1792875723","","พบเพื่อเพียงผ่าน","Zeal","Space","263.0","","","","","","","","","","","","","","","","no_candidates","uncertain"
"v1","32","32:742:Kugou","Kugou","apple_music_catalog","1793317367","","SKY & SEA","Earth Patravee","SKY & SEA - Single","312.0","","","","","","","","","","","","","","","","no_candidates","uncertain"
"v1","32","32:742:LRCLIB","LRCLIB","apple_music_catalog","1793317367","","SKY & SEA","Earth Patravee","SKY & SEA - Single","312.0","","0c65dd2bf8ff30e5fa8b","SKY & SEA","Earth Patravee","","294.0","","0","","","","","","","","below_threshold","uncertain"
"v1","32","32:742:QQ","QQ","apple_music_catalog","1793317367","","SKY & SEA","Earth Patravee","SKY & SEA - Single","312.0","","","","","","","","","","","","","","","","no_candidates","uncertain"
"v1","32","32:743:QQ","QQ","apple_music_catalog","1649094078","","ศิโรราป","BLVCKHEART","HeartDiary - EP","223.0","","","","","","","","","","","","","","","","no_candidates","uncertain"
"v1","32","32:744:Kugou","Kugou","apple_music_catalog","1831706271","","DMMA","JustmineNika","DMMA - Single","156.0","","7680a8944f8498f74d19","DMMA","JustmineNika","","155.663","","95","daa72e52c7caede11a09","DMMA","JustmineNika","","155.0","","95","ambiguous_gap","uncertain"
"v1","32","32:744:LRCLIB","LRCLIB","apple_music_catalog","1831706271","","DMMA","JustmineNika","DMMA - Single","156.0","","03d0ba2dcc665d69cd3e","DMMA","JustmineNika","","175.0","","0","","","","","","","","below_threshold","uncertain"
"v1","32","32:744:QQ","QQ","apple_music_catalog","1831706271","","DMMA","JustmineNika","DMMA - Single","156.0","","","","","","","","","","","","","","","","no_candidates","uncertain"
"v1","32","32:745:Kugou","Kugou","apple_music_catalog","6763503498","","เดิมเดิม (Once)","LANDOKMAI","เดิมเดิม (Once) - Single","240.0","","9ce05d704c2bd0f14bc9","ยอม","LANDOKMAI","","211.0","","0","46b8b99ac5c66b9279db","ยอม (Acoustic)","LANDOKMAI","","215.0","acoustic","0","below_threshold","uncertain"
"v1","32","32:745:LRCLIB","LRCLIB","apple_music_catalog","6763503498","","เดิมเดิม (Once)","LANDOKMAI","เดิมเดิม (Once) - Single","240.0","","c28e652decfa97a908a8","เดิมเดิม (Once)","LANDOKMAI","","272.0","","0","","","","","","","","below_threshold","uncertain"
"v1","32","32:745:QQ","QQ","apple_music_catalog","6763503498","","เดิมเดิม (Once)","LANDOKMAI","เดิมเดิม (Once) - Single","240.0","","","","","","","","","","","","","","","","no_candidates","uncertain"
"v1","32","32:746:Kugou","Kugou","apple_music_catalog","1775897409","","ปฏิเสธไม่ไหว (feat. No One Else)","Lipta","ปฏิเสธไม่ไหว (feat. No One Else) - Single","225.0","feat","e1933f4039fe1a753064","ปฏิเสธไม่ไหว","Lipta、NO ONE ELSE","","224.835","","80","956b20d4928076e4d5b9","ปฏิเสธไม่ไหว","Lipta、NO ONE ELSE","","224.0","","80","ambiguous_gap","uncertain"
"v1","32","32:746:QQ","QQ","apple_music_catalog","1775897409","","ปฏิเสธไม่ไหว (feat. No One Else)","Lipta","ปฏิเสธไม่ไหว (feat. No One Else) - Single","225.0","feat","","","","","","","","","","","","","","","no_candidates","uncertain"
"v1","32","32:747:Kugou","Kugou","apple_music_catalog","1813811665","","เจิดจรัส","YOUNGOHM","เจิดจรัส - Single","262.0","","5b4167592e7f4b9036a0","เจิดจรัส","YOUNGOHM","","261.982","","95","87f035a38666bf88d009","เจิดจรัส","YOUNGOHM","","261.0","","95","ambiguous_gap","uncertain"
"v1","32","32:747:QQ","QQ","apple_music_catalog","1813811665","","เจิดจรัส","YOUNGOHM","เจิดจรัส - Single","262.0","","","","","","","","","","","","","","","","no_candidates","uncertain"
"v1","32","32:748:Kugou","Kugou","apple_music_catalog","1789520073","","CURSE (รักใครไม่เป็น) [feat. 2K & Saran]","Z9","CURSE (รักใครไม่เป็น) [feat. 2K & Saran] - Single","253.0","feat","4dc791cdc7c83f0f074f","Curse","Adam Rom","","164.0","","0","b21e8c622458f192aae8","ฉันจะฉาปเธอ (Curse)","Bamm","","197.0","","0","below_threshold","uncertain"
"v1","32","32:748:LRCMux","LRCMux","apple_music_catalog","1789520073","","CURSE (รักใครไม่เป็น) [feat. 2K & Saran]","Z9","CURSE (รักใครไม่เป็น) [feat. 2K & Saran] - Single","253.0","feat","869be970f9a447de6232","CURSE (รักใครไม่เป็น)","Z9","","253.0","","0","","","","","","","","below_threshold","uncertain"
"v1","32","32:748:NetEase","NetEase","apple_music_catalog","1789520073","","CURSE (รักใครไม่เป็น) [feat. 2K & Saran]","Z9","CURSE (รักใครไม่เป็น) [feat. 2K & Saran] - Single","253.0","feat","7a24786131480f013744","CURSE (รักใครไม่เป็น)","Z9 / 2K / Saran","","253.333","","0","","","","","","","","below_threshold","uncertain"
"v1","32","32:748:QQ","QQ","apple_music_catalog","1789520073","","CURSE (รักใครไม่เป็น) [feat. 2K & Saran]","Z9","CURSE (รักใครไม่เป็น) [feat. 2K & Saran] - Single","253.0","feat","","","","","","","","","","","","","","","no_candidates","uncertain"
"v1","32","32:749:LRCLIB","LRCLIB","apple_music_catalog","1792753683","","เพลงรัก","Three Man Down","เพลงรัก - Single","269.0","","dba2a9c0616273a8f138","เพลงรัก","Three Man Down","","240.0","","0","","","","","","","","below_threshold","uncertain"
"v1","32","32:749:NetEase","NetEase","apple_music_catalog","1792753683","","เพลงรัก","Three Man Down","เพลงรัก - Single","269.0","","b4e26ac2f2868c8d3309","เพลงรัก","Three Man Down","","269.016","","95","93810829c93a11c179f7","เพลงรัก","Three Man Down","","267.441","","95","ambiguous_gap","uncertain"
"v1","32","32:749:QQ","QQ","apple_music_catalog","1792753683","","เพลงรัก","Three Man Down","เพลงรัก - Single","269.0","","","","","","","","","","","","","","","","no_candidates","uncertain"
"v1","32","32:750:Kugou","Kugou","apple_music_catalog","1841900014","","มือเปล่า (PUT THE GUN DOWN)","ALIE BLACKCOBRA","Angel Energy","217.0","","92a4587dbbb62c334def","MANIFEST (Explicit)","ALIE BLACKCOBRA","","186.0","","0","9095e980e5406cb38c37","MANIFEST (Explicit)","ALIE BLACKCOBRA","","169.0","","0","below_threshold","uncertain"
"v1","32","32:750:LRCLIB","LRCLIB","apple_music_catalog","1841900014","","มือเปล่า (PUT THE GUN DOWN)","ALIE BLACKCOBRA","Angel Energy","217.0","","4bfe60f004359e8edefe","มือเปล่า (PUT THE GUN DOWN)","ALIE BLACKCOBRA","","238.0","","0","","","","","","","","below_threshold","uncertain"
"v1","32","32:750:QQ","QQ","apple_music_catalog","1841900014","","มือเปล่า (PUT THE GUN DOWN)","ALIE BLACKCOBRA","Angel Energy","217.0","","","","","","","","","","","","","","","","no_candidates","uncertain"
"v1","32","32:751:Kugou","Kugou","apple_music_catalog","1066767071","","ไกล","Musketeers","Left Right and Something","273.0","","40e7401953f0f200e478","ไกล","Musketeers","","273.528","","95","cd786c07c14b309f27f9","ไกล","Musketeers","","273.493","","95","ambiguous_gap","uncertain"
"v1","32","32:751:LRCLIB","LRCLIB","apple_music_catalog","1066767071","","ไกล","Musketeers","Left Right and Something","273.0","","73dd708c9444dc7a70c6","ไกล","Musketeers","","295.0","","0","","","","","","","","below_threshold","uncertain"
"v1","32","32:751:QQ","QQ","apple_music_catalog","1066767071","","ไกล","Musketeers","Left Right and Something","273.0","","","","","","","","","","","","","","","","no_candidates","uncertain"
"v1","32","32:752:Kugou","Kugou","apple_music_catalog","6768912122","","จำไว้","Ink Waruntorn","จำไว้ - Single","242.0","","e53be9118ce0af737e22","จำไว้","ความคิดถึง Channel","","244.0","","0","cf4676e5e38a383204ca","จำไว้ทำไม","SBanna","","218.0","","0","below_threshold","uncertain"
"v1","32","32:752:QQ","QQ","apple_music_catalog","6768912122","","จำไว้","Ink Waruntorn","จำไว้ - Single","242.0","","","","","","","","","","","","","","","","no_candidates","uncertain"
"v1","32","32:753:Kugou","Kugou","apple_music_catalog","1792752169","","คู่ชีวิต","Cocktail","the lords of misery","337.0","","2f35de6ef8d3a3f15b73","คู่ชีวิต","Cocktail","","337.0","","95","4aca90b21f46776c9e90","คู่ชีวิต (Live From COCKTAIL CLASSICS)","Cocktail","","338.0","live","95","ambiguous_gap","uncertain"
"v1","32","32:753:NetEase","NetEase","apple_music_catalog","1792752169","","คู่ชีวิต","Cocktail","the lords of misery","337.0","","e8406a05cb45f7954e7c","คู่ชีวิต","Cocktail","","337.24","","95","6e34f11f635acbb50a73","คู่ชีวิต (Live From COCKTAIL CLASSICS)","Cocktail","","338.176","live","95","ambiguous_gap","uncertain"
"v1","32","32:753:QQ","QQ","apple_music_catalog","1792752169","","คู่ชีวิต","Cocktail","the lords of misery","337.0","","","","","","","","","","","","","","","","no_candidates","uncertain"
"v1","32","32:754:Kugou","Kugou","apple_music_catalog","1792755247","","อะไรก็ยอม","Loso","เอ็นเตอร์เทนเม้นท์","308.0","","3df58e88c57c5b637e83","อะไรก็ยอม","Loso","","307.0","","95","16065ca01013c3dd02ff","อะไรก็ยอม","Loso","","307.879","","95","ambiguous_gap","uncertain"
"v1","32","32:754:QQ","QQ","apple_music_catalog","1792755247","","อะไรก็ยอม","Loso","เอ็นเตอร์เทนเม้นท์","308.0","","","","","","","","","","","","","","","","no_candidates","uncertain"
"v1","32","32:755:Kugou","Kugou","apple_music_catalog","1701760453","","Halley's Comet","fellow fellow","Halley's Comet - Single","224.0","","","","","","","","","","","","","","","","no_candidates","uncertain"
"v1","32","32:755:LRCLIB","LRCLIB","apple_music_catalog","1701760453","","Halley's Comet","fellow fellow","Halley's Comet - Single","224.0","","a62c1464f534541b1f66","ดาวหางฮัลเลย์ (Halley's Comet)","fellow fellow","","224.0","","0","","","","","","","","below_threshold","uncertain"
"v1","32","32:755:NetEase","NetEase","apple_music_catalog","1701760453","","Halley's Comet","fellow fellow","Halley's Comet - Single","224.0","","fb8516ff0071fc446550","Halley's Comet 中文版（cover by fellow fellow）","菜包","","281.328","cover","0","bcf693833b6c3f0ec356","รักที่พอดี (enough)","fellow fellow","","221.428","","0","below_threshold","uncertain"
"v1","32","32:755:QQ","QQ","apple_music_catalog","1701760453","","Halley's Comet","fellow fellow","Halley's Comet - Single","224.0","","","","","","","","","","","","","","","","no_candidates","uncertain"
"v1","32","32:756:Kugou","Kugou","apple_music_catalog","1526293930","","Legends of a Love Story (feat. Gavin D)","YOUNGOHM","BANGKOK LEGACY","240.0","feat","b68e042c6246b27cebfc","ไม่ติด","Urboy TJ、Gavin D","","212.0","","0","534cce44fb4246d71ab8","รักได้ป่าว","Gavin D、MITEENNN、PUI、VARINZ、Nonny9、Z TRIP","","224.0","","0","below_threshold","uncertain"
"v1","32","32:756:NetEase","NetEase","apple_music_catalog","1526293930","","Legends of a Love Story (feat. Gavin D)","YOUNGOHM","BANGKOK LEGACY","240.0","feat","df0685e68951e06624b4","Love Story","Restless Souja","","177.606","","0","864ad8e306b223864bff","A Dark Love Story","Legends of Myth","","235.764","","0","below_threshold","uncertain"
"v1","32","32:756:QQ","QQ","apple_music_catalog","1526293930","","Legends of a Love Story (feat. Gavin D)","YOUNGOHM","BANGKOK LEGACY","240.0","feat","","","","","","","","","","","","","","","no_candidates","uncertain"
"v1","32","32:757:Kugou","Kugou","apple_music_catalog","1792752180","","เธอ","Cocktail","the lords of misery","266.0","","9e57f55c44a7708de62f","เธอ","Cocktail","","266.579","","95","4b644b5527daffc14e73","เธอ","Cocktail","","266.0","","95","ambiguous_gap","uncertain"
"v1","32","32:757:NetEase","NetEase","apple_music_catalog","1792752180","","เธอ","Cocktail","the lords of misery","266.0","","8285987b371880abd249","เธอ","Cocktail","","266.527","","95","500cf822eb96c484edae","เธอ","Cocktail","","266.498","","95","ambiguous_gap","uncertain"
"v1","32","32:757:QQ","QQ","apple_music_catalog","1792752180","","เธอ","Cocktail","the lords of misery","266.0","","","","","","","","","","","","","","","","no_candidates","uncertain"
"v1","32","32:758:QQ","QQ","apple_music_catalog","1792751443","","แค่เธอเข้ามา (Worth The Wait)","Tilly Birds","ผู้เดียว","206.0","","","","","","","","","","","","","","","","no_candidates","uncertain"
"v1","32","32:759:Kugou","Kugou","apple_music_catalog","1066211448","","แค่คุณ","Musketeers","Uprising","238.0","","15236de4ea37caa401f6","แค่คุณ","Musketeers","","238.61","","95","90f7d1cece5cff58908c","แค่คุณ","Musketeers","","238.419","","95","ambiguous_gap","uncertain"
"v1","32","32:759:LRCLIB","LRCLIB","apple_music_catalog","1066211448","","แค่คุณ","Musketeers","Uprising","238.0","","c49da54f2af4465462c2","แค่คุณ","Musketeers","","170.0","","0","","","","","","","","below_threshold","uncertain"
"v1","32","32:759:QQ","QQ","apple_music_catalog","1066211448","","แค่คุณ","Musketeers","Uprising","238.0","","","","","","","","","","","","","","","","no_candidates","uncertain"
"v1","32","32:760:Kugou","Kugou","apple_music_catalog","1861468983","","นิราศ","Yungtarr","MultiColorBands","149.0","","d1782fae368a0a07c1ee","นิราศ (Explicit)","YUNGTARR","","149.0","","0","","","","","","","","below_threshold","uncertain"
"v1","32","32:760:QQ","QQ","apple_music_catalog","1861468983","","นิราศ","Yungtarr","MultiColorBands","149.0","","","","","","","","","","","","","","","","no_candidates","uncertain"
"v1","32","32:761:Kugou","Kugou","apple_music_catalog","1792750038","","ใจสั่งมา","Loso","Rock & Roll","209.0","","3e2f85de3aeec4bb957d","ใจสั่งมา","Loso","","209.0","","95","be1115bc4b92c6070ea4","ใจสั่งมา","Loso","","211.0","","95","ambiguous_gap","uncertain"
"v1","32","32:761:LRCLIB","LRCLIB","apple_music_catalog","1792750038","","ใจสั่งมา","Loso","Rock & Roll","209.0","","236eca4d4688daf1513b","ใจสั่งมา","Loso","","260.0","","0","a50b799af1fa86cf9921","ใจสั่งมา","Sek Loso","","206.826","","0","below_threshold","uncertain"
"v1","32","32:761:NetEase","NetEase","apple_music_catalog","1792750038","","ใจสั่งมา","Loso","Rock & Roll","209.0","","43949253a972c17f3109","ใจสั่งมา","Loso","","209.32","","95","7b5bf84573d55e153f8a","ใจสั่งมา","Loso","","211.453","","91","ambiguous_gap","uncertain"
"v1","32","32:761:QQ","QQ","apple_music_catalog","1792750038","","ใจสั่งมา","Loso","Rock & Roll","209.0","","","","","","","","","","","","","","","","no_candidates","uncertain"
"v1","32","32:762:NetEase","NetEase","apple_music_catalog","1066766950","","ความทรงจำ","Musketeers","Left Right and Something","259.0","","d1b06e080367164b5461","ความทรงจำ","Musketeers","","258.973","","95","2d002655765a30b40640","ความทรงจำ","Muskeeters","","259.004","","92","ambiguous_gap","uncertain"
"v1","32","32:762:QQ","QQ","apple_music_catalog","1066766950","","ความทรงจำ","Musketeers","Left Right and Something","259.0","","","","","","","","","","","","","","","","no_candidates","uncertain"
"v1","32","32:763:Kugou","Kugou","apple_music_catalog","6762745093","","ฉันต้องคิดถึงเธอแบบไหน (Cloudy)","Ink Waruntorn","BLISS - EP","273.0","","3bdf88226825c514d6a2","ฉันต้องคิดถึงเธอแบบไหน","Ink Waruntorn","","273.04","","0","","","","","","","","below_threshold","uncertain"
"v1","32","32:763:LRCLIB","LRCLIB","apple_music_catalog","6762745093","","ฉันต้องคิดถึงเธอแบบไหน (Cloudy)","Ink Waruntorn","BLISS - EP","273.0","","65b094b2f5b11867e839","ฉันต้องคิดถึงเธอแบบไหน (Cloudy)","Ink Waruntorn","","232.005","","0","","","","","","","","below_threshold","uncertain"
"v1","32","32:763:QQ","QQ","apple_music_catalog","6762745093","","ฉันต้องคิดถึงเธอแบบไหน (Cloudy)","Ink Waruntorn","BLISS - EP","273.0","","","","","","","","","","","","","","","","no_candidates","uncertain"
"v1","32","32:764:Kugou","Kugou","apple_music_catalog","1761526117","","ONE GIRL (feat. 2T Flow & BLVCKHEART)","SARAN","ONE GIRL (feat. 2T Flow & BLVCKHEART) - Single","263.0","feat","8afcae11555ce9e5887b","กุหลาบ","F.HERO、ก้านตอง ทุ่งเงิน、Saran","","235.0","","0","0bb963a8d8ae7793ee25","我的心好冷","Saran","","306.0","","0","below_threshold","uncertain"
"v1","32","32:764:NetEase","NetEase","apple_music_catalog","1761526117","","ONE GIRL (feat. 2T Flow & BLVCKHEART)","SARAN","ONE GIRL (feat. 2T Flow & BLVCKHEART) - Single","263.0","feat","2bb9206e279717012e3b","Meditación y Reiki","Yoga Música Conjunto","","241.488","","0","4aaf8eb09b30a6b04fe7","Yoga del Mar (White Noise)","Yoga Música Conjunto","","277.255","","0","below_threshold","uncertain"
"v1","32","32:764:QQ","QQ","apple_music_catalog","1761526117","","ONE GIRL (feat. 2T Flow & BLVCKHEART)","SARAN","ONE GIRL (feat. 2T Flow & BLVCKHEART) - Single","263.0","feat","","","","","","","","","","","","","","","no_candidates","uncertain"
"v1","32","32:765:Kugou","Kugou","apple_music_catalog","1453959261","","Thararat","YOUNGOHM","Thararat - Single","221.0","","c8a19fe1b1b620bf0071","KIMINOTO","Sprite、YOUNGOHM","","222.0","","0","0cc10e76983fa15fc025","ใจฉันตามเธอไป","YOUNGOHM","","264.0","","0","below_threshold","uncertain"
"v1","32","32:765:NetEase","NetEase","apple_music_catalog","1453959261","","Thararat","YOUNGOHM","Thararat - Single","221.0","","0bf2f57eecb8bec754ae","ธารารัตน์","YOUNGOHM","","221.228","","0","ec68b60d51aa847fbe20","ก่อนนอนคืนนี้","YOUNGOHM","","161.647","","0","below_threshold","uncertain"
"v1","32","32:765:QQ","QQ","apple_music_catalog","1453959261","","Thararat","YOUNGOHM","Thararat - Single","221.0","","","","","","","","","","","","","","","","no_candidates","uncertain"
"v1","32","32:766:Kugou","Kugou","apple_music_catalog","1637994044","","MUSE (feat. Davii)","PUN","MUSE (feat. Davii) - Single","207.0","feat","5a1b6191b92662bfb147","MUSE","PUN、Davii","","30.0","","0","95c234696227456ccc37","大艺术家","蔡依林","","198.0","","0","below_threshold","uncertain"
"v1","32","32:766:NetEase","NetEase","apple_music_catalog","1637994044","","MUSE (feat. Davii)","PUN","MUSE (feat. Davii) - Single","207.0","feat","6ca15386247c7cebd214","The Dark Forest","Muse","","315.751","","0","7bd8d8a9acc49c1b2f09","Supremacy","Muse","","295.373","","0","below_threshold","uncertain"
"v1","32","32:766:QQ","QQ","apple_music_catalog","1637994044","","MUSE (feat. Davii)","PUN","MUSE (feat. Davii) - Single","207.0","feat","","","","","","","","","","","","","","","no_candidates","uncertain"
"v1","32","32:767:NetEase","NetEase","apple_music_catalog","1728901218","","ที่รักใจเย็น (feat. Williams & BLVCKHEART)","Yented","URDAWG","203.0","feat","2bb9206e279717012e3b","Meditación y Reiki","Yoga Música Conjunto","","241.488","","0","4aaf8eb09b30a6b04fe7","Yoga del Mar (White Noise)","Yoga Música Conjunto","","277.255","","0","below_threshold","uncertain"
"v1","32","32:767:QQ","QQ","apple_music_catalog","1728901218","","ที่รักใจเย็น (feat. Williams & BLVCKHEART)","Yented","URDAWG","203.0","feat","","","","","","","","","","","","","","","no_candidates","uncertain"
"v1","32","32:768:Kugou","Kugou","apple_music_catalog","1766487862","","ไม่บอกเธอ","Bedroom Audio","2014 Extended Play","314.0","","88299d810d5f554d2f1a","ไม่บอกเธอ","bedroom audio","","314.0","","95","a6ef5d89b67324df9777","ไม่บอกเธอ (2016 Remastered)","bedroom audio","","316.0","remaster","95","ambiguous_gap","uncertain"
"v1","32","32:768:LRCLIB","LRCLIB","apple_music_catalog","1766487862","","ไม่บอกเธอ","Bedroom Audio","2014 Extended Play","314.0","","bbf82a0f39358b836617","ไม่บอกเธอ","Bedroom Audio","","315.0","","95","5f0fe706c93eaed20706","ไม่บอกเธอ (2016 Remastered)","Bedroom Audio","","316.0","remaster","95","ambiguous_gap","uncertain"
"v1","32","32:768:NetEase","NetEase","apple_music_catalog","1766487862","","ไม่บอกเธอ","Bedroom Audio","2014 Extended Play","314.0","","7f6a6a2ef61514826ba5","ไม่บอกเธอ","Bedroom Audio","","314.357","","95","d818b3daef000b9082b8","ไม่บอกเธอ (2016 Remastered)","Bedroom Audio","","316.554","remaster","91","ambiguous_gap","uncertain"
"v1","32","32:768:QQ","QQ","apple_music_catalog","1766487862","","ไม่บอกเธอ","Bedroom Audio","2014 Extended Play","314.0","","","","","","","","","","","","","","","","no_candidates","uncertain"
"v1","32","32:769:QQ","QQ","apple_music_catalog","1638899158","","เธอทำให้ฉันกลายเป็นเด็ก (feat. THAOWANZ)","SARAN","เธอทำให้ฉันกลายเป็นเด็ก (feat. THAOWANZ) - Single","213.0","feat","","","","","","","","","","","","","","","no_candidates","uncertain"
"v1","32","32:770:Kugou","Kugou","apple_music_catalog","1868326920","","Sesi Potret","eńau & Ari Lesmana","Sesi Potret - Single","243.0","","","","","","","","","","","","","","","","no_candidates","uncertain"
"v1","32","32:770:QQ","QQ","apple_music_catalog","1868326920","","Sesi Potret","eńau & Ari Lesmana","Sesi Potret - Single","243.0","","","","","","","","","","","","","","","","no_candidates","uncertain"
"v1","32","32:771:Kugou","Kugou","apple_music_catalog","6766465451","","2001x","Adrian Khalif","2001x - Single","204.0","","","","","","","","","","","","","","","","no_candidates","uncertain"
"v1","32","32:771:QQ","QQ","apple_music_catalog","6766465451","","2001x","Adrian Khalif","2001x - Single","204.0","","","","","","","","","","","","","","","","no_candidates","uncertain"
"v1","32","32:772:Kugou","Kugou","apple_music_catalog","1793295104","","everything u are","Hindia","Doves, '25 on Blank Canvas","236.0","","","","","","","","","","","","","","","","no_candidates","uncertain"
"v1","32","32:772:QQ","QQ","apple_music_catalog","1793295104","","everything u are","Hindia","Doves, '25 on Blank Canvas","236.0","","","","","","","","","","","","","","","","no_candidates","uncertain"
"v1","32","32:773:Kugou","Kugou","apple_music_catalog","1867165038","","Ini Abadi","Perunggu","Memorandum","232.0","","","","","","","","","","","","","","","","no_candidates","uncertain"
"v1","32","32:773:QQ","QQ","apple_music_catalog","1867165038","","Ini Abadi","Perunggu","Memorandum","232.0","","","","","","","","","","","","","","","","no_candidates","uncertain"
"v1","32","32:774:Kugou","Kugou","apple_music_catalog","1868294171","","Kita Buat Menyenangkan","Bernadya","Kita Buat Menyenangkan - Single","250.0","","","","","","","","","","","","","","","","no_candidates","uncertain"
"v1","32","32:774:QQ","QQ","apple_music_catalog","1868294171","","Kita Buat Menyenangkan","Bernadya","Kita Buat Menyenangkan - Single","250.0","","","","","","","","","","","","","","","","no_candidates","uncertain"
"v1","32","32:775:NetEase","NetEase","apple_music_catalog","1814569054","","Titik Nadir (feat. Monita Tahalea)","Kahitna","Titik Nadir (feat. Monita Tahalea) - Single","245.0","feat","48353667e1b4880bb364","Titik Nadir (feat. Luthfi Ghostfingers) (Live Acoustic)","Debu / Luthfi Ghostfingers","","213.838","live|acoustic|feat","0","","","","","","","","below_threshold","uncertain"
"v1","32","32:775:QQ","QQ","apple_music_catalog","1814569054","","Titik Nadir (feat. Monita Tahalea)","Kahitna","Titik Nadir (feat. Monita Tahalea) - Single","245.0","feat","","","","","","","","","","","","","","","no_candidates","uncertain"
"v1","32","32:776:Kugou","Kugou","apple_music_catalog","1875212140","","1000X","Ghea Indrawari","1000X - Single","252.0","","","","","","","","","","","","","","","","no_candidates","uncertain"
"v1","32","32:776:QQ","QQ","apple_music_catalog","1875212140","","1000X","Ghea Indrawari","1000X - Single","252.0","","","","","","","","","","","","","","","","no_candidates","uncertain"
"v1","32","32:777:Kugou","Kugou","apple_music_catalog","1699730098","","Terbuang Dalam Waktu","Barasuara","Terbuang Dalam Waktu - Single","279.0","","","","","","","","","","","","","","","","no_candidates","uncertain"
"v1","32","32:777:LRCLIB","LRCLIB","apple_music_catalog","1699730098","","Terbuang Dalam Waktu","Barasuara","Terbuang Dalam Waktu - Single","279.0","","b26fdda252ee6b29cd94","Terbuang Dalam Waktu","Barasuara","","299.0","","0","","","","","","","","below_threshold","uncertain"
"v1","32","32:777:QQ","QQ","apple_music_catalog","1699730098","","Terbuang Dalam Waktu","Barasuara","Terbuang Dalam Waktu - Single","279.0","","","","","","","","","","","","","","","","no_candidates","uncertain"
"v1","32","32:778:Kugou","Kugou","apple_music_catalog","1884301907","","Sempurnanya Aku","NPD","Sempurnanya Aku - Single","229.0","","","","","","","","","","","","","","","","no_candidates","uncertain"
"v1","32","32:778:QQ","QQ","apple_music_catalog","1884301907","","Sempurnanya Aku","NPD","Sempurnanya Aku - Single","229.0","","","","","","","","","","","","","","","","no_candidates","uncertain"
"v1","32","32:779:Kugou","Kugou","apple_music_catalog","1639765384","","Adu Rayu","Yovie Widianto, Tulus & Glenn Fredly","Adu Rayu - Single","208.0","","","","","","","","","","","","","","","","no_candidates","uncertain"
"v1","32","32:779:LRCLIB","LRCLIB","apple_music_catalog","1639765384","","Adu Rayu","Yovie Widianto, Tulus & Glenn Fredly","Adu Rayu - Single","208.0","","28a2060100de881229c3","Adu Rayu","Song, Yovie Widianto, Tulus, Glenn Fredly","","207.0","","87","d5ff1efc79f740726d7d","Adu Rayu","Yovie Widianto, Tulus, Glenn Fredly, Adu Rayu, 2019","","208.0","","83","ambiguous_gap","uncertain"
"v1","32","32:779:LRCMux","LRCMux","apple_music_catalog","1639765384","","Adu Rayu","Yovie Widianto, Tulus & Glenn Fredly","Adu Rayu - Single","208.0","","8306ab910565a9866854","Adu Rayu","Yovie Widianto","","207.0","","0","","","","","","","","below_threshold","uncertain"
"v1","32","32:779:QQ","QQ","apple_music_catalog","1639765384","","Adu Rayu","Yovie Widianto, Tulus & Glenn Fredly","Adu Rayu - Single","208.0","","","","","","","","","","","","","","","","no_candidates","uncertain"
"v1","32","32:780:Kugou","Kugou","apple_music_catalog","1760139480","","Tarot",".Feast","Membangun & Menghancurkan","289.0","","","","","","","","","","","","","","","","no_candidates","uncertain"
"v1","32","32:780:LRCLIB","LRCLIB","apple_music_catalog","1760139480","","Tarot",".Feast","Membangun & Menghancurkan","289.0","","049baa414c0d032a51f3","Tarot",".Feast","","867.0","","0","","","","","","","","below_threshold","uncertain"
"v1","32","32:780:QQ","QQ","apple_music_catalog","1760139480","","Tarot",".Feast","Membangun & Menghancurkan","289.0","","","","","","","","","","","","","","","","no_candidates","uncertain"
"v1","32","32:781:Kugou","Kugou","apple_music_catalog","1830230463","","Gemilang","Perunggu","Dalam Dinamika","301.0","","","","","","","","","","","","","","","","no_candidates","uncertain"
"v1","32","32:781:QQ","QQ","apple_music_catalog","1830230463","","Gemilang","Perunggu","Dalam Dinamika","301.0","","","","","","","","","","","","","","","","no_candidates","uncertain"
"v1","32","32:782:Kugou","Kugou","apple_music_catalog","1844473583","","MALU MALU","dia & INDAHKUS","MALU MALU - Single","206.0","","","","","","","","","","","","","","","","no_candidates","uncertain"
"v1","32","32:782:LRCLIB","LRCLIB","apple_music_catalog","1844473583","","MALU MALU","dia & INDAHKUS","MALU MALU - Single","206.0","","6d75b538d2908e42b6be","MALU MALU","dia & INDAHKUS","","2520.0","","0","","","","","","","","below_threshold","uncertain"
"v1","32","32:782:QQ","QQ","apple_music_catalog","1844473583","","MALU MALU","dia & INDAHKUS","MALU MALU - Single","206.0","","","","","","","","","","","","","","","","no_candidates","uncertain"
"v1","32","32:783:Kugou","Kugou","apple_music_catalog","6764270080","","Astaga Bercanda","Akbar Chalay & Mingse","Astaga Bercanda - Single","167.0","","","","","","","","","","","","","","","","no_candidates","uncertain"
"v1","32","32:783:QQ","QQ","apple_music_catalog","6764270080","","Astaga Bercanda","Akbar Chalay & Mingse","Astaga Bercanda - Single","167.0","","","","","","","","","","","","","","","","no_candidates","uncertain"
"v1","32","32:784:Kugou","Kugou","apple_music_catalog","1775877096","","Merry Christmas, Please Don't Call","Bleachers","Merry Christmas, Please Don't Call - Single","202.0","","","","","","","","","","","","","","","","no_candidates","uncertain"
"v1","32","32:784:QQ","QQ","apple_music_catalog","1775877096","","Merry Christmas, Please Don't Call","Bleachers","Merry Christmas, Please Don't Call - Single","202.0","","","","","","","","","","","","","","","","no_candidates","uncertain"
"v1","32","32:785:Kugou","Kugou","apple_music_catalog","1612164263","","Jatuh Suka","Tulus","Manusia","235.0","","","","","","","","","","","","","","","","no_candidates","uncertain"
"v1","32","32:785:QQ","QQ","apple_music_catalog","1612164263","","Jatuh Suka","Tulus","Manusia","235.0","","","","","","","","","","","","","","","","no_candidates","uncertain"
"v1","32","32:786:Kugou","Kugou","apple_music_catalog","1867165290","","33x","Perunggu","Memorandum","435.0","","","","","","","","","","","","","","","","no_candidates","uncertain"
"v1","32","32:786:LRCLIB","LRCLIB","apple_music_catalog","1867165290","","33x","Perunggu","Memorandum","435.0","","f372a0694c921e1b17e9","33x","Perunggu","","273.0","","0","","","","","","","","below_threshold","uncertain"
"v1","32","32:786:QQ","QQ","apple_music_catalog","1867165290","","33x","Perunggu","Memorandum","435.0","","","","","","","","","","","","","","","","no_candidates","uncertain"
"v1","32","32:787:Kugou","Kugou","apple_music_catalog","1766383338","","Backburner","NIKI","Nicole","237.0","","378f271cc1d43d6cbee3","Backburner","NIKI","","236.564","","95","558f6fae84be32e470d0","Backburner","NIKI","","236.0","","95","ambiguous_gap","uncertain"
"v1","32","32:787:LRCLIB","LRCLIB","apple_music_catalog","1766383338","","Backburner","NIKI","Nicole","237.0","","4c3d713a0919deb3bb82","Backburner","NIKI","","4.0","","0","","","","","","","","below_threshold","uncertain"
"v1","32","32:787:QQ","QQ","apple_music_catalog","1766383338","","Backburner","NIKI","Nicole","237.0","","","","","","","","","","","","","","","","no_candidates","uncertain"
"v1","32","32:788:Kugou","Kugou","apple_music_catalog","1843272861","","SO ASU","Naykilla","SO ASU - Single","156.0","","","","","","","","","","","","","","","","no_candidates","uncertain"
"v1","32","32:788:QQ","QQ","apple_music_catalog","1843272861","","SO ASU","Naykilla","SO ASU - Single","156.0","","","","","","","","","","","","","","","","no_candidates","uncertain"
"v1","32","32:789:Kugou","Kugou","apple_music_catalog","1754900346","","Penyangkalan","For Revenge","Penyangkalan - Single","241.0","","","","","","","","","","","","","","","","no_candidates","uncertain"
"v1","32","32:789:LRCLIB","LRCLIB","apple_music_catalog","1754900346","","Penyangkalan","For Revenge","Penyangkalan - Single","241.0","","8d7fa0e4db067cc9c485","Penyangkalan","for Revenge","","308.0","","0","","","","","","","","below_threshold","uncertain"
"v1","32","32:789:QQ","QQ","apple_music_catalog","1754900346","","Penyangkalan","For Revenge","Penyangkalan - Single","241.0","","","","","","","","","","","","","","","","no_candidates","uncertain"
"v1","32","32:790:QQ","QQ","apple_music_catalog","1842131302","","Alamak","Rizky Febian & Adrian Khalif","Alamak - Single","209.0","","","","","","","","","","","","","","","","no_candidates","uncertain"
"v1","32","32:791:Kugou","Kugou","apple_music_catalog","1885485750","","Rabun Jauh","Bernadya","Rabun Jauh - Single","175.0","","","","","","","","","","","","","","","","no_candidates","uncertain"
"v1","32","32:791:LRCLIB","LRCLIB","apple_music_catalog","1885485750","","Rabun Jauh","Bernadya","Rabun Jauh - Single","175.0","","fd4022be92767bc6d17e","Rabun Jauh","Bernadya","","213.0","","0","","","","","","","","below_threshold","uncertain"
"v1","32","32:791:QQ","QQ","apple_music_catalog","1885485750","","Rabun Jauh","Bernadya","Rabun Jauh - Single","175.0","","","","","","","","","","","","","","","","no_candidates","uncertain"
"v1","32","32:792:Kugou","Kugou","apple_music_catalog","1612164667","","Hati-Hati di Jalan","Tulus","Manusia","242.0","","","","","","","","","","","","","","","","no_candidates","uncertain"
"v1","32","32:792:LRCLIB","LRCLIB","apple_music_catalog","1612164667","","Hati-Hati di Jalan","Tulus","Manusia","242.0","","96ed4d6b13ca67d100fc","Hati‐Hati di Jalan","Tulus","","262.0","","0","","","","","","","","below_threshold","uncertain"
"v1","32","32:792:QQ","QQ","apple_music_catalog","1612164667","","Hati-Hati di Jalan","Tulus","Manusia","242.0","","","","","","","","","","","","","","","","no_candidates","uncertain"
"v1","32","32:793:Kugou","Kugou","apple_music_catalog","1440853083","","My Everything","Ariana Grande","My Everything (Bonus Tracks Edition)","168.0","","04d72b9ab3633596e56b","My Everything","Ariana Grande","","168.515","","95","8f67ca40004db88ba941","My Everything","Ariana Grande","","168.0","","95","ambiguous_gap","uncertain"
"v1","32","32:793:NetEase","NetEase","apple_music_catalog","1440853083","","My Everything","Ariana Grande","My Everything (Bonus Tracks Edition)","168.0","","df3e22f07445c2b34141","My Everything","Ariana Grande","","168.52","","95","9c548eaa849ebc3247b6","My Everything","Ariana Grande","","168.478","","95","ambiguous_gap","uncertain"
"v1","32","32:793:QQ","QQ","apple_music_catalog","1440853083","","My Everything","Ariana Grande","My Everything (Bonus Tracks Edition)","168.0","","","","","","","","","","","","","","","","no_candidates","uncertain"
"v1","32","32:794:Kugou","Kugou","apple_music_catalog","1749943602","","Nina",".Feast","Nina - Single","278.0","","","","","","","","","","","","","","","","no_candidates","uncertain"
"v1","32","32:794:QQ","QQ","apple_music_catalog","1749943602","","Nina",".Feast","Nina - Single","278.0","","","","","","","","","","","","","","","","no_candidates","uncertain"
"v1","32","32:795:Kugou","Kugou","apple_music_catalog","1753913505","","Soulmate","Kahitna","Soulmate","211.0","","8fde8af43dec0d1c5e5c","Soulmate","Kahitna","","211.0","","95","50bc0e2b2d4925a82131","Soulmate","Kahitna","","210.0","","95","ambiguous_gap","uncertain"
"v1","32","32:795:NetEase","NetEase","apple_music_catalog","1753913505","","Soulmate","Kahitna","Soulmate","211.0","","a55a76fbe1579cd39d1f","Soulmate","Kahitna","","211.301","","95","76b589d832809ed21b09","Soulmate","Kahitna","","211.508","","95","ambiguous_gap","uncertain"
"v1","32","32:795:QQ","QQ","apple_music_catalog","1753913505","","Soulmate","Kahitna","Soulmate","211.0","","","","","","","","","","","","","","","","no_candidates","uncertain"
"v1","32","32:796:Kugou","Kugou","apple_music_catalog","1694217962","","Kita Ke Sana","Hindia","Lagipula Hidup Akan Berakhir","283.0","","","","","","","","","","","","","","","","no_candidates","uncertain"
"v1","32","32:796:QQ","QQ","apple_music_catalog","1694217962","","Kita Ke Sana","Hindia","Lagipula Hidup Akan Berakhir","283.0","","","","","","","","","","","","","","","","no_candidates","uncertain"
"v1","32","32:797:Kugou","Kugou","apple_music_catalog","1806176608","","You'll Be In My Heart","NIKI","You'll Be In My Heart - Single","242.0","","2106f43c27e37079f18f","You'll Be in My Heart (Spotify Singles)","NIKI","","241.0","","0","","","","","","","","below_threshold","uncertain"
"v1","32","32:797:NetEase","NetEase","apple_music_catalog","1806176608","","You'll Be In My Heart","NIKI","You'll Be In My Heart - Single","242.0","","eadaebf67872a310e98b","You'll Be In My Heart","Phil Collins","","257.773","","0","b240bc46be5f9082f8dd","You'll Be In My Heart 〜そばに〜","橘杏咲","","238.884","","0","below_threshold","uncertain"
"v1","32","32:797:QQ","QQ","apple_music_catalog","1806176608","","You'll Be In My Heart","NIKI","You'll Be In My Heart - Single","242.0","","","","","","","","","","","","","","","","no_candidates","uncertain"
"v1","32","32:798:Kugou","Kugou","apple_music_catalog","1766383800","","Oceans & Engines","NIKI","Nicole","336.0","","9685e833d1a4f41e0a56","Oceans & Engines","NIKI","","336.0","","95","2e3b8d74987667bda8dd","Oceans and Engines","NIKI","","336.0","","90","ambiguous_gap","uncertain"
"v1","32","32:798:LRCLIB","LRCLIB","apple_music_catalog","1766383800","","Oceans & Engines","NIKI","Nicole","336.0","","8af8ea0c4d1bbc5c58bf","Oceans & Engines","NIKI","","1018.0","","0","","","","","","","","below_threshold","uncertain"
"v1","32","32:798:NetEase","NetEase","apple_music_catalog","1766383800","","Oceans & Engines","NIKI","Nicole","336.0","","2c4c80f95e37dbbec60a","Oceans & Engines","NIKI","","336.0","","95","0d0aee0a86522ef7b2ba","Oceans and Engines","NIKI","","336.0","","90","ambiguous_gap","uncertain"
"v1","32","32:798:QQ","QQ","apple_music_catalog","1766383800","","Oceans & Engines","NIKI","Nicole","336.0","","","","","","","","","","","","","","","","no_candidates","uncertain"
"v1","32","32:799:Kugou","Kugou","apple_music_catalog","1749498368","","Lampu Kuning","Juicy Luicy","Nonfiksi","239.0","","","","","","","","","","","","","","","","no_candidates","uncertain"
"v1","32","32:799:QQ","QQ","apple_music_catalog","1749498368","","Lampu Kuning","Juicy Luicy","Nonfiksi","239.0","","","","","","","","","","","","","","","","no_candidates","uncertain"
"v1","32","32:800:Kugou","Kugou","apple_music_catalog","1440861227","","Almost Is Never Enough","Ariana Grande & Nathan Sykes","Yours Truly","328.0","","781a45dbd46559c78c82","Almost Is Never Enough","Ariana Grande、Nathan Sykes","","327.81","","95","902ee8befb42709306c3","Almost Is Never Enough","Nathan Sykes、Ariana Grande","","327.81","","95","ambiguous_gap","uncertain"
"v1","32","32:800:LRCLIB","LRCLIB","apple_music_catalog","1440861227","","Almost Is Never Enough","Ariana Grande & Nathan Sykes","Yours Truly","328.0","","a822a0edb2b310522dbd","Almost Is Never Enough","Ariana Grande & Nathan Sykes","","328.0","","95","11b1031a678419edecf3","Almost Is Never Enough","Ariana Grande • Nathan Sykes","","328.0","","95","ambiguous_gap","uncertain"
"v1","32","32:800:QQ","QQ","apple_music_catalog","1440861227","","Almost Is Never Enough","Ariana Grande & Nathan Sykes","Yours Truly","328.0","","","","","","","","","","","","","","","","no_candidates","uncertain"
"v1","32","32:801:Kugou","Kugou","apple_music_catalog","1837433138","","Sedia Aku Sebelum Hujan","Idgitaf","Sedia Aku Sebelum Hujan - Single","230.0","","","","","","","","","","","","","","","","no_candidates","uncertain"
"v1","32","32:801:LRCLIB","LRCLIB","apple_music_catalog","1837433138","","Sedia Aku Sebelum Hujan","Idgitaf","Sedia Aku Sebelum Hujan - Single","230.0","","c967ec94ee8fe70017e0","Sedia Aku Sebelum Hujan","Idgitaf","","356.0","","0","","","","","","","","below_threshold","uncertain"
"v1","32","32:801:QQ","QQ","apple_music_catalog","1837433138","","Sedia Aku Sebelum Hujan","Idgitaf","Sedia Aku Sebelum Hujan - Single","230.0","","","","","","","","","","","","","","","","no_candidates","uncertain"
"v1","32","32:802:LRCLIB","LRCLIB","apple_music_catalog","1440616470","","Favorite Girl","Justin Bieber","My World (iTunes Exclusive Edition)","257.0","","79f6c54b13db19c70ab0","Favorite Girl","Justin Bieber","","231.0","","0","","","","","","","","below_threshold","uncertain"
"v1","32","32:802:QQ","QQ","apple_music_catalog","1440616470","","Favorite Girl","Justin Bieber","My World (iTunes Exclusive Edition)","257.0","","","","","","","","","","","","","","","","no_candidates","uncertain"
"v1","32","32:803:Kugou","Kugou","apple_music_catalog","289076746","","The Man Who Can't Be Moved","The Script","The Script (Deluxe)","241.0","deluxe","fedb47f62a30bdbe650f","The Man Who Cant Be Moved - The Script","Studio 174","","239.0","","0","","","","","","","","below_threshold","uncertain"
"v1","32","32:803:NetEase","NetEase","apple_music_catalog","289076746","","The Man Who Can't Be Moved","The Script","The Script (Deluxe)","241.0","deluxe","e33a11207ed278304e8f","The Man Who Can't Be Moved","The Script","","241.423","","95","c705c233273c6a3e17a8","The Man Who Can't Be Moved","The Script","","242.285","","95","ambiguous_gap","uncertain"
"v1","32","32:803:QQ","QQ","apple_music_catalog","289076746","","The Man Who Can't Be Moved","The Script","The Script (Deluxe)","241.0","deluxe","","","","","","","","","","","","","","","no_candidates","uncertain"
"v1","32","32:804:Kugou","Kugou","apple_music_catalog","1537179895","","Siapkah Kau 'Tuk Jatuh Cinta Lagi","HIVI!","Siapkah Kau 'Tuk Jatuh Cinta Lagi - Single","280.0","","","","","","","","","","","","","","","","no_candidates","uncertain"
"v1","32","32:804:LRCLIB","LRCLIB","apple_music_catalog","1537179895","","Siapkah Kau 'Tuk Jatuh Cinta Lagi","HIVI!","Siapkah Kau 'Tuk Jatuh Cinta Lagi - Single","280.0","","c55ff45fc9397b46e1aa","Siapkah Kau 'tuk Jatuh Cinta Lagi","HIVI!","","279.0","","95","ece7b103cc2a3f2257d6","Siapkah Kau 'tuk Jatuh Cinta Lagi (feat. Andi Rianto)","HIVI!","","279.0","feat","95","ambiguous_gap","uncertain"
"v1","32","32:804:QQ","QQ","apple_music_catalog","1537179895","","Siapkah Kau 'Tuk Jatuh Cinta Lagi","HIVI!","Siapkah Kau 'Tuk Jatuh Cinta Lagi - Single","280.0","","","","","","","","","","","","","","","","no_candidates","uncertain"
"v1","32","32:805:Kugou","Kugou","apple_music_catalog","1691585282","","Cincin","Hindia","Lagipula Hidup Akan Berakhir","266.0","","","","","","","","","","","","","","","","no_candidates","uncertain"
"v1","32","32:805:LRCLIB","LRCLIB","apple_music_catalog","1691585282","","Cincin","Hindia","Lagipula Hidup Akan Berakhir","266.0","","d762a0937fa93049ada5","Cincin","Hindia","","289.0","","0","","","","","","","","below_threshold","uncertain"
"v1","32","32:805:QQ","QQ","apple_music_catalog","1691585282","","Cincin","Hindia","Lagipula Hidup Akan Berakhir","266.0","","","","","","","","","","","","","","","","no_candidates","uncertain"
"v1","32","32:806:Kugou","Kugou","apple_music_catalog","1632620145","","Serana","For Revenge","Serana - Single","251.0","","e6d1a6f931bc5ad63047","Serana For Revenge","Deryl Solo Drum","","286.0","","0","","","","","","","","below_threshold","uncertain"
"v1","32","32:806:NetEase","NetEase","apple_music_catalog","1632620145","","Serana","For Revenge","Serana - Single","251.0","","c7337e4eca26dd16d12c","Serana","For Revenge","","250.044","","95","86cd048f456c3d8a74be","Serana","For Revenge","","251.076","","95","ambiguous_gap","uncertain"
"v1","32","32:806:QQ","QQ","apple_music_catalog","1632620145","","Serana","For Revenge","Serana - Single","251.0","","","","","","","","","","","","","","","","no_candidates","uncertain"
"v1","32","32:807:Kugou","Kugou","apple_music_catalog","1870566304","","Kicau Mania","Ndarboy Genk, Banditoz Yaow 86 & BoyCord","Kicau Mania - Single","224.0","","","","","","","","","","","","","","","","no_candidates","uncertain"
"v1","32","32:807:LRCLIB","LRCLIB","apple_music_catalog","1870566304","","Kicau Mania","Ndarboy Genk, Banditoz Yaow 86 & BoyCord","Kicau Mania - Single","224.0","","e14eb4fb10afc2147a70","Kicau Mania","Song, Ndarboy Genk, Banditoz Yaow 86, BoyCord","","224.0","","87","5a913633edb6966b0688","Kicau Mania","Ndarboy Genk, Banditoz Yaow 86, BoyCord, 33M plays","","224.0","","87","ambiguous_gap","uncertain"
"v1","32","32:807:LRCMux","LRCMux","apple_music_catalog","1870566304","","Kicau Mania","Ndarboy Genk, Banditoz Yaow 86 & BoyCord","Kicau Mania - Single","224.0","","b2371f44a5eafc07e103","Kicau Mania","Ndarboy Genk","","224.0","","0","","","","","","","","below_threshold","uncertain"
"v1","32","32:807:QQ","QQ","apple_music_catalog","1870566304","","Kicau Mania","Ndarboy Genk, Banditoz Yaow 86 & BoyCord","Kicau Mania - Single","224.0","","","","","","","","","","","","","","","","no_candidates","uncertain"
"v1","32","32:808:LRCMux","LRCMux","apple_music_catalog","326503967","","Kasih Putih","Glenn Fredly","Kembali","237.0","","f4bc797dc61eb05efeee","Kasih Putih","Yovie Widianto","","237.0","","0","","","","","","","","below_threshold","uncertain"
"v1","32","32:808:NetEase","NetEase","apple_music_catalog","326503967","","Kasih Putih","Glenn Fredly","Kembali","237.0","","a29693393a7df9a75e9a","Kasih Putih","Glenn Fredly","","237.061","","95","e858b987257bd2781e66","Kasih Putih","Glenn Fredly","","234.344","","91","ambiguous_gap","uncertain"
"v1","32","32:808:QQ","QQ","apple_music_catalog","326503967","","Kasih Putih","Glenn Fredly","Kembali","237.0","","","","","","","","","","","","","","","","no_candidates","uncertain"
"v1","32","32:809:Kugou","Kugou","apple_music_catalog","1612164256","","Interaksi","Tulus","Manusia","170.0","","","","","","","","","","","","","","","","no_candidates","uncertain"
"v1","32","32:809:QQ","QQ","apple_music_catalog","1612164256","","Interaksi","Tulus","Manusia","170.0","","","","","","","","","","","","","","","","no_candidates","uncertain"
"v1","32","32:810:Kugou","Kugou","apple_music_catalog","853560088","","Cinta Dan Rahasia (feat. Glenn Fredly)","Yura Yunita","Yura","262.0","feat","01d8222068af3a611266","Cinta Dan Rahasia","Yura Yunita、glenn fredly","","262.086","","80","c4b44eb777db70594c29","Cinta Dan Rahasia","glenn fredly、Yura Yunita","","262.086","","80","ambiguous_gap","uncertain"
"v1","32","32:810:QQ","QQ","apple_music_catalog","853560088","","Cinta Dan Rahasia (feat. Glenn Fredly)","Yura Yunita","Yura","262.0","feat","","","","","","","","","","","","","","","no_candidates","uncertain"
"v1","32","32:811:Kugou","Kugou","apple_music_catalog","1481804589","","Rumah Ke Rumah","Hindia","Menari Dengan Bayangan","277.0","","","","","","","","","","","","","","","","no_candidates","uncertain"
"v1","32","32:811:QQ","QQ","apple_music_catalog","1481804589","","Rumah Ke Rumah","Hindia","Menari Dengan Bayangan","277.0","","","","","","","","","","","","","","","","no_candidates","uncertain"
"v1","32","32:812:Kugou","Kugou","apple_music_catalog","1669413658","","Sialan","Adrian Khalif & Juicy Luicy","Sialan - Single","241.0","","","","","","","","","","","","","","","","no_candidates","uncertain"
"v1","32","32:812:QQ","QQ","apple_music_catalog","1669413658","","Sialan","Adrian Khalif & Juicy Luicy","Sialan - Single","241.0","","","","","","","","","","","","","","","","no_candidates","uncertain"
"v1","32","32:813:Kugou","Kugou","apple_music_catalog","1590368894","","All Too Well (10 Minute Version) [Taylor's Version] [From The Vault]","Taylor Swift","Red (Taylor’s Version) [+ A Message from Taylor]","613.0","","a3fe5242c0d9534971c2","All Too Well (Ten Minute Version)(Taylor\\'s Version)(From The Vault)","Taylor Swift","","613.317","","95","273cb2c47f27ba6e9f61","All Too Well","Taylor Swift","","613.041","","95","ambiguous_gap","uncertain"
"v1","32","32:813:LRCLIB","LRCLIB","apple_music_catalog","1590368894","","All Too Well (10 Minute Version) [Taylor's Version] [From The Vault]","Taylor Swift","Red (Taylor’s Version) [+ A Message from Taylor]","613.0","","f9a55ace3990bf993533","All Too Well (10 minute version) (Taylor’s version) (from The Vault)","Taylor Swift","","895.0","","0","","","","","","","","below_threshold","uncertain"
"v1","32","32:813:QQ","QQ","apple_music_catalog","1590368894","","All Too Well (10 Minute Version) [Taylor's Version] [From The Vault]","Taylor Swift","Red (Taylor’s Version) [+ A Message from Taylor]","613.0","","","","","","","","","","","","","","","","no_candidates","uncertain"
"v1","32","32:814:Kugou","Kugou","apple_music_catalog","1639768073","","Mantan Terindah","Yovie Widianto & Raisa","Yovie and His Friends: IRREPLACEABLE (#takkanterganti)","208.0","","","","","","","","","","","","","","","","no_candidates","uncertain"
"v1","32","32:814:LRCLIB","LRCLIB","apple_music_catalog","1639768073","","Mantan Terindah","Yovie Widianto & Raisa","Yovie and His Friends: IRREPLACEABLE (#takkanterganti)","208.0","","c26611f4b98f62c16297","Mantan Terindah","Yovie Widianto, Raisa","","3.0","","0","","","","","","","","below_threshold","uncertain"
"v1","32","32:814:QQ","QQ","apple_music_catalog","1639768073","","Mantan Terindah","Yovie Widianto & Raisa","Yovie and His Friends: IRREPLACEABLE (#takkanterganti)","208.0","","","","","","","","","","","","","","","","no_candidates","uncertain"
"v1","32","32:815:Kugou","Kugou","apple_music_catalog","1834078450","","Kalapastangan","fitterkarma","Kalapastangan - Single","276.0","","","","","","","","","","","","","","","","no_candidates","uncertain"
"v1","32","32:815:NetEase","NetEase","apple_music_catalog","1834078450","","Kalapastangan","fitterkarma","Kalapastangan - Single","276.0","","6e061a6c4199f3947c00","Kalapastangan (Reggae Version)","fitterkarma","","218.32","","0","523414a40136bfec98c3","Kalapastangan -Fitterkarma (AI Rework | Emotional Cinematic Alternative Ballad Version)","Jeyronix Reworks","","314.537","","0","below_threshold","uncertain"
"v1","32","32:815:QQ","QQ","apple_music_catalog","1834078450","","Kalapastangan","fitterkarma","Kalapastangan - Single","276.0","","","","","","","","","","","","","","","","no_candidates","uncertain"
"v1","32","32:816:Kugou","Kugou","apple_music_catalog","1766905828","","Multo","Cup of Joe","Multo - Single","238.0","","6bd343db9697bb03967f","Multo | Cup of Joe","Husai","","309.0","","0","2919fbba7c7dfdfb4e8d","Multo Cup of Joe","Jone Mark Gellada","","235.0","","0","below_threshold","uncertain"
"v1","32","32:816:QQ","QQ","apple_music_catalog","1766905828","","Multo","Cup of Joe","Multo - Single","238.0","","","","","","","","","","","","","","","","no_candidates","uncertain"
"v1","32","32:817:Kugou","Kugou","apple_music_catalog","1874403321","","Since Day One (feat. Flow G)","Skusta Clee","Since Day One (feat. Flow G) - Single","191.0","feat","","","","","","","","","","","","","","","no_candidates","uncertain"
"v1","32","32:817:NetEase","NetEase","apple_music_catalog","1874403321","","Since Day One (feat. Flow G)","Skusta Clee","Since Day One (feat. Flow G) - Single","191.0","feat","7e39b431e2aa98d78a08","Since Day One (feat. Outlaw)","Spectacular Diagnostics","","89.318","feat","0","285259e566f4aeaf2fa9","Since Day One (Funky Groove)","Akishi","","223.19","","0","below_threshold","uncertain"
"v1","32","32:817:QQ","QQ","apple_music_catalog","1874403321","","Since Day One (feat. Flow G)","Skusta Clee","Since Day One (feat. Flow G) - Single","191.0","feat","","","","","","","","","","","","","","","no_candidates","uncertain"
"v1","32","32:818:Kugou","Kugou","apple_music_catalog","1834078412","","Pag-Ibig ay Kanibalismo II","fitterkarma","Pag-Ibig ay Kanibalismo II - Single","207.0","","1f7659c9cbd3635b4c0a","Pag-ibig ay Kanibalismo II-Fitterkarma (Acoustic Cover)","Beestudio","","214.0","acoustic|cover","0","","","","","","","","below_threshold","uncertain"
"v1","32","32:818:QQ","QQ","apple_music_catalog","1834078412","","Pag-Ibig ay Kanibalismo II","fitterkarma","Pag-Ibig ay Kanibalismo II - Single","207.0","","","","","","","","","","","","","","","","no_candidates","uncertain"
"v1","32","32:819:LRCLIB","LRCLIB","apple_music_catalog","1725877965","","supernatural","Ariana Grande","eternal sunshine","163.0","","b30dcd48a9918e131154","supernatural","Ariana Grande","","192.0","","0","","","","","","","","below_threshold","uncertain"
"v1","32","32:819:QQ","QQ","apple_music_catalog","1725877965","","supernatural","Ariana Grande","eternal sunshine","163.0","","","","","","","","","","","","","","","","no_candidates","uncertain"
"v1","32","32:820:Kugou","Kugou","apple_music_catalog","1862445191","","Rosas (feat. Skusta Clee)","Yuridope","Rosas","250.0","feat","","","","","","","","","","","","","","","no_candidates","uncertain"
"v1","32","32:820:QQ","QQ","apple_music_catalog","1862445191","","Rosas (feat. Skusta Clee)","Yuridope","Rosas","250.0","feat","","","","","","","","","","","","","","","no_candidates","uncertain"
"v1","32","32:821:Kugou","Kugou","apple_music_catalog","1821585685","","Panaginip","nicole","Panaginip - Single","317.0","","","","","","","","","","","","","","","","no_candidates","uncertain"
"v1","32","32:821:NetEase","NetEase","apple_music_catalog","1821585685","","Panaginip","nicole","Panaginip - Single","317.0","","4e9372b99a1aadb2b69c","Panaginip (Stripped)","nicole","","310.153","","0","4fca1bb6a9471e4d4d83","Panaginip - Nicole (AI Rework | Cinematic Alternative Pop Rock Ballad)","Jeyronix Reworks","","357.378","","0","below_threshold","uncertain"
"v1","32","32:821:QQ","QQ","apple_music_catalog","1821585685","","Panaginip","nicole","Panaginip - Single","317.0","","","","","","","","","","","","","","","","no_candidates","uncertain"
"v1","32","32:822:Kugou","Kugou","apple_music_catalog","1515131043","","Lifetime","Ben&Ben","Lifetime - Single","172.0","","5cb6ce2eea11266ff403","Lifetime","Ben&Ben","","171.572","","95","8ab2be3dac6469a95f9c","Lifetime","Ben&Ben","","171.0","","95","ambiguous_gap","uncertain"
"v1","32","32:822:QQ","QQ","apple_music_catalog","1515131043","","Lifetime","Ben&Ben","Lifetime - Single","172.0","","","","","","","","","","","","","","","","no_candidates","uncertain"
"v1","32","32:823:Kugou","Kugou","apple_music_catalog","1870054960","","Halik Sobrang Diin Pt. 2 (feat. Louie Grammz & Mi'Kel)","Gat Putch","Halik Sobrang Diin Pt. 2 (feat. Louie Grammz & Mi'Kel) - Single","214.0","feat","42c22e5708f13ae3f307","Halik Sobrang Diin Pt. 2 (Explicit)","Gat Putch、Louie Grammz、Mi'Kel","","213.0","","0","01f125a1d01862df9522","Halik Sobrang Diin Pt. 2 (feat. Louie Grammz & Mi'kel)(Explicit)","Gat Putch、Louie Grammz、Mi'Kel","","213.0","feat","0","below_threshold","uncertain"
"v1","32","32:823:NetEase","NetEase","apple_music_catalog","1870054960","","Halik Sobrang Diin Pt. 2 (feat. Louie Grammz & Mi'Kel)","Gat Putch","Halik Sobrang Diin Pt. 2 (feat. Louie Grammz & Mi'Kel) - Single","214.0","feat","346716e79aa1181ad0b9","Halik Sobrang Diin Pt. 2","Gat Putch / Louie Grammz / Mi'kel","","213.529","","0","2bb9206e279717012e3b","Meditación y Reiki","Yoga Música Conjunto","","241.488","","0","below_threshold","uncertain"
"v1","32","32:823:QQ","QQ","apple_music_catalog","1870054960","","Halik Sobrang Diin Pt. 2 (feat. Louie Grammz & Mi'Kel)","Gat Putch","Halik Sobrang Diin Pt. 2 (feat. Louie Grammz & Mi'Kel) - Single","214.0","feat","","","","","","","","","","","","","","","no_candidates","uncertain"
"v1","32","32:824:Kugou","Kugou","apple_music_catalog","1818290178","","kahel na langit","Maki","kahel na langit - Single","216.0","","","","","","","","","","","","","","","","no_candidates","uncertain"
"v1","32","32:824:QQ","QQ","apple_music_catalog","1818290178","","kahel na langit","Maki","kahel na langit - Single","216.0","","","","","","","","","","","","","","","","no_candidates","uncertain"
"v1","32","32:825:Kugou","Kugou","apple_music_catalog","1742057775","","Fortnight (feat. Post Malone)","Taylor Swift","THE TORTURED POETS DEPARTMENT: THE ANTHOLOGY","229.0","feat","59ce893a2eb7dbcf5171","Fortnight","Taylor Swift、Post Malone","","228.0","","80","98c086d2cf14363942f4","Fortnight","Taylor Swift、Post Malone","","229.015","","80","ambiguous_gap","uncertain"
"v1","32","32:825:LRCLIB","LRCLIB","apple_music_catalog","1742057775","","Fortnight (feat. Post Malone)","Taylor Swift","THE TORTURED POETS DEPARTMENT: THE ANTHOLOGY","229.0","feat","200a01883ce7c7e54cf5","Fortnight (feat. Post Malone)","Taylor Swift","","72.0","feat","0","","","","","","","","below_threshold","uncertain"
"v1","32","32:825:QQ","QQ","apple_music_catalog","1742057775","","Fortnight (feat. Post Malone)","Taylor Swift","THE TORTURED POETS DEPARTMENT: THE ANTHOLOGY","229.0","feat","","","","","","","","","","","","","","","no_candidates","uncertain"
"v1","32","32:826:Kugou","Kugou","apple_music_catalog","1766383512","","The Apartment We Won't Share","NIKI","Nicole","150.0","","e45b5a5aa86de0a5c5a4","The Apartment We Won't Share","NIKI","","149.89","","95","583014cae25154e077ef","The Apartment We Won\\'t Share","NIKI","","149.0","","95","ambiguous_gap","uncertain"
"v1","32","32:827:Kugou","Kugou","apple_music_catalog","1742058097","","Guilty as Sin?","Taylor Swift","THE TORTURED POETS DEPARTMENT: THE ANTHOLOGY","254.0","","de66f0900e8977615039","Guilty as Sin?","Taylor Swift","","254.406","","95","fdf1f098c2e658cd08ce","Guilty as Sin?","Taylor Swift","","254.525","","95","ambiguous_gap","uncertain"
"v1","32","32:827:QQ","QQ","apple_music_catalog","1742058097","","Guilty as Sin?","Taylor Swift","THE TORTURED POETS DEPARTMENT: THE ANTHOLOGY","254.0","","","","","","","","","","","","","","","","no_candidates","uncertain"
"v1","32","32:828:Kugou","Kugou","apple_music_catalog","1833479419","","Libu-Libong Buwan (Uuwian)","Kyle Raphael","Libu-Libong Buwan (Uuwian) - Single","178.0","","","","","","","","","","","","","","","","no_candidates","uncertain"
"v1","32","32:828:QQ","QQ","apple_music_catalog","1833479419","","Libu-Libong Buwan (Uuwian)","Kyle Raphael","Libu-Libong Buwan (Uuwian) - Single","178.0","","","","","","","","","","","","","","","","no_candidates","uncertain"
"v1","32","32:829:Kugou","Kugou","apple_music_catalog","1836082379","","Kabisado","IV OF SPADES","Andalucia","208.0","","","","","","","","","","","","","","","","no_candidates","uncertain"
"v1","32","32:829:QQ","QQ","apple_music_catalog","1836082379","","Kabisado","IV OF SPADES","Andalucia","208.0","","","","","","","","","","","","","","","","no_candidates","uncertain"
"v1","32","32:830:Kugou","Kugou","apple_music_catalog","1789574725","","Pahina","Cup of Joe","Silakbo","249.0","","","","","","","","","","","","","","","","no_candidates","uncertain"
"v1","32","32:830:NetEase","NetEase","apple_music_catalog","1789574725","","Pahina","Cup of Joe","Silakbo","249.0","","1c55b3a97723d5d29e31","Pahina (Live)","Cup of Joe","","315.0","live","0","bd7c5c62e65cbdddb152","Pahina","Bars and Riffs / Cup of Joe","","293.799","","0","below_threshold","uncertain"
"v1","32","32:831:Kugou","Kugou","apple_music_catalog","1513162746","","party 4 u","Charli xcx","how i'm feeling now","297.0","","","","","","","","","","","","","","","","no_candidates","uncertain"
"v1","32","32:833:Kugou","Kugou","apple_music_catalog","1744392877","","Dilaw","Maki","Dilaw - Single","192.0","","","","","","","","","","","","","","","","no_candidates","uncertain"
"v1","32","32:833:LRCLIB","LRCLIB","apple_music_catalog","1744392877","","Dilaw","Maki","Dilaw - Single","192.0","","a67a36000058ec56238e","Dilaw","Maki","","274.0","","0","1b9c6099ecac26247bb4","Dilaw","Maki - Topic","","193.0","","0","below_threshold","uncertain"
"v1","32","32:833:QQ","QQ","apple_music_catalog","1744392877","","Dilaw","Maki","Dilaw - Single","192.0","","2680d63d5e8ab332dde5","Dilaw","Maki","","192.0","","95","2680d63d5e8ab332dde5","Dilaw","Maki","","192.0","","95","ambiguous_gap","uncertain"
"v1","32","32:834:Kugou","Kugou","apple_music_catalog","1797062667","","Kalimutan Ka","Skusta Clee","Kalimutan Ka - Single","288.0","","","","","","","","","","","","","","","","no_candidates","uncertain"
"v1","32","32:834:LRCLIB","LRCLIB","apple_music_catalog","1797062667","","Kalimutan Ka","Skusta Clee","Kalimutan Ka - Single","288.0","","eed13389169011433bea","Kalimutan Ka","Skusta Clee","","321.0","","0","0902a1179904d5ae10d5","Kalimutan Ka (Acousitc)","Skusta Clee","","281.0","","0","below_threshold","uncertain"
"v1","32","32:834:QQ","QQ","apple_music_catalog","1797062667","","Kalimutan Ka","Skusta Clee","Kalimutan Ka - Single","288.0","","","","","","","","","","","","","","","","no_candidates","uncertain"
"v1","32","32:836:Kugou","Kugou","apple_music_catalog","1795513518","","Busy Woman","Sabrina Carpenter","Short n' Sweet (Deluxe)","187.0","deluxe","2fa6471a7564ce9d9d71","Busy Woman (Explicit)","Sabrina Carpenter","","186.0","","0","d3a920fbef205a97df42","Busy Woman (2026Coachella科切拉音乐节现场)","Sabrina Carpenter","","195.0","live","0","below_threshold","uncertain"
"v1","32","32:836:QQ","QQ","apple_music_catalog","1795513518","","Busy Woman","Sabrina Carpenter","Short n' Sweet (Deluxe)","187.0","deluxe","611dd8bf399c059fd7e7","Busy Woman (Explicit)","Sabrina Carpenter","","186.0","","0","9ecc91121e5b33a02f30","Busy Woman (Explicit)","Mia Love","","184.0","","0","below_threshold","uncertain"
"v1","32","32:837:Kugou","Kugou","apple_music_catalog","1600414620","","Isa lang","Arthur Nery","Isa lang - Single","269.0","","","","","","","","","","","","","","","","no_candidates","uncertain"
"v1","32","32:838:Kugou","Kugou","apple_music_catalog","1851010261","","Tahanan","El Manu","Tahanan - Single","195.0","","0bdc5fdaca34e8158b8c","Tahanan-El Manu (Acoustic Cover)","Beestudio","","243.0","acoustic|cover","0","","","","","","","","below_threshold","uncertain"
"v1","32","32:838:QQ","QQ","apple_music_catalog","1851010261","","Tahanan","El Manu","Tahanan - Single","195.0","","","","","","","","","","","","","","","","no_candidates","uncertain"
"v1","32","32:839:Kugou","Kugou","apple_music_catalog","1871123817","","Moolah","Scoop Dogg & Daarth","Moolah - Single","158.0","","","","","","","","","","","","","","","","no_candidates","uncertain"
"v1","32","32:839:QQ","QQ","apple_music_catalog","1871123817","","Moolah","Scoop Dogg & Daarth","Moolah - Single","158.0","","","","","","","","","","","","","","","","no_candidates","uncertain"
"v1","32","32:840:Kugou","Kugou","apple_music_catalog","1840629223","","Palayo Sa Mundo","Jolianne & Arthur Nery","Palayo Sa Mundo - Single","269.0","","","","","","","","","","","","","","","","no_candidates","uncertain"
"v1","32","32:840:QQ","QQ","apple_music_catalog","1840629223","","Palayo Sa Mundo","Jolianne & Arthur Nery","Palayo Sa Mundo - Single","269.0","","","","","","","","","","","","","","","","no_candidates","uncertain"
"v1","32","32:841:Kugou","Kugou","apple_music_catalog","1682855240","","Tingin","Cup of Joe & Janine","Tingin - Single","222.0","","","","","","","","","","","","","","","","no_candidates","uncertain"
"v1","32","32:841:QQ","QQ","apple_music_catalog","1682855240","","Tingin","Cup of Joe & Janine","Tingin - Single","222.0","","","","","","","","","","","","","","","","no_candidates","uncertain"
"v1","32","32:842:Kugou","Kugou","apple_music_catalog","1708308996","","Style (Taylor's Version)","Taylor Swift","1989 (Taylor's Version)","231.0","","691e5dfe6f7493133508","Style","Taylor Swift","","231.0","","95","6129894f20bf1fff210e","Style","Taylor Swift","","230.0","","95","ambiguous_gap","uncertain"
"v1","32","32:842:NetEase","NetEase","apple_music_catalog","1708308996","","Style (Taylor's Version)","Taylor Swift","1989 (Taylor's Version)","231.0","","61aa4d2e0cd9bbe3ad17","Style","Taylor Swift","","231.0","","95","8c6cac56e902b60b7cdc","Style (Taylor's Version)","Taylor Swift","","231.0","","95","ambiguous_gap","uncertain"
"v1","32","32:842:QQ","QQ","apple_music_catalog","1708308996","","Style (Taylor's Version)","Taylor Swift","1989 (Taylor's Version)","231.0","","","","","","","","","","","","","","","","no_candidates","uncertain"
"v1","32","32:843:Kugou","Kugou","apple_music_catalog","1438142923","","Sa Susunod Na Lang","PdL, Skusta Clee & Yuri","Sa Susunod Na Lang - Single","215.0","","","","","","","","","","","","","","","","no_candidates","uncertain"
"v1","32","32:843:LRCLIB","LRCLIB","apple_music_catalog","1438142923","","Sa Susunod Na Lang","PdL, Skusta Clee & Yuri","Sa Susunod Na Lang - Single","215.0","","6accd2d0f6bcec6229cb","Sa Susunod Na Lang","PDL, Skusta Clee & Yuri","","54.0","","0","","","","","","","","below_threshold","uncertain"
"v1","32","32:843:LRCMux","LRCMux","apple_music_catalog","1438142923","","Sa Susunod Na Lang","PdL, Skusta Clee & Yuri","Sa Susunod Na Lang - Single","215.0","","c58ce11be9024642f5aa","Sa Susunod Na Lang","PDL","","215.0","","0","","","","","","","","below_threshold","uncertain"
"v1","32","32:843:NetEase","NetEase","apple_music_catalog","1438142923","","Sa Susunod Na Lang","PdL, Skusta Clee & Yuri","Sa Susunod Na Lang - Single","215.0","","d4e810f187da6965df14","Sa Susunod Na Lang","PDL / Skusta Clee / Yuri","","237.217","","0","373f94579d2b3a42ee92","sa susunod na lang","INDRAGERSN","","176.146","","0","below_threshold","uncertain"
"v1","32","32:843:QQ","QQ","apple_music_catalog","1438142923","","Sa Susunod Na Lang","PdL, Skusta Clee & Yuri","Sa Susunod Na Lang - Single","215.0","","","","","","","","","","","","","","","","no_candidates","uncertain"
"v1","32","32:844:Kugou","Kugou","apple_music_catalog","1713674409","","Alam Mo Ba Girl","Hev Abi","Kung Alam Mo Lang","224.0","","","","","","","","","","","","","","","","no_candidates","uncertain"
"v1","32","32:844:QQ","QQ","apple_music_catalog","1713674409","","Alam Mo Ba Girl","Hev Abi","Kung Alam Mo Lang","224.0","","","","","","","","","","","","","","","","no_candidates","uncertain"
"v1","32","32:845:Kugou","Kugou","apple_music_catalog","1750307088","","Bed Chem","Sabrina Carpenter","Short n' Sweet","172.0","","","","","","","","","","","","","","","","no_candidates","uncertain"
"v1","32","32:845:QQ","QQ","apple_music_catalog","1750307088","","Bed Chem","Sabrina Carpenter","Short n' Sweet","172.0","","","","","","","","","","","","","","","","no_candidates","uncertain"
"v1","32","32:846:Kugou","Kugou","apple_music_catalog","1622713759","","Mahika","Adie & Janine Berdin","Mahika - Single","202.0","","","","","","","","","","","","","","","","no_candidates","uncertain"
"v1","32","32:846:QQ","QQ","apple_music_catalog","1622713759","","Mahika","Adie & Janine Berdin","Mahika - Single","202.0","","","","","","","","","","","","","","","","no_candidates","uncertain"
"v1","32","32:847:Kugou","Kugou","apple_music_catalog","1750307372","","Juno","Sabrina Carpenter","Short n' Sweet","223.0","","5d6af1c20e0d0b84bbba","Juno (Explicit)","Sabrina Carpenter","","223.0","","0","","","","","","","","below_threshold","uncertain"
"v1","32","32:847:QQ","QQ","apple_music_catalog","1750307372","","Juno","Sabrina Carpenter","Short n' Sweet","223.0","","","","","","","","","","","","","","","","no_candidates","uncertain"
"v1","32","32:848:LRCLIB","LRCLIB","apple_music_catalog","1800580280","","twilight zone","Ariana Grande","eternal sunshine deluxe: brighter days ahead","198.0","deluxe","26c76e58edbd8a321be4","twilight zone","Ariana Grande","","124.0","","0","","","","","","","","below_threshold","uncertain"
"v1","32","32:848:QQ","QQ","apple_music_catalog","1800580280","","twilight zone","Ariana Grande","eternal sunshine deluxe: brighter days ahead","198.0","deluxe","","","","","","","","","","","","","","","no_candidates","uncertain"
"v1","32","32:849:Kugou","Kugou","apple_music_catalog","1556175857","","Peaches (feat. Daniel Caesar & GIVĒON)","Justin Bieber","Justice","198.0","feat","b8b442942f59d447f6b4","Peaches (Explicit)","Justin Bieber、Daniel Caesar、GIVĒON","","198.0","","0","98444a3b148f42f88ca8","Peaches (Clean)","Justin Bieber、Daniel Caesar、GIVĒON","","198.0","","0","below_threshold","uncertain"
"v1","32","32:849:QQ","QQ","apple_music_catalog","1556175857","","Peaches (feat. Daniel Caesar & GIVĒON)","Justin Bieber","Justice","198.0","feat","","","","","","","","","","","","","","","no_candidates","uncertain"
"v1","32","32:850:Kugou","Kugou","apple_music_catalog","1891955948","","Dominga","Nateman & La Mave","Dominga - Single","228.0","","","","","","","","","","","","","","","","no_candidates","uncertain"
"v1","32","32:850:QQ","QQ","apple_music_catalog","1891955948","","Dominga","Nateman & La Mave","Dominga - Single","228.0","","","","","","","","","","","","","","","","no_candidates","uncertain"
"v1","32","32:851:Kugou","Kugou","apple_music_catalog","1776345984","","Marilag","Dionela","Marilag - Single","158.0","","3fc4590ae12cf67e368b","Marilag | Dionela","Husai","","338.0","","0","","","","","","","","below_threshold","uncertain"
"v1","32","32:851:QQ","QQ","apple_music_catalog","1776345984","","Marilag","Dionela","Marilag - Single","158.0","","","","","","","","","","","","","","","","no_candidates","uncertain"
"v1","32","32:852:Kugou","Kugou","apple_music_catalog","1831237608","","Arz Kiya Hai  Coke Studio Bharat","Anuv Jain","Arz Kiya Hai - Coke Studio Bharat - Single","294.0","","","","","","","","","","","","","","","","no_candidates","uncertain"
"v1","32","32:852:QQ","QQ","apple_music_catalog","1831237608","","Arz Kiya Hai  Coke Studio Bharat","Anuv Jain","Arz Kiya Hai - Coke Studio Bharat - Single","294.0","","","","","","","","","","","","","","","","no_candidates","uncertain"
"v1","32","32:853:Kugou","Kugou","apple_music_catalog","1753101077","","Antidote","Karan Aujla","Four Me (Apple Music Edition) - EP","187.0","","","","","","","","","","","","","","","","no_candidates","uncertain"
"v1","32","32:853:QQ","QQ","apple_music_catalog","1753101077","","Antidote","Karan Aujla","Four Me (Apple Music Edition) - EP","187.0","","","","","","","","","","","","","","","","no_candidates","uncertain"
"v1","32","32:854:Kugou","Kugou","apple_music_catalog","1858961217","","Gehra Hua","Shashwat Sachdev, Arijit Singh, Irshad Kamil & Armaan Khan","Dhurandhar (Original Motion Picture Soundtrack)","362.0","ost","","","","","","","","","","","","","","","no_candidates","uncertain"
"v1","32","32:854:LRCMux","LRCMux","apple_music_catalog","1858961217","","Gehra Hua","Shashwat Sachdev, Arijit Singh, Irshad Kamil & Armaan Khan","Dhurandhar (Original Motion Picture Soundtrack)","362.0","ost","aa926aacb8dd1083bea9","Gehra Hua","Shashwat Sachdev","","362.0","","0","","","","","","","","below_threshold","uncertain"
"v1","32","32:854:QQ","QQ","apple_music_catalog","1858961217","","Gehra Hua","Shashwat Sachdev, Arijit Singh, Irshad Kamil & Armaan Khan","Dhurandhar (Original Motion Picture Soundtrack)","362.0","ost","","","","","","","","","","","","","","","no_candidates","uncertain"
"v1","32","32:855:Kugou","Kugou","apple_music_catalog","6770745507","","Kath Lagda","Navaan Sandhu, Dhanda Nyoliwala, RXTRO & Sanya Dandona","Bipolar","312.0","","","","","","","","","","","","","","","","no_candidates","uncertain"
"v1","32","32:855:LRCMux","LRCMux","apple_music_catalog","6770745507","","Kath Lagda","Navaan Sandhu, Dhanda Nyoliwala, RXTRO & Sanya Dandona","Bipolar","312.0","","d958f82c367c365b7939","Kath Lagda","Navaan Sandhu","","312.0","","0","","","","","","","","below_threshold","uncertain"
"v1","32","32:855:QQ","QQ","apple_music_catalog","6770745507","","Kath Lagda","Navaan Sandhu, Dhanda Nyoliwala, RXTRO & Sanya Dandona","Bipolar","312.0","","","","","","","","","","","","","","","","no_candidates","uncertain"
"v1","32","32:856:Kugou","Kugou","apple_music_catalog","1854466376","","Khat","Navjot Ahuja","Khat - Single","296.0","","","","","","","","","","","","","","","","no_candidates","uncertain"
"v1","32","32:856:LRCLIB","LRCLIB","apple_music_catalog","1854466376","","Khat","Navjot Ahuja","Khat - Single","296.0","","66453e3f9141cf024d2c","Khat","Navjot Ahuja","","59.0","","0","","","","","","","","below_threshold","uncertain"
"v1","32","32:856:QQ","QQ","apple_music_catalog","1854466376","","Khat","Navjot Ahuja","Khat - Single","296.0","","","","","","","","","","","","","","","","no_candidates","uncertain"
"v1","32","32:857:Kugou","Kugou","apple_music_catalog","6769094197","","Jackpot","Cheema Y & Gur Sidhu","Bermuda Triangle","176.0","","","","","","","","","","","","","","","","no_candidates","uncertain"
"v1","32","32:857:QQ","QQ","apple_music_catalog","6769094197","","Jackpot","Cheema Y & Gur Sidhu","Bermuda Triangle","176.0","","","","","","","","","","","","","","","","no_candidates","uncertain"
"v1","32","32:858:Kugou","Kugou","apple_music_catalog","1885907881","","Jaiye Sajana","Shashwat Sachdev, Jasmine Sandlas & Satinder Sartaaj","Dhurandhar The Revenge (Original Motion Picture Soundtrack)","179.0","ost","","","","","","","","","","","","","","","no_candidates","uncertain"
"v1","32","32:858:LRCMux","LRCMux","apple_music_catalog","1885907881","","Jaiye Sajana","Shashwat Sachdev, Jasmine Sandlas & Satinder Sartaaj","Dhurandhar The Revenge (Original Motion Picture Soundtrack)","179.0","ost","832e2144c65236662591","Jaiye Sajana","Shashwat Sachdev","","180.0","","0","","","","","","","","below_threshold","uncertain"
"v1","32","32:858:NetEase","NetEase","apple_music_catalog","1885907881","","Jaiye Sajana","Shashwat Sachdev, Jasmine Sandlas & Satinder Sartaaj","Dhurandhar The Revenge (Original Motion Picture Soundtrack)","179.0","ost","db2ea3d9e8d40507c94b","Jaiye Sajana","Shashwat Sachdev / Jasmine Sandlas / Satinder Sartaaj","","180.004","","95","ecea86c2d20ff9e37f1b","Jaiye Sajana (From ""Dhurandhar The Revenge"")","Jasmine Sandlas / Satinder Sartaaj / Shashwat Sachdev","","180.004","","95","ambiguous_gap","uncertain"
"v1","32","32:858:QQ","QQ","apple_music_catalog","1885907881","","Jaiye Sajana","Shashwat Sachdev, Jasmine Sandlas & Satinder Sartaaj","Dhurandhar The Revenge (Original Motion Picture Soundtrack)","179.0","ost","","","","","","","","","","","","","","","no_candidates","uncertain"
"v1","32","32:859:Kugou","Kugou","apple_music_catalog","1829591983","","For A Reason","Karan Aujla & Ikky","P-POP CULTURE","180.0","","c1ca0db728c7638b8f6e","For A Reason","Atif Zahid","","223.0","","0","d855588a28180b0052d6","For A Reason (Explicit)","Zotaiga","","95.0","","0","below_threshold","uncertain"
"v1","32","32:859:LRCLIB","LRCLIB","apple_music_catalog","1829591983","","For A Reason","Karan Aujla & Ikky","P-POP CULTURE","180.0","","665c64ceec131491b04d","for a reason","karan aujla ikky","","180.0","","86","d6c1c00afc2bc62edadf","For A Reason","Song, Karan Aujla, Ikky","","180.0","","85","ambiguous_gap","uncertain"
"v1","32","32:859:QQ","QQ","apple_music_catalog","1829591983","","For A Reason","Karan Aujla & Ikky","P-POP CULTURE","180.0","","","","","","","","","","","","","","","","no_candidates","uncertain"
"v1","32","32:860:Kugou","Kugou","apple_music_catalog","6771015859","","Mashooqa (From “Cocktail 2”)","Pritam, Mahmood, Raghav Chaitanya, Amitabh Bhattacharya & Ruaa Kayy","Mashooqa (From “Cocktail 2”) - Single","230.0","","43b4f1943c463ecce9bb","माशूका","Pragati Parihar","","220.0","","0","3c0c1b9aa1671c61b518","Mashooqa (Repraise)","DJ Zardozi","","240.0","","0","below_threshold","uncertain"
"v1","32","32:860:LRCLIB","LRCLIB","apple_music_catalog","6771015859","","Mashooqa (From “Cocktail 2”)","Pritam, Mahmood, Raghav Chaitanya, Amitabh Bhattacharya & Ruaa Kayy","Mashooqa (From “Cocktail 2”) - Single","230.0","","e34e0ad9e8a5664a37c7","Mashooqa - From “Cocktail 2”","Pritam; Mahmood; Raghav Chaitanya; Amitabh Bhattacharya; Ruaa Kayy","","230.0","","0","","","","","","","","below_threshold","uncertain"
"v1","32","32:860:LRCMux","LRCMux","apple_music_catalog","6771015859","","Mashooqa (From “Cocktail 2”)","Pritam, Mahmood, Raghav Chaitanya, Amitabh Bhattacharya & Ruaa Kayy","Mashooqa (From “Cocktail 2”) - Single","230.0","","061059120fc38fa021a8","Mashooqa (From “Cocktail 2”)","Pritam","","230.0","","0","","","","","","","","below_threshold","uncertain"
"v1","32","32:860:QQ","QQ","apple_music_catalog","6771015859","","Mashooqa (From “Cocktail 2”)","Pritam, Mahmood, Raghav Chaitanya, Amitabh Bhattacharya & Ruaa Kayy","Mashooqa (From “Cocktail 2”) - Single","230.0","","","","","","","","","","","","","","","","no_candidates","uncertain"
"v1","32","32:861:Kugou","Kugou","apple_music_catalog","1745062759","","Winning Speech","Karan Aujla & MXRCI","Winning Speech - Single","227.0","","","","","","","","","","","","","","","","no_candidates","uncertain"
"v1","32","32:861:QQ","QQ","apple_music_catalog","1745062759","","Winning Speech","Karan Aujla & MXRCI","Winning Speech - Single","227.0","","","","","","","","","","","","","","","","no_candidates","uncertain"
"v1","32","32:862:LRCLIB","LRCLIB","apple_music_catalog","1697533664","","Admirin' You (feat. Preston Pablo)","Karan Aujla & Ikky","Making Memories","215.0","feat","81a2eeb34c90e0e5c332","Admirin' You (feat. Preston Pablo)","Karan Aujla, Ikky","","211.0","feat","91","6cecf6197efe7deb2d3c","Admirin' You (feat. Preston Pablo)","Karan Aujla • Ikky","","215.0","feat","86","ambiguous_gap","uncertain"
"v1","32","32:862:QQ","QQ","apple_music_catalog","1697533664","","Admirin' You (feat. Preston Pablo)","Karan Aujla & Ikky","Making Memories","215.0","feat","","","","","","","","","","","","","","","no_candidates","uncertain"
"v1","32","32:863:Kugou","Kugou","apple_music_catalog","6770745772","","Headliner","Navaan Sandhu & Haakam","Bipolar","309.0","","","","","","","","","","","","","","","","no_candidates","uncertain"
"v1","32","32:863:QQ","QQ","apple_music_catalog","6770745772","","Headliner","Navaan Sandhu & Haakam","Bipolar","309.0","","","","","","","","","","","","","","","","no_candidates","uncertain"
"v1","32","32:864:Kugou","Kugou","apple_music_catalog","1879493592","","Bairan","Banjaare","Bairan - Single","151.0","","","","","","","","","","","","","","","","no_candidates","uncertain"
"v1","32","32:864:NetEase","NetEase","apple_music_catalog","1879493592","","Bairan","Banjaare","Bairan - Single","151.0","","d425f8dd5d35730e01de","Bairan","Banjaare","","150.857","","95","b8f09dd85c2c5184b06c","Bairan - Duet Version","Banjaare","","150.883","","95","ambiguous_gap","uncertain"
"v1","32","32:864:QQ","QQ","apple_music_catalog","1879493592","","Bairan","Banjaare","Bairan - Single","151.0","","","","","","","","","","","","","","","","no_candidates","uncertain"
"v1","32","32:865:Kugou","Kugou","apple_music_catalog","1697533818","","Softly","Karan Aujla & Ikky","Making Memories","155.0","","7bba253768fd6b126b40","Just For You","Giovanni Marradi","","177.0","","0","cacc3aca43ace99dc277","Dreams","Giovanni Marradi","","189.0","","0","below_threshold","uncertain"
"v1","32","32:865:QQ","QQ","apple_music_catalog","1697533818","","Softly","Karan Aujla & Ikky","Making Memories","155.0","","","","","","","","","","","","","","","","no_candidates","uncertain"
"v1","32","32:866:Kugou","Kugou","apple_music_catalog","6786654320","","KALYANI (Remix)","ARJN, KDS, FIFTY4 & Shreya Ghoshal","KALYANI (Remix) - Single","269.0","remix","6f0432657014bf0c3699","Saarangiyil","kalyani","","296.0","","0","6f1d6e44115ec63c912b","Inferno Disco (feat. Kalyani)","Sage、kalyani","","155.0","feat","0","below_threshold","uncertain"
"v1","32","32:866:LRCLIB","LRCLIB","apple_music_catalog","6786654320","","KALYANI (Remix)","ARJN, KDS, FIFTY4 & Shreya Ghoshal","KALYANI (Remix) - Single","269.0","remix","461545477b6f340bddd6","KALYANI (Remix)","ARJN, KDS, FIFTY4, Shreya Ghoshal","","287.0","remix","0","","","","","","","","below_threshold","uncertain"
"v1","32","32:866:LRCMux","LRCMux","apple_music_catalog","6786654320","","KALYANI (Remix)","ARJN, KDS, FIFTY4 & Shreya Ghoshal","KALYANI (Remix) - Single","269.0","remix","40426ffa677c4a8ec51c","KALYANI (Remix)","ARJN","","269.0","remix","0","","","","","","","","below_threshold","uncertain"
"v1","32","32:866:QQ","QQ","apple_music_catalog","6786654320","","KALYANI (Remix)","ARJN, KDS, FIFTY4 & Shreya Ghoshal","KALYANI (Remix) - Single","269.0","remix","","","","","","","","","","","","","","","no_candidates","uncertain"
"v1","32","32:867:Kugou","Kugou","apple_music_catalog","1858961581","","Naal Nachna","Shashwat Sachdev, Afsana Khan, Irshad Kamil & Reble","Dhurandhar (Original Motion Picture Soundtrack)","155.0","ost","","","","","","","","","","","","","","","no_candidates","uncertain"
"v1","32","32:867:LRCMux","LRCMux","apple_music_catalog","1858961581","","Naal Nachna","Shashwat Sachdev, Afsana Khan, Irshad Kamil & Reble","Dhurandhar (Original Motion Picture Soundtrack)","155.0","ost","28db8b935eb9175634ab","Naal Nachna","Shashwat Sachdev","","155.0","","0","","","","","","","","below_threshold","uncertain"
"v1","32","32:867:NetEase","NetEase","apple_music_catalog","1858961581","","Naal Nachna","Shashwat Sachdev, Afsana Khan, Irshad Kamil & Reble","Dhurandhar (Original Motion Picture Soundtrack)","155.0","ost","2a03e800af9635a25460","Naal Nachna (From ""Dhurandhar"")","Shashwat Sachdev / Afsana Khan / Reble / Irshad Kamil / Ranveer Singh / Sanjay Dutt / Akshaye Khanna / R. Madhavan / Arjun Rampal / Sara Arjun","","155.142","","0","","","","","","","","below_threshold","uncertain"
"v1","32","32:867:QQ","QQ","apple_music_catalog","1858961581","","Naal Nachna","Shashwat Sachdev, Afsana Khan, Irshad Kamil & Reble","Dhurandhar (Original Motion Picture Soundtrack)","155.0","ost","","","","","","","","","","","","","","","no_candidates","uncertain"
"v1","32","32:868:Kugou","Kugou","apple_music_catalog","1783534421","","LAAVAN","Jasmine Sandlas & Mofusion","LAAVAN - Single","185.0","","","","","","","","","","","","","","","","no_candidates","uncertain"
"v1","32","32:868:QQ","QQ","apple_music_catalog","1783534421","","LAAVAN","Jasmine Sandlas & Mofusion","LAAVAN - Single","185.0","","","","","","","","","","","","","","","","no_candidates","uncertain"
"v1","32","32:869:Kugou","Kugou","apple_music_catalog","1824400209","","Barbaad","The Rish & Jubin Nautiyal","Saiyaara (Original Motion Picture Soundtrack)","357.0","ost","","","","","","","","","","","","","","","no_candidates","uncertain"
"v1","32","32:869:LRCLIB","LRCLIB","apple_music_catalog","1824400209","","Barbaad","The Rish & Jubin Nautiyal","Saiyaara (Original Motion Picture Soundtrack)","357.0","ost","bc8c953f7e630153dea7","Barbaad (From ""Saiyaara"")","The Rish, Jubin Nautiyal","","357.0","","95","e4766ab8a84149e7d5f1","Barbaad (From &quot;Saiyaara&quot;)","The Rish, Jubin Nautiyal","","357.0","","95","ambiguous_gap","uncertain"
"v1","32","32:869:NetEase","NetEase","apple_music_catalog","1824400209","","Barbaad","The Rish & Jubin Nautiyal","Saiyaara (Original Motion Picture Soundtrack)","357.0","ost","1715200073bfa1f8287f","Barbaad Song (Telugu) | Saiyaara | Ahaan Panday, Aneet Padda | The Rish | Jubin Nautiyal","3SouL","","470.199","","0","","","","","","","","below_threshold","uncertain"
"v1","32","32:869:QQ","QQ","apple_music_catalog","1824400209","","Barbaad","The Rish & Jubin Nautiyal","Saiyaara (Original Motion Picture Soundtrack)","357.0","ost","","","","","","","","","","","","","","","no_candidates","uncertain"
"v1","32","32:870:Kugou","Kugou","apple_music_catalog","1829591922","","I Really Do...","Karan Aujla & Ikky","P-POP CULTURE","194.0","","","","","","","","","","","","","","","","no_candidates","uncertain"
"v1","32","32:870:QQ","QQ","apple_music_catalog","1829591922","","I Really Do...","Karan Aujla & Ikky","P-POP CULTURE","194.0","","","","","","","","","","","","","","","","no_candidates","uncertain"
"v1","32","32:871:Kugou","Kugou","apple_music_catalog","1653219849","","Apna Bana Le (From ""Bhediya"")","Arijit Singh, Sachin-Jigar & Amitabh Bhattacharya","Apna Bana Le (From ""Bhediya"") - Single","262.0","","4240869517ee58fd89f9","Tum Hi Ho","Arijit Singh","","261.0","","0","673912bad13bded2becb","Tum Hi Ho","Arijit Singh","","264.0","","0","below_threshold","uncertain"
"v1","32","32:871:NetEase","NetEase","apple_music_catalog","1653219849","","Apna Bana Le (From ""Bhediya"")","Arijit Singh, Sachin-Jigar & Amitabh Bhattacharya","Apna Bana Le (From ""Bhediya"") - Single","262.0","","854f53df4ca0312bbf81","Apna Bana Le (From ""Bhediya"") [Originally Performed by Arijit Singh] [Karaoke Version]","Backing Business","","189.091","","0","7b68a75f4ac5664fbd18","Apna Bana Le (From ""Bhediya"") (Remix)","Dj Luli Torres","","254.361","remix","0","below_threshold","uncertain"
"v1","32","32:871:QQ","QQ","apple_music_catalog","1653219849","","Apna Bana Le (From ""Bhediya"")","Arijit Singh, Sachin-Jigar & Amitabh Bhattacharya","Apna Bana Le (From ""Bhediya"") - Single","262.0","","","","","","","","","","","","","","","","no_candidates","uncertain"
"v1","32","32:872:Kugou","Kugou","apple_music_catalog","1819981707","","At Peace","Karan Aujla & Ikky","At Peace - Single","164.0","","","","","","","","","","","","","","","","no_candidates","uncertain"
"v1","32","32:872:QQ","QQ","apple_music_catalog","1819981707","","At Peace","Karan Aujla & Ikky","At Peace - Single","164.0","","","","","","","","","","","","","","","","no_candidates","uncertain"
"v1","32","32:873:Kugou","Kugou","apple_music_catalog","6787955226","","Sohniye","Shubh","Sohniye - Single","155.0","","","","","","","","","","","","","","","","no_candidates","uncertain"
"v1","32","32:873:QQ","QQ","apple_music_catalog","6787955226","","Sohniye","Shubh","Sohniye - Single","155.0","","","","","","","","","","","","","","","","no_candidates","uncertain"
"v1","32","32:874:Kugou","Kugou","apple_music_catalog","1468448742","","Tujhe Kitna Chahne Lage","Arijit Singh","Kabir Singh (Original Motion Picture Soundtrack)","285.0","ost","470aaa537514bfa5540d","Tujhe Kitna Chahne Lage Arijit Singh","Sanchit Ahlawat","","257.0","","0","","","","","","","","below_threshold","uncertain"
"v1","32","32:874:QQ","QQ","apple_music_catalog","1468448742","","Tujhe Kitna Chahne Lage","Arijit Singh","Kabir Singh (Original Motion Picture Soundtrack)","285.0","ost","","","","","","","","","","","","","","","no_candidates","uncertain"
"v1","32","32:875:Kugou","Kugou","apple_music_catalog","1881837853","","Pavazha Malli (From ""Think Indie"")","Sai Abhyankkar, Shruti Haasan & Vivek","Pavazha Malli (From ""Think Indie"") - Single","253.0","","","","","","","","","","","","","","","","no_candidates","uncertain"
"v1","32","32:875:LRCMux","LRCMux","apple_music_catalog","1881837853","","Pavazha Malli (From ""Think Indie"")","Sai Abhyankkar, Shruti Haasan & Vivek","Pavazha Malli (From ""Think Indie"") - Single","253.0","","d0d8fe0d9867820283d5","Pavazha Malli (From ""Think Indie"")","Sai Abhyankkar","","252.0","","0","","","","","","","","below_threshold","uncertain"
"v1","32","32:875:QQ","QQ","apple_music_catalog","1881837853","","Pavazha Malli (From ""Think Indie"")","Sai Abhyankkar, Shruti Haasan & Vivek","Pavazha Malli (From ""Think Indie"") - Single","253.0","","","","","","","","","","","","","","","","no_candidates","uncertain"
"v1","32","32:876:Kugou","Kugou","apple_music_catalog","6763153453","","Boom Shaka","KR$NA & Dhanda Nyoliwala","Boom Shaka - Single","219.0","","","","","","","","","","","","","","","","no_candidates","uncertain"
"v1","32","32:876:LRCLIB","LRCLIB","apple_music_catalog","6763153453","","Boom Shaka","KR$NA & Dhanda Nyoliwala","Boom Shaka - Single","219.0","","9a6a6913375fec3fc670","Boom Shaka","KR$NA/Dhanda Nyoliwala","","232.0","","0","3b0f12c543f5c2118a1d","Boom Shaka [Explicit]","KR$NA & Dhanda Nyoliwala","","218.0","","0","below_threshold","uncertain"
"v1","32","32:876:QQ","QQ","apple_music_catalog","6763153453","","Boom Shaka","KR$NA & Dhanda Nyoliwala","Boom Shaka - Single","219.0","","","","","","","","","","","","","","","","no_candidates","uncertain"
"v1","32","32:877:Kugou","Kugou","apple_music_catalog","1167416565","","Darkhaast (feat. Arijit Singh, Sunidhi Chauhan)","Mithoon","Shivaay (Original Motion Picture Soundtrack)","374.0","ost|feat","7e3b82bb3735acfa1046","Darkhaast","Mithoon、Sunidhi Chauhan、Arijit Singh、Sayeed Quadri","","374.0","","0","f88c0c49e1a9f7b988d4","Darkhaast","Mithoon、Arijit Singh、Sunidhi Chauhan","","374.0","","0","below_threshold","uncertain"
"v1","32","32:877:NetEase","NetEase","apple_music_catalog","1167416565","","Darkhaast (feat. Arijit Singh, Sunidhi Chauhan)","Mithoon","Shivaay (Original Motion Picture Soundtrack)","374.0","ost|feat","e303823effc5eef0ae1b","Darkhaast (feat. Maya Jaiswal)","Dev Aditya / Maya Jaiswal","","81.0","feat","0","95f81abe76224c91e026","Darkhaast (feat. Shekinah Mukhiya)","Mohammad Faiz / Shekinah Mukhiya","","86.284","feat","0","below_threshold","uncertain"
"v1","32","32:877:QQ","QQ","apple_music_catalog","1167416565","","Darkhaast (feat. Arijit Singh, Sunidhi Chauhan)","Mithoon","Shivaay (Original Motion Picture Soundtrack)","374.0","ost|feat","","","","","","","","","","","","","","","no_candidates","uncertain"
"v1","32","32:878:Kugou","Kugou","apple_music_catalog","1885907879","","Jaan Se Guzarte Hain","Shashwat Sachdev & Khan Saab","Dhurandhar The Revenge (Original Motion Picture Soundtrack)","331.0","ost","","","","","","","","","","","","","","","no_candidates","uncertain"
"v1","32","32:878:NetEase","NetEase","apple_music_catalog","1885907879","","Jaan Se Guzarte Hain","Shashwat Sachdev & Khan Saab","Dhurandhar The Revenge (Original Motion Picture Soundtrack)","331.0","ost","21a9dd830773e4fbb4e7","Jaan Se Guzarte Hain","Shashwat Sachdev / Khan Saab / Nusrat Fateh Ali Khan","","332.116","","85","6fe41904ad890b977ed5","Jaan Se Guzarte Hain (From ""Dhurandhar The Revenge"")","Khan Saab / Shashwat Sachdev / Nusrat Fateh Ali Khan","","332.116","","85","ambiguous_gap","uncertain"
"v1","32","32:878:QQ","QQ","apple_music_catalog","1885907879","","Jaan Se Guzarte Hain","Shashwat Sachdev & Khan Saab","Dhurandhar The Revenge (Original Motion Picture Soundtrack)","331.0","ost","","","","","","","","","","","","","","","no_candidates","uncertain"
"v1","32","32:879:Kugou","Kugou","apple_music_catalog","1885907872","","Dhurandhar The Revenge - Aari Aari","Shashwat Sachdev, Bombay Rockers, Irshad Kamil, Khan Saab, Reble, Token, Jasmine Sandlas, Sudhir Yaduvanshi & Navtej Singh Rehal","Dhurandhar The Revenge (Original Motion Picture Soundtrack)","210.0","ost","cc552ee1bf670daa2676","Dhurandhar The Revenge","Maourli","","175.0","","0","","","","","","","","below_threshold","uncertain"
"v1","32","32:879:NetEase","NetEase","apple_music_catalog","1885907872","","Dhurandhar The Revenge - Aari Aari","Shashwat Sachdev, Bombay Rockers, Irshad Kamil, Khan Saab, Reble, Token, Jasmine Sandlas, Sudhir Yaduvanshi & Navtej Singh Rehal","Dhurandhar The Revenge (Original Motion Picture Soundtrack)","210.0","ost","f852ba7917eafe6400bb","Dhurandhar The Revenge - Aari Aari (From ""Dhurandhar The Revenge"")","Navtej Singh Rehal / Shashwat Sachdev / Khan Saab / Jasmine Sandlas / Sudhir Yaduvanshi / Reble / Token / Irshad Kamil / Bombay Rockers","","210.053","","95","08f737811dee9202ab00","Dhurandhar The Revenge - Aari Aari","Shashwat Sachdev / Bombay Rockers / Irshad Kamil / Khan Saab / Reble / Token / Jasmine Sandlas / Sudhir Yaduvanshi","","210.053","","92","ambiguous_gap","uncertain"
"v1","32","32:879:QQ","QQ","apple_music_catalog","1885907872","","Dhurandhar The Revenge - Aari Aari","Shashwat Sachdev, Bombay Rockers, Irshad Kamil, Khan Saab, Reble, Token, Jasmine Sandlas, Sudhir Yaduvanshi & Navtej Singh Rehal","Dhurandhar The Revenge (Original Motion Picture Soundtrack)","210.0","ost","","","","","","","","","","","","","","","no_candidates","uncertain"
"v1","32","32:880:Kugou","Kugou","apple_music_catalog","1779786209","","Wavy","Karan Aujla & Jay Trak","Wavy - Single","161.0","","","","","","","","","","","","","","","","no_candidates","uncertain"
"v1","32","32:880:QQ","QQ","apple_music_catalog","1779786209","","Wavy","Karan Aujla & Jay Trak","Wavy - Single","161.0","","","","","","","","","","","","","","","","no_candidates","uncertain"
"v1","32","32:881:Kugou","Kugou","apple_music_catalog","1829591986","","Boyfriend","Karan Aujla & Ikky","P-POP CULTURE","161.0","","97f1f5fec0ccfc6f3f7e","Boyfriend","Justin Bieber","","171.0","","0","f5f357c1a9f0febcb71d","Boyfriend","Justin Bieber","","172.0","","0","below_threshold","uncertain"
"v1","32","32:881:LRCLIB","LRCLIB","apple_music_catalog","1829591986","","Boyfriend","Karan Aujla & Ikky","P-POP CULTURE","161.0","","bc9857015d46a8de3498","Boyfriend","Song, Karan Aujla, Ikky","","160.0","","85","ce2aceee3b8862220ce8","Boyfriend","Karan Aujla,IKKY (Raag.FM)","","161.0","","80","ambiguous_gap","uncertain"
"v1","32","32:881:QQ","QQ","apple_music_catalog","1829591986","","Boyfriend","Karan Aujla & Ikky","P-POP CULTURE","161.0","","","","","","","","","","","","","","","","no_candidates","uncertain"
"v1","32","32:882:Kugou","Kugou","apple_music_catalog","1267390213","","Hawayein","Pritam & Arijit Singh","Jab Harry Met Sejal (Original Motion Picture Soundtrack)","290.0","ost","98315c44c66d4fe334b0","Hawayein","Pritam、Arijit Singh","","289.0","","95","733bc09b3f50e97e4954","Hawayein","Pritam、Arijit Singh","","290.0","","95","ambiguous_gap","uncertain"
"v1","32","32:882:LRCLIB","LRCLIB","apple_music_catalog","1267390213","","Hawayein","Pritam & Arijit Singh","Jab Harry Met Sejal (Original Motion Picture Soundtrack)","290.0","ost","d046dfa8a4ba7a9040c1","Hawayein","Pritam & Arijit Singh","","289.0","","95","ae265ea521199b36a615","Hawayein (From ""Jab Harry Met Sejal"")","Pritam, Arijit Singh","","290.0","","95","ambiguous_gap","uncertain"
"v1","32","32:882:NetEase","NetEase","apple_music_catalog","1267390213","","Hawayein","Pritam & Arijit Singh","Jab Harry Met Sejal (Original Motion Picture Soundtrack)","290.0","ost","43e2de5409773e64a065","Hawayein (From ""Jab Harry Met Sejal"")","Pritam / Arijit Singh","","290.063","","95","ceae6295286219f9af8e","Hawayein","Pritam / Arijit Singh","","290.063","","95","ambiguous_gap","uncertain"
"v1","32","32:882:QQ","QQ","apple_music_catalog","1267390213","","Hawayein","Pritam & Arijit Singh","Jab Harry Met Sejal (Original Motion Picture Soundtrack)","290.0","ost","","","","","","","","","","","","","","","no_candidates","uncertain"
"v1","32","32:883:Kugou","Kugou","apple_music_catalog","6770745748","","Hood Ambience","Navaan Sandhu & JayB Singh","Bipolar","223.0","","","","","","","","","","","","","","","","no_candidates","uncertain"
"v1","32","32:883:QQ","QQ","apple_music_catalog","6770745748","","Hood Ambience","Navaan Sandhu & JayB Singh","Bipolar","223.0","","","","","","","","","","","","","","","","no_candidates","uncertain"
"v1","32","32:884:Kugou","Kugou","apple_music_catalog","1842069636","","Dooriyan","Pritam & Mohit Chauhan","Love Aaj Kal (Original Motion Picture Soundtrack)","337.0","ost","","","","","","","","","","","","","","","no_candidates","uncertain"
"v1","32","32:884:NetEase","NetEase","apple_music_catalog","1842069636","","Dooriyan","Pritam & Mohit Chauhan","Love Aaj Kal (Original Motion Picture Soundtrack)","337.0","ost","d5fa9b849bbdd2ab3f79","Dooriyan","Pritam / Mohit Chauhan","","337.36","","95","f0a9f5cd8050ff4b7d75","Dooriyan (From ""Love Aaj Kal"")","Mohit Chauhan / Pritam","","337.397","","95","ambiguous_gap","uncertain"
"v1","32","32:884:QQ","QQ","apple_music_catalog","1842069636","","Dooriyan","Pritam & Mohit Chauhan","Love Aaj Kal (Original Motion Picture Soundtrack)","337.0","ost","","","","","","","","","","","","","","","no_candidates","uncertain"
"v1","32","32:885:Kugou","Kugou","apple_music_catalog","6769824836","","Raga of Revenge (From ""DC"")","Anirudh Ravichander","Raga of Revenge (From ""DC"") - Single","131.0","","b3826c531701044b691c","Why This Kolaveri Di - 3","Anirudh Ravichander","","259.0","","0","588d7c5eb335f6d1c0c8","Why This Kolaveri Di?","Anirudh Ravichander","","259.0","","0","below_threshold","uncertain"
"v1","32","32:885:LRCLIB","LRCLIB","apple_music_catalog","6769824836","","Raga of Revenge (From ""DC"")","Anirudh Ravichander","Raga of Revenge (From ""DC"") - Single","131.0","","f7c9dab424e7579fbe88","Raga of Revenge (From ""DC"")","Anirudh Ravichander","","180.0","","0","","","","","","","","below_threshold","uncertain"
"v1","32","32:885:NetEase","NetEase","apple_music_catalog","6769824836","","Raga of Revenge (From ""DC"")","Anirudh Ravichander","Raga of Revenge (From ""DC"") - Single","131.0","","ca50959c0da59f894a00","Raga of Revenge (From ""DC"")","Anirudh Ravichander","","131.25","","95","211cd8f93b716ba225cd","Raga of Revenge","Anirudh Ravichander","","131.25","","95","ambiguous_gap","uncertain"
"v1","32","32:885:QQ","QQ","apple_music_catalog","6769824836","","Raga of Revenge (From ""DC"")","Anirudh Ravichander","Raga of Revenge (From ""DC"") - Single","131.0","","","","","","","","","","","","","","","","no_candidates","uncertain"
"v1","32","32:886:Kugou","Kugou","apple_music_catalog","1829591995","","MF Gabhru!","Karan Aujla & Ikky","P-POP CULTURE","200.0","","","","","","","","","","","","","","","","no_candidates","uncertain"
"v1","32","32:886:QQ","QQ","apple_music_catalog","1829591995","","MF Gabhru!","Karan Aujla & Ikky","P-POP CULTURE","200.0","","","","","","","","","","","","","","","","no_candidates","uncertain"
"v1","32","32:887:Kugou","Kugou","apple_music_catalog","6786999815","","One Name (From ""Jailer 2"")","Anirudh Ravichander & Heisenberg","One Name (From ""Jailer 2"") - Single","60.0","","","","","","","","","","","","","","","","no_candidates","uncertain"
"v1","32","32:887:QQ","QQ","apple_music_catalog","6786999815","","One Name (From ""Jailer 2"")","Anirudh Ravichander & Heisenberg","One Name (From ""Jailer 2"") - Single","60.0","","","","","","","","","","","","","","","","no_candidates","uncertain"
"v1","32","32:888:Kugou","Kugou","apple_music_catalog","1858961566","","Lutt Le Gaya","Shashwat Sachdev & Simran Choudhary","Dhurandhar (Original Motion Picture Soundtrack)","254.0","ost","","","","","","","","","","","","","","","no_candidates","uncertain"
"v1","32","32:888:NetEase","NetEase","apple_music_catalog","1858961566","","Lutt Le Gaya","Shashwat Sachdev & Simran Choudhary","Dhurandhar (Original Motion Picture Soundtrack)","254.0","ost","db083c92538f3712a8e8","Lutt Le Gaya Eclipsa Audio","Shashwat Sachdev / Simran Choudhary","","253.374","","0","","","","","","","","below_threshold","uncertain"
"v1","32","32:888:QQ","QQ","apple_music_catalog","1858961566","","Lutt Le Gaya","Shashwat Sachdev & Simran Choudhary","Dhurandhar (Original Motion Picture Soundtrack)","254.0","ost","","","","","","","","","","","","","","","no_candidates","uncertain"
"v1","32","32:889:Kugou","Kugou","apple_music_catalog","1581006912","","Lover","Diljit Dosanjh","MoonChild Era","190.0","","","","","","","","","","","","","","","","no_candidates","uncertain"
"v1","32","32:889:QQ","QQ","apple_music_catalog","1581006912","","Lover","Diljit Dosanjh","MoonChild Era","190.0","","","","","","","","","","","","","","","","no_candidates","uncertain"
"v1","32","32:890:Kugou","Kugou","apple_music_catalog","1275543935","","Shree Hanuman Chalisa","Hariharan","Shree Hanuman Chalisa (Hanuman Ashtak)","586.0","","","","","","","","","","","","","","","","no_candidates","uncertain"
"v1","32","32:890:NetEase","NetEase","apple_music_catalog","1275543935","","Shree Hanuman Chalisa","Hariharan","Shree Hanuman Chalisa (Hanuman Ashtak)","586.0","","05d5b6117d1e2b3c05fa","Shree Hanuman Chalisa","Hariharan","","586.075","","95","0c892e3714027483ac56","Shree Hanuman Chalisa (From ""Shree Hanuman Chalisa (Hanuman Ashtak)"")","Hariharan","","586.075","","95","ambiguous_gap","uncertain"
"v1","32","32:890:QQ","QQ","apple_music_catalog","1275543935","","Shree Hanuman Chalisa","Hariharan","Shree Hanuman Chalisa (Hanuman Ashtak)","586.0","","","","","","","","","","","","","","","","no_candidates","uncertain"
"v1","32","32:891:Kugou","Kugou","apple_music_catalog","1824400210","","Tum Ho Toh","Vishal Mishra, Hansika Pareek & Raj Shekhar","Saiyaara (Original Motion Picture Soundtrack)","318.0","ost","","","","","","","","","","","","","","","no_candidates","uncertain"
"v1","32","32:891:LRCLIB","LRCLIB","apple_music_catalog","1824400210","","Tum Ho Toh","Vishal Mishra, Hansika Pareek & Raj Shekhar","Saiyaara (Original Motion Picture Soundtrack)","318.0","ost","3554e3e772316aeecb14","Tum Ho Toh","Vishal Mishra, Hansika Pareek, Raj Shekhar","","317.0","","95","b109d6b82c95d38ef00f","Tum Ho Toh (From ""Saiyaara"")","Vishal Mishra, Hansika Pareek & Raj Shekhar","","318.0","","95","ambiguous_gap","uncertain"
"v1","32","32:891:LRCMux","LRCMux","apple_music_catalog","1824400210","","Tum Ho Toh","Vishal Mishra, Hansika Pareek & Raj Shekhar","Saiyaara (Original Motion Picture Soundtrack)","318.0","ost","d018320a68b570cb43e5","Tum Ho Toh","Raj Shekhar","","318.0","","0","","","","","","","","below_threshold","uncertain"
"v1","32","32:891:NetEase","NetEase","apple_music_catalog","1824400210","","Tum Ho Toh","Vishal Mishra, Hansika Pareek & Raj Shekhar","Saiyaara (Original Motion Picture Soundtrack)","318.0","ost","0df7a6c51e68ed04ddcc","Runjhun (feat. Hina Khan,Shaheer Sheikh)","Vishal Mishra / Hansika Pareek / Rashmi Virag / Hina Khan / Shaheer Sheikh","","182.38","feat","0","7f41ddd44698badfbade","Tera Kasoor","Vishal Mishra / Payal Dev / Kunaal Vermaa","","208.039","","0","below_threshold","uncertain"
"v1","32","32:891:QQ","QQ","apple_music_catalog","1824400210","","Tum Ho Toh","Vishal Mishra, Hansika Pareek & Raj Shekhar","Saiyaara (Original Motion Picture Soundtrack)","318.0","ost","","","","","","","","","","","","","","","no_candidates","uncertain"
"v1","32","32:892:Kugou","Kugou","apple_music_catalog","1796165815","","Young G.O.A.T","Cheema Y & Gur Sidhu","Young G.O.A.T","226.0","","","","","","","","","","","","","","","","no_candidates","uncertain"
"v1","32","32:892:QQ","QQ","apple_music_catalog","1796165815","","Young G.O.A.T","Cheema Y & Gur Sidhu","Young G.O.A.T","226.0","","","","","","","","","","","","","","","","no_candidates","uncertain"
"v1","32","32:893:Kugou","Kugou","apple_music_catalog","1134725347","","Tum Se Hi","Pritam & Mohit Chauhan","Jab We Met (Original Motion Picture Soundtrack)","321.0","ost","","","","","","","","","","","","","","","no_candidates","uncertain"
"v1","32","32:893:QQ","QQ","apple_music_catalog","1134725347","","Tum Se Hi","Pritam & Mohit Chauhan","Jab We Met (Original Motion Picture Soundtrack)","321.0","ost","","","","","","","","","","","","","","","no_candidates","uncertain"
"v1","32","32:894:Kugou","Kugou","apple_music_catalog","1875907951","","5-7","Karan Aujla & MXRCI","5-7 - Single","154.0","","","","","","","","","","","","","","","","no_candidates","uncertain"
"v1","32","32:894:QQ","QQ","apple_music_catalog","1875907951","","5-7","Karan Aujla & MXRCI","5-7 - Single","154.0","","","","","","","","","","","","","","","","no_candidates","uncertain"
"v1","32","32:895:Kugou","Kugou","apple_music_catalog","1770578896","","Safar","Bayaan & Sherazam","Safar - Single","217.0","","","","","","","","","","","","","","","","no_candidates","uncertain"
"v1","32","32:895:LRCLIB","LRCLIB","apple_music_catalog","1770578896","","Safar","Bayaan & Sherazam","Safar - Single","217.0","","ad541df5b8580e3c964a","Safar","Bayaan & Sherazam","","211.0","","87","5dd0bfea7d1727bbbf49","Safar","Song, Bayaan, Sherazam","","216.0","","85","ambiguous_gap","uncertain"
"v1","32","32:895:QQ","QQ","apple_music_catalog","1770578896","","Safar","Bayaan & Sherazam","Safar - Single","217.0","","","","","","","","","","","","","","","","no_candidates","uncertain"
"v1","32","32:896:Kugou","Kugou","apple_music_catalog","1348996917","","Tera Yaar Hoon Main","Arijit Singh","Sonu Ke Titu Ki Sweety (Original Motion Picture Soundtrack)","265.0","ost","","","","","","","","","","","","","","","no_candidates","uncertain"
"v1","32","32:896:NetEase","NetEase","apple_music_catalog","1348996917","","Tera Yaar Hoon Main","Arijit Singh","Sonu Ke Titu Ki Sweety (Original Motion Picture Soundtrack)","265.0","ost","5a61a700d5369007c7e2","Tera Yaar Hoon Main (From ""Sonu Ke Titu Ki Sweety"")","Arijit Singh","","264.805","","95","e42bcc8588e40031e35e","Tera Yaar Hoon Main","Arijit Singh","","264.921","","95","ambiguous_gap","uncertain"
"v1","32","32:896:QQ","QQ","apple_music_catalog","1348996917","","Tera Yaar Hoon Main","Arijit Singh","Sonu Ke Titu Ki Sweety (Original Motion Picture Soundtrack)","265.0","ost","","","","","","","","","","","","","","","no_candidates","uncertain"
"v1","32","32:897:Kugou","Kugou","apple_music_catalog","1537035416","","Tere Liye","Atif Aslam & Shreya Ghoshal","Prince (Original Motion Picture Soundtrack)","280.0","ost","","","","","","","","","","","","","","","no_candidates","uncertain"
"v1","32","32:897:LRCLIB","LRCLIB","apple_music_catalog","1537035416","","Tere Liye","Atif Aslam & Shreya Ghoshal","Prince (Original Motion Picture Soundtrack)","280.0","ost","722f694b741a9d80fff6","Tere Liye","Atif Aslam • Shreya Ghoshal","","279.0","","95","3f470ce0be2dfb0309c3","Tere Liye (From ""Prince"")","Atif Aslam, Shreya Ghoshal","","281.0","","95","ambiguous_gap","uncertain"
"v1","32","32:897:QQ","QQ","apple_music_catalog","1537035416","","Tere Liye","Atif Aslam & Shreya Ghoshal","Prince (Original Motion Picture Soundtrack)","280.0","ost","","","","","","","","","","","","","","","no_candidates","uncertain"
"v1","32","32:898:Kugou","Kugou","apple_music_catalog","1468448741","","Kaise Hua","Vishal Mishra","Kabir Singh (Original Motion Picture Soundtrack)","235.0","ost","","","","","","","","","","","","","","","no_candidates","uncertain"
"v1","32","32:898:LRCLIB","LRCLIB","apple_music_catalog","1468448741","","Kaise Hua","Vishal Mishra","Kabir Singh (Original Motion Picture Soundtrack)","235.0","ost","839abe883c0628094393","Kaise Hua","Vishal Mishra","","255.0","","0","","","","","","","","below_threshold","uncertain"
"v1","32","32:898:NetEase","NetEase","apple_music_catalog","1468448741","","Kaise Hua","Vishal Mishra","Kabir Singh (Original Motion Picture Soundtrack)","235.0","ost","d85ce4895cac6dba3c5a","Kaise Hua (From ""Kabir Singh"")","Vishal Mishra","","234.722","","95","b3f159caad02c443c37f","Kaise Hua","Vishal Mishra","","234.722","","95","ambiguous_gap","uncertain"
"v1","32","32:898:QQ","QQ","apple_music_catalog","1468448741","","Kaise Hua","Vishal Mishra","Kabir Singh (Original Motion Picture Soundtrack)","235.0","ost","","","","","","","","","","","","","","","no_candidates","uncertain"
"v1","32","32:899:Kugou","Kugou","apple_music_catalog","1851661439","","KALYANI","ARJN, KDS, FIFTY4 & RONN","KALYANI - Single","234.0","","","","","","","","","","","","","","","","no_candidates","uncertain"
"v1","32","32:899:LRCLIB","LRCLIB","apple_music_catalog","1851661439","","KALYANI","ARJN, KDS, FIFTY4 & RONN","KALYANI - Single","234.0","","ba41501c200081a559f4","KALYANI","ARJN, KDS, FIFTY4, ronn","","234.0","","95","428f632fc374717e8801","kalyani","arjn kds fifty4 ronn","","235.0","","90","ambiguous_gap","uncertain"
"v1","32","32:899:LRCMux","LRCMux","apple_music_catalog","1851661439","","KALYANI","ARJN, KDS, FIFTY4 & RONN","KALYANI - Single","234.0","","f12129a9533b4d986790","KALYANI","ARJN","","234.0","","0","","","","","","","","below_threshold","uncertain"
"v1","32","32:899:QQ","QQ","apple_music_catalog","1851661439","","KALYANI","ARJN, KDS, FIFTY4 & RONN","KALYANI - Single","234.0","","","","","","","","","","","","","","","","no_candidates","uncertain"
"v1","32","32:900:Kugou","Kugou","apple_music_catalog","1070912818","","Kabira","Pritam, Tochi Raina & Rekha Bhardwaj","Yeh Jawaani Hai Deewani (Original Motion Picture Soundtrack)","223.0","ost","","","","","","","","","","","","","","","no_candidates","uncertain"
"v1","32","32:900:NetEase","NetEase","apple_music_catalog","1070912818","","Kabira","Pritam, Tochi Raina & Rekha Bhardwaj","Yeh Jawaani Hai Deewani (Original Motion Picture Soundtrack)","223.0","ost","298605bca471959cfef0","Kabira (From ""Yeh Jawaani Hai Deewani"")","Tochi Raina / Rekha Bhardwaj / Pritam / Amitabh Bhattacharya","","223.459","","87","c261a5b6c8c23b1b975c","Kabira (From ""Yeh Jawaani Hai Deewani"")","Tochi Raina / Rekha Bhardwaj","","223.459","","85","ambiguous_gap","uncertain"
"v1","32","32:900:QQ","QQ","apple_music_catalog","1070912818","","Kabira","Pritam, Tochi Raina & Rekha Bhardwaj","Yeh Jawaani Hai Deewani (Original Motion Picture Soundtrack)","223.0","ost","","","","","","","","","","","","","","","no_candidates","uncertain"
"v1","32","32:901:Kugou","Kugou","apple_music_catalog","1884523050","","Udi Udi","Aneesh, Sarkar & Hruday","Udi Udi - Single","161.0","","","","","","","","","","","","","","","","no_candidates","uncertain"
"v1","32","32:901:LRCMux","LRCMux","apple_music_catalog","1884523050","","Udi Udi","Aneesh, Sarkar & Hruday","Udi Udi - Single","161.0","","6ac842612ab615348166","Udi Udi","Aneesh","","161.0","","0","","","","","","","","below_threshold","uncertain"
"v1","32","32:901:QQ","QQ","apple_music_catalog","1884523050","","Udi Udi","Aneesh, Sarkar & Hruday","Udi Udi - Single","161.0","","","","","","","","","","","","","","","","no_candidates","uncertain"
"v1","32","32:902:Kugou","Kugou","apple_music_catalog","1648624479","","Wo Noor","AP Dhillon","Two Hearts Never Break the Same - EP","199.0","","","","","","","","","","","","","","","","no_candidates","uncertain"
"v1","32","32:902:QQ","QQ","apple_music_catalog","1648624479","","Wo Noor","AP Dhillon","Two Hearts Never Break the Same - EP","199.0","","","","","","","","","","","","","","","","no_candidates","uncertain"
"v1","32","32:903:Kugou","Kugou","apple_music_catalog","1847301512","","God Mode (From ""Karuppu"")","Sai Abhyankkar, Gana Muthu & Vishnu Edavan","God Mode (From ""Karuppu"") - Single","240.0","","","","","","","","","","","","","","","","no_candidates","uncertain"
"v1","32","32:903:LRCMux","LRCMux","apple_music_catalog","1847301512","","God Mode (From ""Karuppu"")","Sai Abhyankkar, Gana Muthu & Vishnu Edavan","God Mode (From ""Karuppu"") - Single","240.0","","128ffa771cb60ea5e1fb","God Mode (From ""Karuppu"")","Sai Abhyankkar","","240.0","","0","","","","","","","","below_threshold","uncertain"
"v1","32","32:903:QQ","QQ","apple_music_catalog","1847301512","","God Mode (From ""Karuppu"")","Sai Abhyankkar, Gana Muthu & Vishnu Edavan","God Mode (From ""Karuppu"") - Single","240.0","","","","","","","","","","","","","","","","no_candidates","uncertain"
"v1","32","32:904:Kugou","Kugou","apple_music_catalog","1839416338","","Deewane (feat. BIR)","Navaan Sandhu","House Navior","207.0","feat","a41d3c523b69a3fd724f","Deewane","Jassa Boss、Shahid Khan","","221.0","","0","0aa4b0685deafaf8c482","Deewane","Hitesh Darbar、Larry Lobo","","211.0","","0","below_threshold","uncertain"
"v1","32","32:904:NetEase","NetEase","apple_music_catalog","1839416338","","Deewane (feat. BIR)","Navaan Sandhu","House Navior","207.0","feat","c5d0e5dcbe87b11ab2fb","Deewane (feat. Baby Juneoer Mers)","Sadhana Lila / Baby Juneoer Mers","","194.501","feat","0","46d1dd25e269c316211e","Deewane (feat. Blackaboy Baby)","Sadhana Lila / Blackaboy Baby","","194.56","feat","0","below_threshold","uncertain"
"v1","32","32:904:QQ","QQ","apple_music_catalog","1839416338","","Deewane (feat. BIR)","Navaan Sandhu","House Navior","207.0","feat","","","","","","","","","","","","","","","no_candidates","uncertain"
"v1","32","32:905:Kugou","Kugou","apple_music_catalog","1824400208","","Saiyaara","Tanishk Bagchi, Faheem Abdullah, Arslan Nizami & Irshad Kamil","Saiyaara (Original Motion Picture Soundtrack)","371.0","ost","","","","","","","","","","","","","","","no_candidates","uncertain"
"v1","32","32:905:LRCMux","LRCMux","apple_music_catalog","1824400208","","Saiyaara","Tanishk Bagchi, Faheem Abdullah, Arslan Nizami & Irshad Kamil","Saiyaara (Original Motion Picture Soundtrack)","371.0","ost","dc5b71924e2b30af0408","Saiyaara","Irshad Kamil","","370.0","","0","","","","","","","","below_threshold","uncertain"
"v1","32","32:905:NetEase","NetEase","apple_music_catalog","1824400208","","Saiyaara","Tanishk Bagchi, Faheem Abdullah, Arslan Nizami & Irshad Kamil","Saiyaara (Original Motion Picture Soundtrack)","371.0","ost","f763a69e5f0c944ac954","Angdayi","Tanishk Bagchi / Faheem Abdullah / Arslan Nizami / Zahrah S Khan","","151.36","","0","c7761db65d3f7a64ec5c","Angdayi (From ""Pati Patni Aur Woh Do"")","Tanishk Bagchi / Faheem Abdullah / Arslan Nizami / Zahrah S Khan","","151.36","","0","below_threshold","uncertain"
"v1","32","32:905:QQ","QQ","apple_music_catalog","1824400208","","Saiyaara","Tanishk Bagchi, Faheem Abdullah, Arslan Nizami & Irshad Kamil","Saiyaara (Original Motion Picture Soundtrack)","371.0","ost","","","","","","","","","","","","","","","no_candidates","uncertain"
"v1","32","32:906:QQ","QQ","apple_music_catalog","1721543292","","Sahiba","Aditya Rikhari","Sahiba - Single","190.0","","","","","","","","","","","","","","","","no_candidates","uncertain"
"v1","32","32:907:Kugou","Kugou","apple_music_catalog","1858961209","","Dhurandhar - Title Track","Shashwat Sachdev, Hanumankind, Jasmine Sandlas, Sudhir Yaduvanshi, Charanjit Ahuja, Muhammad Sadiq, Ranjit Kaur & Babu Singh Maan","Dhurandhar (Original Motion Picture Soundtrack)","156.0","ost","8621601786dabb8a4ebc","Dhurandhar Mahakal Mere","Divya Tyagi、Sachet-Parampara、Jitendra Raghuvanshi","","258.0","","0","","","","","","","","below_threshold","uncertain"
"v1","32","32:907:LRCLIB","LRCLIB","apple_music_catalog","1858961209","","Dhurandhar - Title Track","Shashwat Sachdev, Hanumankind, Jasmine Sandlas, Sudhir Yaduvanshi, Charanjit Ahuja, Muhammad Sadiq, Ranjit Kaur & Babu Singh Maan","Dhurandhar (Original Motion Picture Soundtrack)","156.0","ost","ddf30efaaa0b945e166f","Dhurandhar - Title Track","Shashwat Sachdev, Hanumankind, Jasmine Sandlas, Sudhir Yaduvanshi, Charanjit Ahuja, Muhammad Sadiq, Ranjit Kaur & Babu Singh Maan","","155.0","","95","4c98457564d4bc3ac3c5","Dhurandhar - Title Track (From ""Dhurandhar"")","Shashwat Sachdev; Hanumankind; Jasmine Sandlas; Sudhir Yaduvanshi; Charanjit Ahuja; Muhammad Sadiq; Ranjit Kaur; Babu Singh Maan","","156.0","","95","ambiguous_gap","uncertain"
"v1","32","32:907:QQ","QQ","apple_music_catalog","1858961209","","Dhurandhar - Title Track","Shashwat Sachdev, Hanumankind, Jasmine Sandlas, Sudhir Yaduvanshi, Charanjit Ahuja, Muhammad Sadiq, Ranjit Kaur & Babu Singh Maan","Dhurandhar (Original Motion Picture Soundtrack)","156.0","ost","","","","","","","","","","","","","","","no_candidates","uncertain"
"v1","32","32:908:Kugou","Kugou","apple_music_catalog","1873920347","","Aarzu","KHAN, Noor & Madhurxo","Aarzu - EP","188.0","","","","","","","","","","","","","","","","no_candidates","uncertain"
"v1","32","32:908:LRCMux","LRCMux","apple_music_catalog","1873920347","","Aarzu","KHAN, Noor & Madhurxo","Aarzu - EP","188.0","","ef58ef5f78771e5b335e","Aarzu","Noor","","187.0","","0","","","","","","","","below_threshold","uncertain"
"v1","32","32:908:QQ","QQ","apple_music_catalog","1873920347","","Aarzu","KHAN, Noor & Madhurxo","Aarzu - EP","188.0","","","","","","","","","","","","","","","","no_candidates","uncertain"
"v1","32","32:909:Kugou","Kugou","apple_music_catalog","6778558834","","Sadi Sun","Harsh Nussi","Sadi Sun - Single","171.0","","","","","","","","","","","","","","","","no_candidates","uncertain"
"v1","32","32:909:QQ","QQ","apple_music_catalog","6778558834","","Sadi Sun","Harsh Nussi","Sadi Sun - Single","171.0","","","","","","","","","","","","","","","","no_candidates","uncertain"
"v1","32","32:910:Kugou","Kugou","apple_music_catalog","6772998267","","Aarzu (with Asim Azhar)","Asim Azhar, Noor, KHAN & Madhurxo","Aarzu (with Asim Azhar) - Single","185.0","","","","","","","","","","","","","","","","no_candidates","uncertain"
"v1","32","32:910:LRCMux","LRCMux","apple_music_catalog","6772998267","","Aarzu (with Asim Azhar)","Asim Azhar, Noor, KHAN & Madhurxo","Aarzu (with Asim Azhar) - Single","185.0","","9f0a5cec3004310f29ca","Aarzu (with Asim Azhar)","Asim Azhar","","185.0","","0","","","","","","","","below_threshold","uncertain"
"v1","32","32:910:QQ","QQ","apple_music_catalog","6772998267","","Aarzu (with Asim Azhar)","Asim Azhar, Noor, KHAN & Madhurxo","Aarzu (with Asim Azhar) - Single","185.0","","","","","","","","","","","","","","","","no_candidates","uncertain"
"v1","32","32:911:Kugou","Kugou","apple_music_catalog","1795603975","","O Sanam","Akhil Sachdeva","O Sanam - Single","265.0","","","","","","","","","","","","","","","","no_candidates","uncertain"
"v1","32","32:911:QQ","QQ","apple_music_catalog","1795603975","","O Sanam","Akhil Sachdeva","O Sanam - Single","265.0","","","","","","","","","","","","","","","","no_candidates","uncertain"
"v1","32","32:912:Kugou","Kugou","apple_music_catalog","1478998926","","Ghungroo (From ""War"")","Arijit Singh, Shilpa Rao & Vishal & Shekhar","Ghungroo (From ""War"") - Single","303.0","","","","","","","","","","","","","","","","no_candidates","uncertain"
"v1","32","32:912:LRCMux","LRCMux","apple_music_catalog","1478998926","","Ghungroo (From ""War"")","Arijit Singh, Shilpa Rao & Vishal & Shekhar","Ghungroo (From ""War"") - Single","303.0","","16102b2ab4218b6009fe","Ghungroo (From ""War"")","Shilpa Rao","","302.0","","0","","","","","","","","below_threshold","uncertain"
"v1","32","32:912:NetEase","NetEase","apple_music_catalog","1478998926","","Ghungroo (From ""War"")","Arijit Singh, Shilpa Rao & Vishal & Shekhar","Ghungroo (From ""War"") - Single","303.0","","bace52843ee22de8c12b","Ghungroo (From ""Achha Lag Raha Hai"")","Sachet Tandon / Parampara Tandon / Sachet-Parampara / Kumaar","","182.183","","0","933f61ac7e7534645fbd","Ghungroo (From ""Ghungroo"")","Akshara Singh / Shishir Pandey / Azad Singh","","191.045","","0","below_threshold","uncertain"
"v1","32","32:912:QQ","QQ","apple_music_catalog","1478998926","","Ghungroo (From ""War"")","Arijit Singh, Shilpa Rao & Vishal & Shekhar","Ghungroo (From ""War"") - Single","303.0","","","","","","","","","","","","","","","","no_candidates","uncertain"
"v1","32","32:913:Kugou","Kugou","apple_music_catalog","1123241858","","Phir Se Ud Chala","Mohit Chauhan","Rockstar (Original Motion Picture Soundtrack)","269.0","ost","","","","","","","","","","","","","","","no_candidates","uncertain"
"v1","32","32:913:NetEase","NetEase","apple_music_catalog","1123241858","","Phir Se Ud Chala","Mohit Chauhan","Rockstar (Original Motion Picture Soundtrack)","269.0","ost","258c1c806e053d31682e","Phir Se Ud Chala","Mohit Chauhan","","268.833","","95","257aa375ec1e2f3dffd4","Phir Se Ud Chala (From ""Rockstar"")","Mohit Chauhan","","268.833","","95","ambiguous_gap","uncertain"
"v1","32","32:913:QQ","QQ","apple_music_catalog","1123241858","","Phir Se Ud Chala","Mohit Chauhan","Rockstar (Original Motion Picture Soundtrack)","269.0","ost","","","","","","","","","","","","","","","no_candidates","uncertain"
"v1","32","32:914:Kugou","Kugou","apple_music_catalog","6769094204","","Komagata Maru","Cheema Y & Gur Sidhu","Bermuda Triangle","122.0","","","","","","","","","","","","","","","","no_candidates","uncertain"
"v1","32","32:914:QQ","QQ","apple_music_catalog","6769094204","","Komagata Maru","Cheema Y & Gur Sidhu","Bermuda Triangle","122.0","","","","","","","","","","","","","","","","no_candidates","uncertain"
"v1","32","32:915:Kugou","Kugou","apple_music_catalog","1858961224","","Shararat","Shashwat Sachdev, Madhubanti Bagchi & Jasmine Sandlas","Dhurandhar (Original Motion Picture Soundtrack)","224.0","ost","","","","","","","","","","","","","","","no_candidates","uncertain"
"v1","32","32:915:LRCMux","LRCMux","apple_music_catalog","1858961224","","Shararat","Shashwat Sachdev, Madhubanti Bagchi & Jasmine Sandlas","Dhurandhar (Original Motion Picture Soundtrack)","224.0","ost","a65957493a98550818af","Shararat","Shashwat Sachdev","","224.0","","0","","","","","","","","below_threshold","uncertain"
"v1","32","32:915:NetEase","NetEase","apple_music_catalog","1858961224","","Shararat","Shashwat Sachdev, Madhubanti Bagchi & Jasmine Sandlas","Dhurandhar (Original Motion Picture Soundtrack)","224.0","ost","c705cec8f58f08d46904","Shararat (From ""Dhurandhar"")","Shashwat Sachdev / Madhubanti Bagchi / Jasmine Sandlas / Ranveer Singh / Sanjay Dutt / Akshaye Khanna / R. Madhavan / Arjun Rampal / Sara Arjun","","224.083","","0","7a419f8287880790b69b","Shararat Eclipsa Audio","Shashwat Sachdev / Madhubanti Bagchi / Jasmine Sandlas","","225.466","","0","below_threshold","uncertain"
"v1","32","32:915:QQ","QQ","apple_music_catalog","1858961224","","Shararat","Shashwat Sachdev, Madhubanti Bagchi & Jasmine Sandlas","Dhurandhar (Original Motion Picture Soundtrack)","224.0","ost","","","","","","","","","","","","","","","no_candidates","uncertain"
"v1","32","32:916:Kugou","Kugou","apple_music_catalog","1697533665","","Jee Ni Lagda","Karan Aujla & Ikky","Making Memories","139.0","","","","","","","","","","","","","","","","no_candidates","uncertain"
"v1","32","32:916:QQ","QQ","apple_music_catalog","1697533665","","Jee Ni Lagda","Karan Aujla & Ikky","Making Memories","139.0","","","","","","","","","","","","","","","","no_candidates","uncertain"
"v1","32","32:917:Kugou","Kugou","apple_music_catalog","6769093942","","Money 2X","Cheema Y & Gur Sidhu","Bermuda Triangle","129.0","","","","","","","","","","","","","","","","no_candidates","uncertain"
"v1","32","32:917:QQ","QQ","apple_music_catalog","6769093942","","Money 2X","Cheema Y & Gur Sidhu","Bermuda Triangle","129.0","","","","","","","","","","","","","","","","no_candidates","uncertain"
"v1","32","32:918:Kugou","Kugou","apple_music_catalog","6787948737","","Hangova (From ""DC"")","Anirudh Ravichander & Heisenberg","Hangova (From ""DC"") - Single","248.0","","","","","","","","","","","","","","","","no_candidates","uncertain"
"v1","32","32:918:QQ","QQ","apple_music_catalog","6787948737","","Hangova (From ""DC"")","Anirudh Ravichander & Heisenberg","Hangova (From ""DC"") - Single","248.0","","","","","","","","","","","","","","","","no_candidates","uncertain"
"v1","32","32:919:Kugou","Kugou","apple_music_catalog","1858961214","","Ishq Jalakar - Karvaan","Shashwat Sachdev, Shahzad Ali, Subhadeep Das Chowdhury, Armaan Khan, Irshad Kamil, Roshan & Sahir Ludhianvi","Dhurandhar (Original Motion Picture Soundtrack)","251.0","ost","","","","","","","","","","","","","","","no_candidates","uncertain"
"v1","32","32:919:QQ","QQ","apple_music_catalog","1858961214","","Ishq Jalakar - Karvaan","Shashwat Sachdev, Shahzad Ali, Subhadeep Das Chowdhury, Armaan Khan, Irshad Kamil, Roshan & Sahir Ludhianvi","Dhurandhar (Original Motion Picture Soundtrack)","251.0","ost","","","","","","","","","","","","","","","no_candidates","uncertain"
"v1","32","32:920:Kugou","Kugou","apple_music_catalog","6769094198","","Love Salary","Cheema Y & Gur Sidhu","Bermuda Triangle","176.0","","","","","","","","","","","","","","","","no_candidates","uncertain"
"v1","32","32:920:QQ","QQ","apple_music_catalog","6769094198","","Love Salary","Cheema Y & Gur Sidhu","Bermuda Triangle","176.0","","","","","","","","","","","","","","","","no_candidates","uncertain"
"v1","32","32:921:Kugou","Kugou","apple_music_catalog","1844842242","","Tutor","Cheema Y & Gur Sidhu","The Simpsons","200.0","","","","","","","","","","","","","","","","no_candidates","uncertain"
"v1","32","32:921:LRCLIB","LRCLIB","apple_music_catalog","1844842242","","Tutor","Cheema Y & Gur Sidhu","The Simpsons","200.0","","e3d0f2b65aa8abbe59ad","Tutor","Cheema Y, Gur Sidhu","","214.0","","0","","","","","","","","below_threshold","uncertain"
"v1","32","32:921:QQ","QQ","apple_music_catalog","1844842242","","Tutor","Cheema Y & Gur Sidhu","The Simpsons","200.0","","","","","","","","","","","","","","","","no_candidates","uncertain"
"v1","32","32:922:Kugou","Kugou","apple_music_catalog","1537031094","","Pehli Nazar Mein","Atif Aslam & Pritam","Race (Original Motion Picture Soundtrack)","313.0","ost","","","","","","","","","","","","","","","no_candidates","uncertain"
"v1","32","32:922:QQ","QQ","apple_music_catalog","1537031094","","Pehli Nazar Mein","Atif Aslam & Pritam","Race (Original Motion Picture Soundtrack)","313.0","ost","","","","","","","","","","","","","","","no_candidates","uncertain"
"v1","32","32:923:Kugou","Kugou","apple_music_catalog","6769094201","","CEO","Cheema Y & Gur Sidhu","Bermuda Triangle","132.0","","","","","","","","","","","","","","","","no_candidates","uncertain"
"v1","32","32:923:LRCLIB","LRCLIB","apple_music_catalog","6769094201","","CEO","Cheema Y & Gur Sidhu","Bermuda Triangle","132.0","","363692827b0531a01524","CEO","Cheema Y, Gur Sidhu","","201.0","","0","","","","","","","","below_threshold","uncertain"
"v1","32","32:923:QQ","QQ","apple_music_catalog","6769094201","","CEO","Cheema Y & Gur Sidhu","Bermuda Triangle","132.0","","","","","","","","","","","","","","","","no_candidates","uncertain"
"v1","32","32:924:QQ","QQ","apple_music_catalog","1440871420","","Starboy (feat. Daft Punk)","The Weeknd","Starboy","230.0","feat","","","","","","","","","","","","","","","no_candidates","uncertain"
"v1","32","32:925:Kugou","Kugou","apple_music_catalog","1714131823","","Lalkara (feat. Sultaan)","Diljit Dosanjh","Ghost","160.0","feat","","","","","","","","","","","","","","","no_candidates","uncertain"
"v1","32","32:925:LRCLIB","LRCLIB","apple_music_catalog","1714131823","","Lalkara (feat. Sultaan)","Diljit Dosanjh","Ghost","160.0","feat","907b78f734e572a42fcf","Lalkara (feat. Sultaan)","DILJIT DOSANJH,Intense","","182.0","feat","0","a58beb2f7023653536f9","Lalkara (feat. Sultaan)","Song, DILJIT DOSANJH, Intense","","160.0","feat","0","below_threshold","uncertain"
"v1","32","32:925:QQ","QQ","apple_music_catalog","1714131823","","Lalkara (feat. Sultaan)","Diljit Dosanjh","Ghost","160.0","feat","","","","","","","","","","","","","","","no_candidates","uncertain"
"v1","32","32:926:Kugou","Kugou","apple_music_catalog","6771655745","","Ban Ja Tu","Charan Preet & Badshah","Ban Ja Tu - Single","228.0","","","","","","","","","","","","","","","","no_candidates","uncertain"
"v1","32","32:926:QQ","QQ","apple_music_catalog","6771655745","","Ban Ja Tu","Charan Preet & Badshah","Ban Ja Tu - Single","228.0","","","","","","","","","","","","","","","","no_candidates","uncertain"
"v1","32","32:927:Kugou","Kugou","apple_music_catalog","1687649562","","Cheques","Shubh","Still Rollin","184.0","","acb18ff4b599ed716e67","Cheques Shubh","Badnaam Yaar","","179.0","","0","74fa5f84ca954fd23cfa","Cheques Shubh","Im Karan","","208.0","","0","below_threshold","uncertain"
"v1","32","32:927:QQ","QQ","apple_music_catalog","1687649562","","Cheques","Shubh","Still Rollin","184.0","","","","","","","","","","","","","","","","no_candidates","uncertain"
"v1","32","32:928:Kugou","Kugou","apple_music_catalog","1174924385","","Bulleya","Pritam, Amit Mishra & Shilpa Rao","Ae Dil Hai Mushkil (Deluxe Edition) [Original Motion Picture Soundtrack]","349.0","ost|deluxe","","","","","","","","","","","","","","","no_candidates","uncertain"
"v1","32","32:928:LRCLIB","LRCLIB","apple_music_catalog","1174924385","","Bulleya","Pritam, Amit Mishra & Shilpa Rao","Ae Dil Hai Mushkil (Deluxe Edition) [Original Motion Picture Soundtrack]","349.0","ost|deluxe","06f94073451f5409bc89","Bulleya","Pritam, Amit Mishra, Shilpa Rao","","348.0","","95","b11c2a2109f25bc190eb","Bulleya (From ""Ae Dil Hai Mushkil"")","Pritam, Amit Mishra, Shilpa Rao","","348.0","","95","ambiguous_gap","uncertain"
"v1","32","32:928:LRCMux","LRCMux","apple_music_catalog","1174924385","","Bulleya","Pritam, Amit Mishra & Shilpa Rao","Ae Dil Hai Mushkil (Deluxe Edition) [Original Motion Picture Soundtrack]","349.0","ost|deluxe","e7fa227f4601f3182834","Bulleya","Pritam","","348.0","","0","","","","","","","","below_threshold","uncertain"
"v1","32","32:928:QQ","QQ","apple_music_catalog","1174924385","","Bulleya","Pritam, Amit Mishra & Shilpa Rao","Ae Dil Hai Mushkil (Deluxe Edition) [Original Motion Picture Soundtrack]","349.0","ost|deluxe","","","","","","","","","","","","","","","no_candidates","uncertain"
"v1","32","32:929:Kugou","Kugou","apple_music_catalog","1883679876","","Jamaican (Bam Bam)","HUGEL & SOLTO (FR)","Jamaican (Bam Bam) - Single","156.0","","","","","","","","","","","","","","","","no_candidates","uncertain"
"v1","32","32:929:QQ","QQ","apple_music_catalog","1883679876","","Jamaican (Bam Bam)","HUGEL & SOLTO (FR)","Jamaican (Bam Bam) - Single","156.0","","","","","","","","","","","","","","","","no_candidates","uncertain"
"v1","32","32:930:Kugou","Kugou","apple_music_catalog","1540255874","","Aabaad Barbaad","Pritam & Arijit Singh","Ludo (Original Motion Picture Soundtrack)","309.0","ost","","","","","","","","","","","","","","","no_candidates","uncertain"
"v1","32","32:930:NetEase","NetEase","apple_music_catalog","1540255874","","Aabaad Barbaad","Pritam & Arijit Singh","Ludo (Original Motion Picture Soundtrack)","309.0","ost","0b1b2eb617b200eb6cb4","Aabaad Barbaad","Pritam / Arijit Singh","","309.103","","95","b028460194e4d0dce2c1","Aabaad Barbaad (From ""Ludo"")","Pritam / Arijit Singh","","309.103","","95","ambiguous_gap","uncertain"
"v1","32","32:930:QQ","QQ","apple_music_catalog","1540255874","","Aabaad Barbaad","Pritam & Arijit Singh","Ludo (Original Motion Picture Soundtrack)","309.0","ost","","","","","","","","","","","","","","","no_candidates","uncertain"
"v1","32","32:931:Kugou","Kugou","apple_music_catalog","6772887736","","Tujhko (From “Cocktail 2”)","Pritam, Arijit Singh, Sunidhi Chauhan & Amitabh Bhattacharya","Tujhko (From “Cocktail 2”) - Single","342.0","","","","","","","","","","","","","","","","no_candidates","uncertain"
"v1","32","32:931:LRCMux","LRCMux","apple_music_catalog","6772887736","","Tujhko (From “Cocktail 2”)","Pritam, Arijit Singh, Sunidhi Chauhan & Amitabh Bhattacharya","Tujhko (From “Cocktail 2”) - Single","342.0","","c0d68aa6c3160f3d0c57","Tujhko (From “Cocktail 2”)","Pritam","","342.0","","0","","","","","","","","below_threshold","uncertain"
"v1","32","32:931:QQ","QQ","apple_music_catalog","6772887736","","Tujhko (From “Cocktail 2”)","Pritam, Arijit Singh, Sunidhi Chauhan & Amitabh Bhattacharya","Tujhko (From “Cocktail 2”) - Single","342.0","","","","","","","","","","","","","","","","no_candidates","uncertain"
"v1","32","32:932:Kugou","Kugou","apple_music_catalog","1720291560","","The Beast","Cheema Y & Gur Sidhu","Dripster - EP","141.0","","","","","","","","","","","","","","","","no_candidates","uncertain"
"v1","32","32:932:QQ","QQ","apple_music_catalog","1720291560","","The Beast","Cheema Y & Gur Sidhu","Dripster - EP","141.0","","","","","","","","","","","","","","","","no_candidates","uncertain"
"v1","32","32:933:Kugou","Kugou","apple_music_catalog","1796165824","","Police","Cheema Y, Gur Sidhu & Jasmeen Akhtar","Young G.O.A.T","141.0","","","","","","","","","","","","","","","","no_candidates","uncertain"
"v1","32","32:933:LRCMux","LRCMux","apple_music_catalog","1796165824","","Police","Cheema Y, Gur Sidhu & Jasmeen Akhtar","Young G.O.A.T","141.0","","6234556e058121376180","Police","Cheema Y","","141.0","","0","","","","","","","","below_threshold","uncertain"
"v1","32","32:933:QQ","QQ","apple_music_catalog","1796165824","","Police","Cheema Y, Gur Sidhu & Jasmeen Akhtar","Young G.O.A.T","141.0","","","","","","","","","","","","","","","","no_candidates","uncertain"
"v1","32","32:934:LRCLIB","LRCLIB","apple_music_catalog","1635014240","","Kesariya (From ""Brahmastra"")","Pritam, Arijit Singh & Amitabh Bhattacharya","Kesariya (From ""Brahmastra"") - Single","268.0","","7f46af5cffe2085e8e56","Kesariya (From ""Brahmastra"")","Pritam, Arijit Singh & Amitabh Bhattacharya","","172.0","","0","","","","","","","","below_threshold","uncertain"
"v1","32","32:934:LRCMux","LRCMux","apple_music_catalog","1635014240","","Kesariya (From ""Brahmastra"")","Pritam, Arijit Singh & Amitabh Bhattacharya","Kesariya (From ""Brahmastra"") - Single","268.0","","d538bc242741f6c06fc6","Kesariya (From ""Brahmastra"")","Pritam","","268.0","","0","","","","","","","","below_threshold","uncertain"
"v1","32","32:934:QQ","QQ","apple_music_catalog","1635014240","","Kesariya (From ""Brahmastra"")","Pritam, Arijit Singh & Amitabh Bhattacharya","Kesariya (From ""Brahmastra"") - Single","268.0","","","","","","","","","","","","","","","","no_candidates","uncertain"
"v1","32","32:935:Kugou","Kugou","apple_music_catalog","6781259904","","Bandhu 2.0 (From ""Cocktail 2"")","Pritam, Kavita Seth, Neeraj Shridhar & Irshad Kamil","Bandhu 2.0 (From ""Cocktail 2"") - Single","222.0","","","","","","","","","","","","","","","","no_candidates","uncertain"
"v1","32","32:935:LRCMux","LRCMux","apple_music_catalog","6781259904","","Bandhu 2.0 (From ""Cocktail 2"")","Pritam, Kavita Seth, Neeraj Shridhar & Irshad Kamil","Bandhu 2.0 (From ""Cocktail 2"") - Single","222.0","","e6c43abd0cadaa295c90","Bandhu 2.0 (From ""Cocktail 2"")","Pritam","","221.0","","0","","","","","","","","below_threshold","uncertain"
"v1","32","32:935:QQ","QQ","apple_music_catalog","6781259904","","Bandhu 2.0 (From ""Cocktail 2"")","Pritam, Kavita Seth, Neeraj Shridhar & Irshad Kamil","Bandhu 2.0 (From ""Cocktail 2"") - Single","222.0","","","","","","","","","","","","","","","","no_candidates","uncertain"
"v1","32","32:936:Kugou","Kugou","apple_music_catalog","1169015785","","Channa Mereya","Pritam & Arijit Singh","Ae Dil Hai Mushkil (Original Motion Picture Soundtrack)","289.0","ost","","","","","","","","","","","","","","","no_candidates","uncertain"
"v1","32","32:936:LRCMux","LRCMux","apple_music_catalog","1169015785","","Channa Mereya","Pritam & Arijit Singh","Ae Dil Hai Mushkil (Original Motion Picture Soundtrack)","289.0","ost","d62fdbfe78eec0873059","Channa Mereya (Instrumental)","Pritam","","289.0","","0","","","","","","","","below_threshold","uncertain"
"v1","32","32:936:NetEase","NetEase","apple_music_catalog","1169015785","","Channa Mereya","Pritam & Arijit Singh","Ae Dil Hai Mushkil (Original Motion Picture Soundtrack)","289.0","ost","ff207c811a98eefd60e6","Channa Mereya","Pritam / Arijit Singh","","289.39","","95","55a3337dffdbc5232463","Channa Mereya (From ""Ae Dil Hai Mushkil"")","Arijit Singh / Pritam","","289.39","","95","ambiguous_gap","uncertain"
"v1","32","32:936:QQ","QQ","apple_music_catalog","1169015785","","Channa Mereya","Pritam & Arijit Singh","Ae Dil Hai Mushkil (Original Motion Picture Soundtrack)","289.0","ost","","","","","","","","","","","","","","","no_candidates","uncertain"
"v1","32","32:937:Kugou","Kugou","apple_music_catalog","1648624705","","Dil Nu","AP Dhillon & Shinda Kahlon","Two Hearts Never Break the Same - EP","234.0","","","","","","","","","","","","","","","","no_candidates","uncertain"
"v1","32","32:937:LRCLIB","LRCLIB","apple_music_catalog","1648624705","","Dil Nu","AP Dhillon & Shinda Kahlon","Two Hearts Never Break the Same - EP","234.0","","99f41facf221f7450987","Dil Nu","Video • AP Dhillon • Shinda Kahlon","","234.0","","89","5a1b2503e218db1663fd","Dil Nu","Video, AP Dhillon, Shinda Kahlon","","233.0","","85","ambiguous_gap","uncertain"
"v1","32","32:937:QQ","QQ","apple_music_catalog","1648624705","","Dil Nu","AP Dhillon & Shinda Kahlon","Two Hearts Never Break the Same - EP","234.0","","","","","","","","","","","","","","","","no_candidates","uncertain"
"v1","32","32:938:Kugou","Kugou","apple_music_catalog","1714131801","","Kinni Kinni","Diljit Dosanjh","Ghost","213.0","","","","","","","","","","","","","","","","no_candidates","uncertain"
"v1","32","32:938:QQ","QQ","apple_music_catalog","1714131801","","Kinni Kinni","Diljit Dosanjh","Ghost","213.0","","","","","","","","","","","","","","","","no_candidates","uncertain"
"v1","32","32:939:Kugou","Kugou","apple_music_catalog","1123241921","","Kun Faya Kun","A.R. Rahman, Javed Ali & Mohit Chauhan","Rockstar (Original Motion Picture Soundtrack)","470.0","ost","","","","","","","","","","","","","","","no_candidates","uncertain"
"v1","32","32:939:LRCMux","LRCMux","apple_music_catalog","1123241921","","Kun Faya Kun","A.R. Rahman, Javed Ali & Mohit Chauhan","Rockstar (Original Motion Picture Soundtrack)","470.0","ost","cefcef74e6006a7309f8","Kun Faya Kun","A.R. Rahman","","470.0","","0","","","","","","","","below_threshold","uncertain"
"v1","32","32:939:NetEase","NetEase","apple_music_catalog","1123241921","","Kun Faya Kun","A.R. Rahman, Javed Ali & Mohit Chauhan","Rockstar (Original Motion Picture Soundtrack)","470.0","ost","fe3f07cb04aea4bea8c5","Kun Faya Kun","A.R. Rahman / Mohit Chauhan / Javed Ali","","470.5","","95","dbb2c82f724fee25a0c9","Kun Faya Kun (From ""Rockstar"")","A.R. Rahman / JAVED ALI / Mohit Chauhan","","470.5","","95","ambiguous_gap","uncertain"
"v1","32","32:939:QQ","QQ","apple_music_catalog","1123241921","","Kun Faya Kun","A.R. Rahman, Javed Ali & Mohit Chauhan","Rockstar (Original Motion Picture Soundtrack)","470.0","ost","","","","","","","","","","","","","","","no_candidates","uncertain"
"v1","32","32:940:Kugou","Kugou","apple_music_catalog","264849919","","Tere Bina","A.R. Rahman, Chinmayi Sripada, Murtuza Khan & Qadir Khan","Guru (Original Motion Picture Soundtrack)","310.0","ost","","","","","","","","","","","","","","","no_candidates","uncertain"
"v1","32","32:940:LRCMux","LRCMux","apple_music_catalog","264849919","","Tere Bina","A.R. Rahman, Chinmayi Sripada, Murtuza Khan & Qadir Khan","Guru (Original Motion Picture Soundtrack)","310.0","ost","4181515fbbdc0dd3c9f2","Tere Bina (From ""Guru"") ","A.R. Rahman","","309.0","","0","","","","","","","","below_threshold","uncertain"
"v1","32","32:940:NetEase","NetEase","apple_music_catalog","264849919","","Tere Bina","A.R. Rahman, Chinmayi Sripada, Murtuza Khan & Qadir Khan","Guru (Original Motion Picture Soundtrack)","310.0","ost","9a082542bbe04f649b2d","Tere Bina  (From ""Guru"")","Murtuza Khan / A.R. Rahman / Chinmayi / Qadir Khan","","309.707","","87","5818e9cef0ab9d988d63","Tere Bina ","A.R. Rahman / Chinmayi / Qadir Khan / Murtuza Khan","","309.707","","87","ambiguous_gap","uncertain"
"v1","32","32:940:QQ","QQ","apple_music_catalog","264849919","","Tere Bina","A.R. Rahman, Chinmayi Sripada, Murtuza Khan & Qadir Khan","Guru (Original Motion Picture Soundtrack)","310.0","ost","","","","","","","","","","","","","","","no_candidates","uncertain"
"v1","32","32:941:Kugou","Kugou","apple_music_catalog","1808015769","","Supreme","Shubh","Supreme - Single","178.0","","ca69c3ca663fa8642887","Supreme Shubh","LALLY MUZIC","","149.0","","0","","","","","","","","below_threshold","uncertain"
"v1","32","32:941:QQ","QQ","apple_music_catalog","1808015769","","Supreme","Shubh","Supreme - Single","178.0","","","","","","","","","","","","","","","","no_candidates","uncertain"
"v1","32","32:942:Kugou","Kugou","apple_music_catalog","1752427648","","Tainu Khabar Nahi","Sachin-Jigar, Arijit Singh & Amitabh Bhattacharya","Munjya (Original Motion Picture Soundtrack)","188.0","ost","","","","","","","","","","","","","","","no_candidates","uncertain"
"v1","32","32:942:LRCMux","LRCMux","apple_music_catalog","1752427648","","Tainu Khabar Nahi","Sachin-Jigar, Arijit Singh & Amitabh Bhattacharya","Munjya (Original Motion Picture Soundtrack)","188.0","ost","047e795bbb0ce21512fd","Tainu Khabar Nahi","Sachin-Jigar","","188.0","","0","","","","","","","","below_threshold","uncertain"
"v1","32","32:942:QQ","QQ","apple_music_catalog","1752427648","","Tainu Khabar Nahi","Sachin-Jigar, Arijit Singh & Amitabh Bhattacharya","Munjya (Original Motion Picture Soundtrack)","188.0","ost","","","","","","","","","","","","","","","no_candidates","uncertain"
"v1","32","32:943:Kugou","Kugou","apple_music_catalog","1758669726","","Jo Tum Mere Ho","Anuv Jain","Jo Tum Mere Ho - Single","252.0","","a9987b0d049b70b4ee5b","Jo Tum Mere Ho Anuv Jain (Slowed and Reverb)","Zephyr","","294.0","","0","20b618a3f96f7014a08f","jo tum mere ho anuv jain","edirisooriya","","156.0","","0","below_threshold","uncertain"
"v1","32","32:943:LRCLIB","LRCLIB","apple_music_catalog","1758669726","","Jo Tum Mere Ho","Anuv Jain","Jo Tum Mere Ho - Single","252.0","","91ba2f0a2e788543b023","Jo Tum Mere Ho","Anuv Jain","","20.0","","0","","","","","","","","below_threshold","uncertain"
"v1","32","32:943:QQ","QQ","apple_music_catalog","1758669726","","Jo Tum Mere Ho","Anuv Jain","Jo Tum Mere Ho - Single","252.0","","","","","","","","","","","","","","","","no_candidates","uncertain"
"v1","32","32:944:Kugou","Kugou","apple_music_catalog","1796165834","","Takde Gharde","Cheema Y & Gur Sidhu","Young G.O.A.T","135.0","","","","","","","","","","","","","","","","no_candidates","uncertain"
"v1","32","32:944:QQ","QQ","apple_music_catalog","1796165834","","Takde Gharde","Cheema Y & Gur Sidhu","Young G.O.A.T","135.0","","","","","","","","","","","","","","","","no_candidates","uncertain"
"v1","32","32:945:Kugou","Kugou","apple_music_catalog","1796165813","","Life for Hip-Hop","Cheema Y & Gur Sidhu","Young G.O.A.T","174.0","","","","","","","","","","","","","","","","no_candidates","uncertain"
"v1","32","32:945:QQ","QQ","apple_music_catalog","1796165813","","Life for Hip-Hop","Cheema Y & Gur Sidhu","Young G.O.A.T","174.0","","","","","","","","","","","","","","","","no_candidates","uncertain"
"v1","32","32:946:Kugou","Kugou","apple_music_catalog","1829591989","","HIM.","Karan Aujla & Ikky","P-POP CULTURE","192.0","","","","","","","","","","","","","","","","no_candidates","uncertain"
"v1","32","32:946:QQ","QQ","apple_music_catalog","1829591989","","HIM.","Karan Aujla & Ikky","P-POP CULTURE","192.0","","","","","","","","","","","","","","","","no_candidates","uncertain"
"v1","32","32:947:Kugou","Kugou","apple_music_catalog","1846537706","","Arasan Theme (From ""Arasan"")","Anirudh Ravichander","Arasan Theme (From ""Arasan"") - Single","95.0","","b3826c531701044b691c","Why This Kolaveri Di - 3","Anirudh Ravichander","","259.0","","0","588d7c5eb335f6d1c0c8","Why This Kolaveri Di?","Anirudh Ravichander","","259.0","","0","below_threshold","uncertain"
"v1","32","32:947:QQ","QQ","apple_music_catalog","1846537706","","Arasan Theme (From ""Arasan"")","Anirudh Ravichander","Arasan Theme (From ""Arasan"") - Single","95.0","","","","","","","","","","","","","","","","no_candidates","uncertain"
"v1","32","32:948:Kugou","Kugou","apple_music_catalog","1123241929","","Tum Ho","Mohit Chauhan & Suzanne D'Mello","Rockstar (Original Motion Picture Soundtrack)","316.0","ost","","","","","","","","","","","","","","","no_candidates","uncertain"
"v1","32","32:948:LRCLIB","LRCLIB","apple_music_catalog","1123241929","","Tum Ho","Mohit Chauhan & Suzanne D'Mello","Rockstar (Original Motion Picture Soundtrack)","316.0","ost","99c7cc371f4166aeabc7","Tum Ho Lofi Mix","Mohit Chauhan, Suzanne D'Mello, DJ Yogii","","190.0","","0","6fb3ee57ac608ddbb321","Tum Ho Lofi Mix(Remix By Dj Yogii)","Mohit Chauhan, Suzanne D'mello & A.R. Rahman","","190.0","remix","0","below_threshold","uncertain"
"v1","32","32:948:NetEase","NetEase","apple_music_catalog","1123241929","","Tum Ho","Mohit Chauhan & Suzanne D'Mello","Rockstar (Original Motion Picture Soundtrack)","316.0","ost","b834a02d8097b76fba81","Tum Ho","Mohit Chauhan / Suzanne D'Mello","","316.5","","95","84a371ce5a87b807c013","Tum Ho (From ""Rockstar"")","Mohit Chauhan / Suzanne D'mello","","316.5","","95","ambiguous_gap","uncertain"
"v1","32","32:948:QQ","QQ","apple_music_catalog","1123241929","","Tum Ho","Mohit Chauhan & Suzanne D'Mello","Rockstar (Original Motion Picture Soundtrack)","316.0","ost","","","","","","","","","","","","","","","no_candidates","uncertain"
"v1","32","32:949:QQ","QQ","apple_music_catalog","1892545227","","Bring Your Love","Madonna & Sabrina Carpenter","CONFESSIONS II","222.0","","","","","","","","","","","","","","","","no_candidates","uncertain"
"v1","32","32:950:LRCLIB","LRCLIB","apple_music_catalog","1892545226","","One Step Away","Madonna","CONFESSIONS II","263.0","","f22c363b4d10057d1b17","One Step Away","Madonna","","303.0","","0","","","","","","","","below_threshold","uncertain"
"v1","32","32:950:QQ","QQ","apple_music_catalog","1892545226","","One Step Away","Madonna","CONFESSIONS II","263.0","","","","","","","","","","","","","","","","no_candidates","uncertain"
"v1","32","32:951:Kugou","Kugou","apple_music_catalog","1892545101","","I Feel So Free","Madonna","CONFESSIONS II","299.0","","ed4d93780942d93f78a5","I Feel So Free","Madonna","","299.0","","95","726bb86bbac39bebc223","I Feel So Free","Madonna","","303.0","","91","ambiguous_gap","uncertain"
"v1","32","32:951:NetEase","NetEase","apple_music_catalog","1892545101","","I Feel So Free","Madonna","CONFESSIONS II","299.0","","1069aaa53ef10b80fca3","I Feel So Free","Madonna","","299.479","","95","9e6970e9bc3dd7d2bd03","I Feel So Free","Madonna","","303.528","","91","ambiguous_gap","uncertain"
"v1","32","32:951:QQ","QQ","apple_music_catalog","1892545101","","I Feel So Free","Madonna","CONFESSIONS II","299.0","","","","","","","","","","","","","","","","no_candidates","uncertain"
"v1","32","32:952:QQ","QQ","apple_music_catalog","1892545102","","Good For The Soul","Madonna","CONFESSIONS II","188.0","","","","","","","","","","","","","","","","no_candidates","uncertain"
"v1","32","32:953:QQ","QQ","apple_music_catalog","1892545232","","Read My Lips","Madonna & Feid","CONFESSIONS II","286.0","","","","","","","","","","","","","","","","no_candidates","uncertain"
"v1","32","32:954:Kugou","Kugou","apple_music_catalog","1892545243","","Bizarre","Madonna & Martin Garrix","CONFESSIONS II","245.0","","","","","","","","","","","","","","","","no_candidates","uncertain"
"v1","32","32:954:QQ","QQ","apple_music_catalog","1892545243","","Bizarre","Madonna & Martin Garrix","CONFESSIONS II","245.0","","","","","","","","","","","","","","","","no_candidates","uncertain"
"v1","32","32:955:Kugou","Kugou","apple_music_catalog","1892545237","","Love Sensation","Madonna","CONFESSIONS II","227.0","","f1ca5802c783e7d62a8c","Love Sensation","Madonna","","228.0","","95","fccf4682d7e4a452655e","Love Sensation","Madonna","","227.0","","95","ambiguous_gap","uncertain"
"v1","32","32:955:NetEase","NetEase","apple_music_catalog","1892545237","","Love Sensation","Madonna","CONFESSIONS II","227.0","","6ea1b8b5bacabea088af","Love Sensation","Madonna","","228.629","","95","a3555724d73ebc065333","Love Sensation","Madonna","","227.248","","95","ambiguous_gap","uncertain"
"v1","32","32:955:QQ","QQ","apple_music_catalog","1892545237","","Love Sensation","Madonna","CONFESSIONS II","227.0","","","","","","","","","","","","","","","","no_candidates","uncertain"
"v1","32","32:956:QQ","QQ","apple_music_catalog","1892545235","","Everything","Madonna","CONFESSIONS II","250.0","","","","","","","","","","","","","","","","no_candidates","uncertain"
"v1","32","32:957:Kugou","Kugou","apple_music_catalog","1884169311","","Peão Todo Tatuado","Jeninho & Mariana Fagundes","Abacaxi Pegou Preço (Ao Vivo em Goiânia) Ep. 01 - EP","134.0","","","","","","","","","","","","","","","","no_candidates","uncertain"
"v1","32","32:957:QQ","QQ","apple_music_catalog","1884169311","","Peão Todo Tatuado","Jeninho & Mariana Fagundes","Abacaxi Pegou Preço (Ao Vivo em Goiânia) Ep. 01 - EP","134.0","","","","","","","","","","","","","","","","no_candidates","uncertain"
"v1","32","32:958:Kugou","Kugou","apple_music_catalog","6766616374","","Cuida do Pet (feat. Mc Negão Original, DU'L & Dj Aladin GDB)","Oldilla, Mc Iguinho Ct, MC Willian & Aaron Modesto","Cuida do Pet (feat. Mc Negão Original, DU'L & Dj Aladin GDB) - Single","459.0","feat","2e868ea1f88542a0e956","CUIDA DO PET (Explicit)","Zero10","","98.0","","0","2a68fe6ee96f91dc96cc","Cuida do Pet (Explicit)","N4meX","","348.0","","0","below_threshold","uncertain"
"v1","32","32:958:LRCMux","LRCMux","apple_music_catalog","6766616374","","Cuida do Pet (feat. Mc Negão Original, DU'L & Dj Aladin GDB)","Oldilla, Mc Iguinho Ct, MC Willian & Aaron Modesto","Cuida do Pet (feat. Mc Negão Original, DU'L & Dj Aladin GDB) - Single","459.0","feat","90f380a720d66039920d","Cuida do Pet","Oldilla","","459.0","","0","","","","","","","","below_threshold","uncertain"
"v1","32","32:958:QQ","QQ","apple_music_catalog","6766616374","","Cuida do Pet (feat. Mc Negão Original, DU'L & Dj Aladin GDB)","Oldilla, Mc Iguinho Ct, MC Willian & Aaron Modesto","Cuida do Pet (feat. Mc Negão Original, DU'L & Dj Aladin GDB) - Single","459.0","feat","","","","","","","","","","","","","","","no_candidates","uncertain"
"v1","32","32:959:QQ","QQ","apple_music_catalog","1892545242","","Love Without Words","Madonna","CONFESSIONS II","261.0","","","","","","","","","","","","","","","","no_candidates","uncertain"
"v1","32","32:960:QQ","QQ","apple_music_catalog","1892545244","","School","Madonna","CONFESSIONS II","263.0","","","","","","","","","","","","","","","","no_candidates","uncertain"
"v1","32","32:961:Kugou","Kugou","apple_music_catalog","1889661531","","Cadeira Cativa (Ao Vivo)","Zé Neto & Cristiano","Vocês & Deus, Vol. 1 (Ao Vivo no Rio de Janeiro)","161.0","","","","","","","","","","","","","","","","no_candidates","uncertain"
"v1","32","32:961:LRCLIB","LRCLIB","apple_music_catalog","1889661531","","Cadeira Cativa (Ao Vivo)","Zé Neto & Cristiano","Vocês & Deus, Vol. 1 (Ao Vivo no Rio de Janeiro)","161.0","","934c3d2c3338dfdde2c5","Cadeira Cativa - Ao Vivo","Zé Neto & Cristiano","","142.0","","0","","","","","","","","below_threshold","uncertain"
"v1","32","32:961:QQ","QQ","apple_music_catalog","1889661531","","Cadeira Cativa (Ao Vivo)","Zé Neto & Cristiano","Vocês & Deus, Vol. 1 (Ao Vivo no Rio de Janeiro)","161.0","","","","","","","","","","","","","","","","no_candidates","uncertain"
"v1","32","32:962:Kugou","Kugou","apple_music_catalog","1809247776","","P do Pecado (Ao Vivo)","Grupo Menos É Mais & Simone Mendes","MOLHO (Ao Vivo) - EP","192.0","","","","","","","","","","","","","","","","no_candidates","uncertain"
"v1","32","32:962:QQ","QQ","apple_music_catalog","1809247776","","P do Pecado (Ao Vivo)","Grupo Menos É Mais & Simone Mendes","MOLHO (Ao Vivo) - EP","192.0","","","","","","","","","","","","","","","","no_candidates","uncertain"
"v1","32","32:963:LRCLIB","LRCLIB","apple_music_catalog","1892545251","","Fragile","Madonna","CONFESSIONS II","260.0","","1d9db72eea75a98e8ef5","Fragile","Madonna","","237.0","","0","","","","","","","","below_threshold","uncertain"
"v1","32","32:963:QQ","QQ","apple_music_catalog","1892545251","","Fragile","Madonna","CONFESSIONS II","260.0","","","","","","","","","","","","","","","","no_candidates","uncertain"
"v1","32","32:964:Kugou","Kugou","apple_music_catalog","1838576011","","Eu Te Seguro (Ao Vivo)","Panda & MJ Records","Eu Te Seguro (Ao Vivo) - Single","149.0","","","","","","","","","","","","","","","","no_candidates","uncertain"
"v1","32","32:964:QQ","QQ","apple_music_catalog","1838576011","","Eu Te Seguro (Ao Vivo)","Panda & MJ Records","Eu Te Seguro (Ao Vivo) - Single","149.0","","","","","","","","","","","","","","","","no_candidates","uncertain"
"v1","32","32:965:Kugou","Kugou","apple_music_catalog","971393837","","Nocaute","Jorge & Mateus","Os Anjos Cantam","167.0","","","","","","","","","","","","","","","","no_candidates","uncertain"
"v1","32","32:965:NetEase","NetEase","apple_music_catalog","971393837","","Nocaute","Jorge & Mateus","Os Anjos Cantam","167.0","","0c69b07223ab03027d59","Nocaute","Jorge & Mateus","","168.291","","95","e1649ac81d3463ea4a77","Nocaute","Jorge & Mateus","","167.24","","95","ambiguous_gap","uncertain"
"v1","32","32:965:QQ","QQ","apple_music_catalog","971393837","","Nocaute","Jorge & Mateus","Os Anjos Cantam","167.0","","","","","","","","","","","","","","","","no_candidates","uncertain"
"v1","32","32:966:Kugou","Kugou","apple_music_catalog","1449030010","","Whisky e Gelo (Acústico)","Zé Neto & Cristiano","Acústico de Novo - EP","153.0","","","","","","","","","","","","","","","","no_candidates","uncertain"
"v1","32","32:966:QQ","QQ","apple_music_catalog","1449030010","","Whisky e Gelo (Acústico)","Zé Neto & Cristiano","Acústico de Novo - EP","153.0","","","","","","","","","","","","","","","","no_candidates","uncertain"
"v1","32","32:967:Kugou","Kugou","apple_music_catalog","971393833","","Os Anjos Cantam","Jorge & Mateus","Os Anjos Cantam","198.0","","","","","","","","","","","","","","","","no_candidates","uncertain"
"v1","32","32:967:QQ","QQ","apple_music_catalog","971393833","","Os Anjos Cantam","Jorge & Mateus","Os Anjos Cantam","198.0","","","","","","","","","","","","","","","","no_candidates","uncertain"
"v1","32","32:968:Kugou","Kugou","apple_music_catalog","1893225300","","Mandinga","Anitta & Marina Sena","EQUILIBRIVM","186.0","","","","","","","","","","","","","","","","no_candidates","uncertain"
"v1","32","32:968:QQ","QQ","apple_music_catalog","1893225300","","Mandinga","Anitta & Marina Sena","EQUILIBRIVM","186.0","","","","","","","","","","","","","","","","no_candidates","uncertain"
"v1","32","32:969:Kugou","Kugou","apple_music_catalog","1893225298","","Desgraça","Anitta","EQUILIBRIVM","171.0","","","","","","","","","","","","","","","","no_candidates","uncertain"
"v1","32","32:969:QQ","QQ","apple_music_catalog","1893225298","","Desgraça","Anitta","EQUILIBRIVM","171.0","","","","","","","","","","","","","","","","no_candidates","uncertain"
"v1","32","32:970:Kugou","Kugou","apple_music_catalog","6782207878","","Pau Pra Toda Obra","Mc Jacaré, MC Ryan SP, Mc Lele JP & Mc IG","Pau Pra Toda Obra - Single","229.0","","","","","","","","","","","","","","","","no_candidates","uncertain"
"v1","32","32:970:LRCMux","LRCMux","apple_music_catalog","6782207878","","Pau Pra Toda Obra","Mc Jacaré, MC Ryan SP, Mc Lele JP & Mc IG","Pau Pra Toda Obra - Single","229.0","","ed079a0eff8302f0700d","Pau Pra Toda Obra","Mc Jacaré","","229.0","","0","","","","","","","","below_threshold","uncertain"
"v1","32","32:970:QQ","QQ","apple_music_catalog","6782207878","","Pau Pra Toda Obra","Mc Jacaré, MC Ryan SP, Mc Lele JP & Mc IG","Pau Pra Toda Obra - Single","229.0","","","","","","","","","","","","","","","","no_candidates","uncertain"
"v1","32","32:971:QQ","QQ","apple_music_catalog","1892545381","","My Sins Are My Savior (feat. Stromae)","Madonna","CONFESSIONS II","201.0","feat","","","","","","","","","","","","","","","no_candidates","uncertain"
"v1","32","32:972:Kugou","Kugou","apple_music_catalog","1891400226","","Choka Choka","Anitta & Shakira","Choka Choka - Single","132.0","","","","","","","","","","","","","","","","no_candidates","uncertain"
"v1","32","32:972:QQ","QQ","apple_music_catalog","1891400226","","Choka Choka","Anitta & Shakira","Choka Choka - Single","132.0","","","","","","","","","","","","","","","","no_candidates","uncertain"
"v1","32","32:973:Kugou","Kugou","apple_music_catalog","1860312608","","JETSKI","PEDRO SAMPAIO, MC Meno K & Melody","JETSKI - Single","149.0","","","","","","","","","","","","","","","","no_candidates","uncertain"
"v1","32","32:973:LRCMux","LRCMux","apple_music_catalog","1860312608","","JETSKI","PEDRO SAMPAIO, MC Meno K & Melody","JETSKI - Single","149.0","","dcdb35aeb5cc9e448f98","JETSKI","PEDRO SAMPAIO","","152.0","","0","","","","","","","","below_threshold","uncertain"
"v1","32","32:973:QQ","QQ","apple_music_catalog","1860312608","","JETSKI","PEDRO SAMPAIO, MC Meno K & Melody","JETSKI - Single","149.0","","","","","","","","","","","","","","","","no_candidates","uncertain"
"v1","32","32:974:Kugou","Kugou","apple_music_catalog","1880033670","","Posso Até Não Te Dar Flores (feat. DJ DAVI DOGDOG)","DJ Japa NK, MC Meno K, MC Ryan SP & Mc Jacaré","Posso Até Não Te Dar Flores (feat. DJ DAVI DOGDOG) - Single","162.0","feat","945c4b59557439091422","posso ate nao te dar flores (Remastered 2025|Explicit)","Dj junin pekar、Menor K","","162.0","remaster","0","b2332ea740de8fd50e25","posso ate nao te dar flores","Pisadinha do boyzinho","","133.0","","0","below_threshold","uncertain"
"v1","32","32:974:LRCMux","LRCMux","apple_music_catalog","1880033670","","Posso Até Não Te Dar Flores (feat. DJ DAVI DOGDOG)","DJ Japa NK, MC Meno K, MC Ryan SP & Mc Jacaré","Posso Até Não Te Dar Flores (feat. DJ DAVI DOGDOG) - Single","162.0","feat","5d96133d7280e911e502","Posso Até Não Te Dar Flores","DJ Japa NK","","162.0","","0","","","","","","","","below_threshold","uncertain"
"v1","32","32:974:NetEase","NetEase","apple_music_catalog","1880033670","","Posso Até Não Te Dar Flores (feat. DJ DAVI DOGDOG)","DJ Japa NK, MC Meno K, MC Ryan SP & Mc Jacaré","Posso Até Não Te Dar Flores (feat. DJ DAVI DOGDOG) - Single","162.0","feat","9b6a5bc74e43032287c3","Posso Até Não Te Dar Flores","DJ Japa NK / MC MENO K / MC Ryan SP / Mc Jacare / DJ DAVI DOGDOG","","162.461","","89","a84e0258a275673e3110","Posso Até Não Te Dar Flores","DJ Japa NK / MC MENO K / MC Ryan SP / Mc Jacare / DJ DAVI DOGDOG","","158.769","","85","ambiguous_gap","uncertain"
"v1","32","32:974:QQ","QQ","apple_music_catalog","1880033670","","Posso Até Não Te Dar Flores (feat. DJ DAVI DOGDOG)","DJ Japa NK, MC Meno K, MC Ryan SP & Mc Jacaré","Posso Até Não Te Dar Flores (feat. DJ DAVI DOGDOG) - Single","162.0","feat","","","","","","","","","","","","","","","no_candidates","uncertain"
"v1","32","32:975:Kugou","Kugou","apple_music_catalog","1377826892","","Sweet Child O' Mine","Guns N' Roses","Appetite for Destruction","356.0","","130a66d86b76cb9d1dfc","Sweet Child o' Mine","Guns N' Roses","","355.0","","95","e792b67abfb6db2d2ace","Sweet Child O' Mine","Guns N' Roses","","356.0","","95","ambiguous_gap","uncertain"
"v1","32","32:975:NetEase","NetEase","apple_music_catalog","1377826892","","Sweet Child O' Mine","Guns N' Roses","Appetite for Destruction","356.0","","cd7227ee8b85a4351748","Sweet Child O' Mine","Guns N' Roses","","355.266","","95","149ea92a674f5bc9cb56","Sweet Child O' Mine","Guns N' Roses","","356.067","","95","ambiguous_gap","uncertain"
"v1","32","32:975:QQ","QQ","apple_music_catalog","1377826892","","Sweet Child O' Mine","Guns N' Roses","Appetite for Destruction","356.0","","","","","","","","","","","","","","","","no_candidates","uncertain"
"v1","32","32:976:Kugou","Kugou","apple_music_catalog","1615585008","","As It Was","Harry Styles","Harry's House","167.0","","6df5690f01031e8369cf","As It Was Harry Styles","Arouna Diao","","171.0","","0","8a7bc75b8ed4cbde9a98","As It Was Harry Styles","Mathieu Sarro","","171.0","","0","below_threshold","uncertain"
"v1","32","32:976:QQ","QQ","apple_music_catalog","1615585008","","As It Was","Harry Styles","Harry's House","167.0","","","","","","","","","","","","","","","","no_candidates","uncertain"
"v1","32","32:977:Kugou","Kugou","apple_music_catalog","1832056420","","Pela Última Vez (Ao Vivo)","Grupo Menos É Mais & Nattan","MOLHO (Ao Vivo) - EP","162.0","","","","","","","","","","","","","","","","no_candidates","uncertain"
"v1","32","32:977:LRCLIB","LRCLIB","apple_music_catalog","1832056420","","Pela Última Vez (Ao Vivo)","Grupo Menos É Mais & Nattan","MOLHO (Ao Vivo) - EP","162.0","","2587e0acc462a455d1b4","Pela Última Vez (Ao Vivo)","Grupo Menos É Mais/NATTAN","","162.0","","95","55440ee3ced049da670c","Pela Última Vez (Ao Vivo)","Grupo Menos É Mais NATTAN","","162.377","","95","ambiguous_gap","uncertain"
"v1","32","32:977:QQ","QQ","apple_music_catalog","1832056420","","Pela Última Vez (Ao Vivo)","Grupo Menos É Mais & Nattan","MOLHO (Ao Vivo) - EP","162.0","","","","","","","","","","","","","","","","no_candidates","uncertain"
"v1","32","32:978:Kugou","Kugou","apple_music_catalog","6765791263","","AH, JESUS / CORAÇÃO IGUAL AO TEU","Julliany Souza","AH, JESUS / CORAÇÃO IGUAL AO TEU - EP","748.0","","","","","","","","","","","","","","","","no_candidates","uncertain"
"v1","32","32:978:QQ","QQ","apple_music_catalog","6765791263","","AH, JESUS / CORAÇÃO IGUAL AO TEU","Julliany Souza","AH, JESUS / CORAÇÃO IGUAL AO TEU - EP","748.0","","","","","","","","","","","","","","","","no_candidates","uncertain"
"v1","32","32:979:Kugou","Kugou","apple_music_catalog","1881788123","","Última Saudade (Ao Vivo)","Henrique & Juliano","Manifesto Musical 2 (Ao Vivo) [EP1] - EP","150.0","","c2e85eace96c820925c1","Ao Vivo","FView","","180.0","","0","84181f8f865183fe564a","Ultima Saudade","Jorge Dias","","186.0","","0","below_threshold","uncertain"
"v1","32","32:979:QQ","QQ","apple_music_catalog","1881788123","","Última Saudade (Ao Vivo)","Henrique & Juliano","Manifesto Musical 2 (Ao Vivo) [EP1] - EP","150.0","","","","","","","","","","","","","","","","no_candidates","uncertain"
"v1","32","32:980:Kugou","Kugou","apple_music_catalog","1874338569","","Reliquia do 2T (feat. Mc Dkziin & MC Fr da Norte)","DJ Gu, MC Vine7, MC Tuto & MC Joãozinho VT","Reliquia do 2T (feat. Mc Dkziin & MC Fr da Norte) - Single","306.0","feat","","","","","","","","","","","","","","","no_candidates","uncertain"
"v1","32","32:980:LRCMux","LRCMux","apple_music_catalog","1874338569","","Reliquia do 2T (feat. Mc Dkziin & MC Fr da Norte)","DJ Gu, MC Vine7, MC Tuto & MC Joãozinho VT","Reliquia do 2T (feat. Mc Dkziin & MC Fr da Norte) - Single","306.0","feat","75c149b9359cb4ef7797","Reliquia do 2T","DJ Gu","","306.0","","0","","","","","","","","below_threshold","uncertain"
"v1","32","32:980:NetEase","NetEase","apple_music_catalog","1874338569","","Reliquia do 2T (feat. Mc Dkziin & MC Fr da Norte)","DJ Gu, MC Vine7, MC Tuto & MC Joãozinho VT","Reliquia do 2T (feat. Mc Dkziin & MC Fr da Norte) - Single","306.0","feat","eca92a79f40a8ad59dfd","Relíquia do 2T (Remix)","Peterson Fersa / Mc Tuto / DJ Japa NK / Dj Gu / MC Joãozinho VT / Mc Vine7 / Mc Dkziin / MC Fr da Norte","","165.0","remix","0","","","","","","","","below_threshold","uncertain"
"v1","32","32:980:QQ","QQ","apple_music_catalog","1874338569","","Reliquia do 2T (feat. Mc Dkziin & MC Fr da Norte)","DJ Gu, MC Vine7, MC Tuto & MC Joãozinho VT","Reliquia do 2T (feat. Mc Dkziin & MC Fr da Norte) - Single","306.0","feat","","","","","","","","","","","","","","","no_candidates","uncertain"
"v1","32","32:981:Kugou","Kugou","apple_music_catalog","1876549886","","Famoso Ímã | O poderoso chatão","Mc Lele JP, Mc Poze do Rodo, MC Leozinho Zs & DJ Gordinho da VF","Famoso Ímã | O poderoso chatão - Single","218.0","","","","","","","","","","","","","","","","no_candidates","uncertain"
"v1","32","32:981:LRCMux","LRCMux","apple_music_catalog","1876549886","","Famoso Ímã | O poderoso chatão","Mc Lele JP, Mc Poze do Rodo, MC Leozinho Zs & DJ Gordinho da VF","Famoso Ímã | O poderoso chatão - Single","218.0","","37cc2b21183c637db717","Famoso Ímã | O poderoso chatão","Mc Lele JP","","217.0","","0","","","","","","","","below_threshold","uncertain"
"v1","32","32:981:QQ","QQ","apple_music_catalog","1876549886","","Famoso Ímã | O poderoso chatão","Mc Lele JP, Mc Poze do Rodo, MC Leozinho Zs & DJ Gordinho da VF","Famoso Ímã | O poderoso chatão - Single","218.0","","","","","","","","","","","","","","","","no_candidates","uncertain"
"v1","32","32:982:Kugou","Kugou","apple_music_catalog","1859743919","","Gauchinha (feat. MC LUUKY)","DJ Japa NK, MC Meno K, MC Ryan SP & Mc Brinquedo","Beat Que Te Deixa Alerta","273.0","feat","b9e5d041de6a91a888d2","Gauchinha (Remix|Explicit)","PETERSON FERSA、DJ Japa NK、MC MENO K、MC Ryan SP、MC Luuky、MC Brinquedo","","200.0","remix","0","5a3a7bf6c0a03fcfeeb6","Gauchinha 2 (Explicit)","DJ Japa NK、MC Ryan SP、MC Don Juan、MC MENO K、MC GH do 7、MC Luuky、Mc Lele JP","","399.0","","0","below_threshold","uncertain"
"v1","32","32:982:LRCMux","LRCMux","apple_music_catalog","1859743919","","Gauchinha (feat. MC LUUKY)","DJ Japa NK, MC Meno K, MC Ryan SP & Mc Brinquedo","Beat Que Te Deixa Alerta","273.0","feat","037d735b92ddfe8a8cce","Gauchinha","DJ Japa NK","","273.0","","0","","","","","","","","below_threshold","uncertain"
"v1","32","32:982:NetEase","NetEase","apple_music_catalog","1859743919","","Gauchinha (feat. MC LUUKY)","DJ Japa NK, MC Meno K, MC Ryan SP & Mc Brinquedo","Beat Que Te Deixa Alerta","273.0","feat","92bc713540da8f6e097f","Gauchinha (feat. DJ Askadan)","DJ Baruffi / DJ Askadan","","164.307","feat","0","","","","","","","","below_threshold","uncertain"
"v1","32","32:982:QQ","QQ","apple_music_catalog","1859743919","","Gauchinha (feat. MC LUUKY)","DJ Japa NK, MC Meno K, MC Ryan SP & Mc Brinquedo","Beat Que Te Deixa Alerta","273.0","feat","","","","","","","","","","","","","","","no_candidates","uncertain"
"v1","32","32:983:Kugou","Kugou","apple_music_catalog","1769640075","","Arruma Um Bão","Israel & Rodolffo","Termômetro","175.0","","","","","","","","","","","","","","","","no_candidates","uncertain"
"v1","32","32:983:QQ","QQ","apple_music_catalog","1769640075","","Arruma Um Bão","Israel & Rodolffo","Termômetro","175.0","","","","","","","","","","","","","","","","no_candidates","uncertain"
"v1","32","32:984:Kugou","Kugou","apple_music_catalog","1787023936","","DtMF","Bad Bunny","DeBÍ TiRAR MáS FOToS","237.0","","e01cf3f184d57480d22f","DtMF Bad Bunny","D'SH!T","","132.0","","0","82eb28185b46da570459","DtMF (Explicit)","Bad Bunny","","237.0","","0","below_threshold","uncertain"
"v1","32","32:984:LRCLIB","LRCLIB","apple_music_catalog","1787023936","","DtMF","Bad Bunny","DeBÍ TiRAR MáS FOToS","237.0","","9642a6336563ebdeb319","DtMF","Bad Bunny","","250.0","","0","","","","","","","","below_threshold","uncertain"
"v1","32","32:984:QQ","QQ","apple_music_catalog","1787023936","","DtMF","Bad Bunny","DeBÍ TiRAR MáS FOToS","237.0","","","","","","","","","","","","","","","","no_candidates","uncertain"
"v1","32","32:985:Kugou","Kugou","apple_music_catalog","1579983762","","Melhor Que Muita Gente (O Copo Não Mente)","Israel & Rodolffo","Aqui e Agora Deluxe","162.0","deluxe","","","","","","","","","","","","","","","no_candidates","uncertain"
"v1","32","32:985:NetEase","NetEase","apple_music_catalog","1579983762","","Melhor Que Muita Gente (O Copo Não Mente)","Israel & Rodolffo","Aqui e Agora Deluxe","162.0","deluxe","0193a4160578fd83bc6c","Melhor que muita gente","GilsinhoGuedes","","251.599","","0","ef9774b8724e6c99b393","Melhor Que Muita Gente (Ao Vivo)","Israel & Rodolffo","","161.519","","0","below_threshold","uncertain"
"v1","32","32:985:QQ","QQ","apple_music_catalog","1579983762","","Melhor Que Muita Gente (O Copo Não Mente)","Israel & Rodolffo","Aqui e Agora Deluxe","162.0","deluxe","","","","","","","","","","","","","","","no_candidates","uncertain"
"v1","32","32:986:QQ","QQ","apple_music_catalog","1793869710","","Abracadabra","Lady Gaga","Abracadabra - Single","223.0","","","","","","","","","","","","","","","","no_candidates","uncertain"
"v1","32","32:987:Kugou","Kugou","apple_music_catalog","1852125137","","Tubarões (Ao Vivo)","Diego & Victor Hugo","Ao Vivo Em Uberlândia","163.0","","4d7b777724ceb10ef317","Película de Vidro","Diego & Victor Hugo、Grupo Menos É Mais","","146.0","","0","0f6285a6a63396132f3d","Tubarões","Diego & Victor Hugo","","162.0","","0","below_threshold","uncertain"
"v1","32","32:987:QQ","QQ","apple_music_catalog","1852125137","","Tubarões (Ao Vivo)","Diego & Victor Hugo","Ao Vivo Em Uberlândia","163.0","","","","","","","","","","","","","","","","no_candidates","uncertain"
"v1","32","32:988:QQ","QQ","apple_music_catalog","1892545382","","Betrayal","Madonna","CONFESSIONS II","249.0","","","","","","","","","","","","","","","","no_candidates","uncertain"
"v1","32","32:989:Kugou","Kugou","apple_music_catalog","1893225437","","Meia Noite","Anitta & Los Brasileros","EQUILIBRIVM","147.0","","","","","","","","","","","","","","","","no_candidates","uncertain"
"v1","32","32:989:QQ","QQ","apple_music_catalog","1893225437","","Meia Noite","Anitta & Los Brasileros","EQUILIBRIVM","147.0","","","","","","","","","","","","","","","","no_candidates","uncertain"
"v1","32","32:990:Kugou","Kugou","apple_music_catalog","1763712155","","Coração Partido (Corazón Partío) [Ao Vivo]","Grupo Menos É Mais","Coração Partido (Corazón Partío) [Ao Vivo] - Single","196.0","","c03e1a34e4a4c5aabd28","CORAZON PARTIO","DJ ARCANGEL","","256.0","","0","d8c7d6e57aa0e0f0ec55","Coracao Partido (Radio Edit)","DJ Lara (IL)","","214.0","","0","below_threshold","uncertain"
"v1","32","32:990:QQ","QQ","apple_music_catalog","1763712155","","Coração Partido (Corazón Partío) [Ao Vivo]","Grupo Menos É Mais","Coração Partido (Corazón Partío) [Ao Vivo] - Single","196.0","","","","","","","","","","","","","","","","no_candidates","uncertain"
"v1","32","32:991:Kugou","Kugou","apple_music_catalog","1893225301","","Caminhador","Anitta & Liniker","EQUILIBRIVM","183.0","","","","","","","","","","","","","","","","no_candidates","uncertain"
"v1","32","32:991:QQ","QQ","apple_music_catalog","1893225301","","Caminhador","Anitta & Liniker","EQUILIBRIVM","183.0","","","","","","","","","","","","","","","","no_candidates","uncertain"
"v1","32","32:992:Kugou","Kugou","apple_music_catalog","590431785","","In the End","LINKIN PARK","Hybrid Theory (Deluxe Edition)","216.0","deluxe","70c9424f259221e9a11e","In The End","Linkin Park","","216.0","","95","88744960de6cdecb45c8","In The End","Linkin Park","","217.0","","95","ambiguous_gap","uncertain"
"v1","32","32:992:NetEase","NetEase","apple_music_catalog","590431785","","In the End","LINKIN PARK","Hybrid Theory (Deluxe Edition)","216.0","deluxe","ff3429c80ddb6da206cc","In the End","Linkin Park","","216.88","","95","d722998cbe8effd9cbfb","In the End","Linkin Park","","216.293","","95","ambiguous_gap","uncertain"
"v1","32","32:992:QQ","QQ","apple_music_catalog","590431785","","In the End","LINKIN PARK","Hybrid Theory (Deluxe Edition)","216.0","deluxe","","","","","","","","","","","","","","","no_candidates","uncertain"
"v1","32","32:993:Kugou","Kugou","apple_music_catalog","1658237095","","Leão","Marília Mendonça","Decretos Reais, Vol. 2 - EP","167.0","","","","","","","","","","","","","","","","no_candidates","uncertain"
"v1","32","32:993:QQ","QQ","apple_music_catalog","1658237095","","Leão","Marília Mendonça","Decretos Reais, Vol. 2 - EP","167.0","","","","","","","","","","","","","","","","no_candidates","uncertain"
"v1","32","32:994:Kugou","Kugou","apple_music_catalog","1545270161","","Dangerous Woman","Ariana Grande","Dangerous Woman (Video Album)","236.0","","f190140b57c79309dced","Dangerous Woman","Ariana Grande","","235.0","","95","fb17b1c450ff18a157ff","Dangerous Woman","Ariana Grande","","234.0","","95","ambiguous_gap","uncertain"
"v1","32","32:994:QQ","QQ","apple_music_catalog","1545270161","","Dangerous Woman","Ariana Grande","Dangerous Woman (Video Album)","236.0","","","","","","","","","","","","","","","","no_candidates","uncertain"
"v1","32","32:995:Kugou","Kugou","apple_music_catalog","1891173683","","Se Saudade Sentir (Se Prepara 3)","MC Livinho, Mc Pedrinho, Perera DJ & DJ JB Mix","Se Saudade Sentir (Se Prepara 3) - Single","198.0","","","","","","","","","","","","","","","","no_candidates","uncertain"
"v1","32","32:995:LRCMux","LRCMux","apple_music_catalog","1891173683","","Se Saudade Sentir (Se Prepara 3)","MC Livinho, Mc Pedrinho, Perera DJ & DJ JB Mix","Se Saudade Sentir (Se Prepara 3) - Single","198.0","","2cbd27ade84bff03f5ae","Se Saudade Sentir (Se Prepara 3)","MC Livinho","","197.0","","0","","","","","","","","below_threshold","uncertain"
"v1","32","32:995:QQ","QQ","apple_music_catalog","1891173683","","Se Saudade Sentir (Se Prepara 3)","MC Livinho, Mc Pedrinho, Perera DJ & DJ JB Mix","Se Saudade Sentir (Se Prepara 3) - Single","198.0","","","","","","","","","","","","","","","","no_candidates","uncertain"
"v1","32","32:996:Kugou","Kugou","apple_music_catalog","713514810","","Tempo Perdido","Legião Urbana","Dois","302.0","","","","","","","","","","","","","","","","no_candidates","uncertain"
"v1","32","32:996:QQ","QQ","apple_music_catalog","713514810","","Tempo Perdido","Legião Urbana","Dois","302.0","","","","","","","","","","","","","","","","no_candidates","uncertain"
"v1","32","32:997:QQ","QQ","apple_music_catalog","1572917957","","Expectativa x Realidade","Matheus & Kauan","Expectativa x Realidade - EP","163.0","","","","","","","","","","","","","","","","no_candidates","uncertain"
"v1","32","32:998:Kugou","Kugou","apple_music_catalog","1877107828","","Carnívoro","Mc Jacaré, Mc Lele JP, Mc Negão Original & DJ Japa NK","Carnívoro - Single","216.0","","","","","","","","","","","","","","","","no_candidates","uncertain"
"v1","32","32:998:LRCMux","LRCMux","apple_music_catalog","1877107828","","Carnívoro","Mc Jacaré, Mc Lele JP, Mc Negão Original & DJ Japa NK","Carnívoro - Single","216.0","","97f46529d31703d5ec48","Carnívoro","Mc Jacaré","","216.0","","0","","","","","","","","below_threshold","uncertain"
"v1","32","32:998:QQ","QQ","apple_music_catalog","1877107828","","Carnívoro","Mc Jacaré, Mc Lele JP, Mc Negão Original & DJ Japa NK","Carnívoro - Single","216.0","","","","","","","","","","","","","","","","no_candidates","uncertain"
"v1","32","32:999:Kugou","Kugou","apple_music_catalog","1850824922","","Pra Não Esquecer De Mim","Aaron Modesto, MC Magal, MC Meno K & DJ Glenner","Pra Não Esquecer De Mim - Single","193.0","","","","","","","","","","","","","","","","no_candidates","uncertain"
"v1","32","32:999:LRCMux","LRCMux","apple_music_catalog","1850824922","","Pra Não Esquecer De Mim","Aaron Modesto, MC Magal, MC Meno K & DJ Glenner","Pra Não Esquecer De Mim - Single","193.0","","7affa72728ccd29f9531","Pra Não Esquecer De Mim","Aaron Modesto","","192.0","","0","","","","","","","","below_threshold","uncertain"
"v1","32","32:999:QQ","QQ","apple_music_catalog","1850824922","","Pra Não Esquecer De Mim","Aaron Modesto, MC Magal, MC Meno K & DJ Glenner","Pra Não Esquecer De Mim - Single","193.0","","","","","","","","","","","","","","","","no_candidates","uncertain"
"v1","32","32:1000:Kugou","Kugou","apple_music_catalog","1588326074","","Esqueça-Me Se For Capaz","Marília Mendonça & Maiara & Maraisa","Festa das Patroas 35%","169.0","","","","","","","","","","","","","","","","no_candidates","uncertain"
"v1","32","32:1000:LRCLIB","LRCLIB","apple_music_catalog","1588326074","","Esqueça-Me Se For Capaz","Marília Mendonça & Maiara & Maraisa","Festa das Patroas 35%","169.0","","be453fe4d6a64702f0e8","Esqueça-Me Se For Capaz","Marília Mendonça, Maiara & Maraisa","","286.0","","0","","","","","","","","below_threshold","uncertain"
"v1","32","32:1000:LRCMux","LRCMux","apple_music_catalog","1588326074","","Esqueça-Me Se For Capaz","Marília Mendonça & Maiara & Maraisa","Festa das Patroas 35%","169.0","","c9ed10d054af1ae2c8b6","Esqueça-Me Se For Capaz","Marília Mendonça","","169.0","","0","","","","","","","","below_threshold","uncertain"
"v1","32","32:1000:NetEase","NetEase","apple_music_catalog","1588326074","","Esqueça-Me Se For Capaz","Marília Mendonça & Maiara & Maraisa","Festa das Patroas 35%","169.0","","b409bc78909667034e1b","Esqueça-Me Se For Capaz","Bruhh Sua Bonequinha","","170.655","","0","fafe67811a41f1f06820","Esqueça-Me Se For Capaz","Henrique Brabo","","157.025","","0","below_threshold","uncertain"
"v1","32","32:1000:QQ","QQ","apple_music_catalog","1588326074","","Esqueça-Me Se For Capaz","Marília Mendonça & Maiara & Maraisa","Festa das Patroas 35%","169.0","","","","","","","","","","","","","","","","no_candidates","uncertain"
